OMAZ,DMAZ,distance_noncommute,logsum_noncommute,path_size_sum_noncommute,iterations_noncommute,time_noncommute
1.0,1.0,0.060043913087261,-0.0600439129623698,0.0,0.0,0.0001949477697638
1.0,2.0,0.4083436144128932,-2.9662269265984027,1.5082010319924133,5.0,0.001325790955886
1.0,3.0,0.1910109749576618,-1.593101767638747,1.0000000000000002,5.0,0.0006201655031092
1.0,4.0,0.4021269852919019,-2.9666474593149976,1.516143468284616,5.0,0.0013056070951035
1.0,5.0,0.320935997062921,-2.953966367445981,1.0000000000000002,5.0,0.001041999990464
1.0,6.0,0.480831201210148,-3.557437772075517,1.0,5.0,0.0015611402636693
1.0,7.0,0.183190854271051,-1.0951063019593332,1.0,5.0,0.00059477550088
1.0,8.0,0.2072680315651002,-1.327787261051257,1.0,5.0,0.0006729481544321
1.0,9.0,0.1833094570804365,-1.0951063019593332,1.0,5.0,0.0005951605749364
1.0,10.0,0.1986339695073402,-1.327787261051257,1.0,5.0,0.0006449154854134
1.0,11.0,0.4297194296415433,-2.7353451158238684,1.0000000000000002,5.0,0.0013951929533816
1.0,12.0,0.1200878261745221,-0.987995434775738,1.0,5.0,0.0003898955395276
1.0,13.0,0.1359719515336202,-0.9857321378079044,1.0,5.0,0.0004414673751091
1.0,14.0,0.3089301365787565,-2.1656022017564798,1.0000000000000002,5.0,0.001003019923957
1.0,15.0,0.3278041578430195,-2.4418749419033228,1.6382694958466584,5.0,0.001064299213776
1.0,16.0,0.3049810821167163,-2.1656022017564798,1.0000000000000002,5.0,0.0009901983185607
1.0,17.0,0.4303731621503319,-2.7353451158238684,1.0,5.0,0.001397315461527
1.0,18.0,0.1206526904507174,-0.9879954347757384,1.0000000000000002,5.0,0.0003917295144503
1.0,19.0,0.2267604215225349,-2.6542434644526054,1.0,5.0,0.0007362351348134
1.0,20.0,0.1728641030202416,-2.6798446596748207,1.0000000000000002,5.0,0.000561247087728
1.0,21.0,0.5403897747865339,-3.972957910025629,1.79626245201763,5.0,0.0017545122558004
1.0,22.0,0.460850011896493,-2.5469002541405183,1.658011809599312,5.0,0.0014962662723912
1.0,23.0,0.5614604963620456,-2.77844111798418,2.258451904108395,5.0,0.0018229236894871
1.0,24.0,0.5957542133735307,-2.8860709337974018,2.2810795384008715,5.0,0.0019342669265374
1.0,25.0,0.509109928860161,-2.629517665633456,1.7988118682390395,5.0,0.001652954314481
1.0,26.0,0.567055340205229,-2.604846113459743,2.0603114576565376,5.0,0.0018410887669
1.0,27.0,0.2739330841988474,-2.7208085481284714,1.0000000000000002,5.0,0.0008893931305157
1.0,28.0,0.3274248594391674,-2.0658048379652887,1.0,5.0,0.0010630677254518
1.0,29.0,0.3779061248580622,-2.5455820554447515,1.547851399109495,5.0,0.0012269679378508
1.0,30.0,0.4293264226319608,-2.3697372377319086,1.7223786169022268,5.0,0.0013939169565972
1.0,31.0,0.4299924219488952,-2.9688240671903348,1.471385809463928,5.0,0.0013960792920418
1.0,32.0,0.4224375168779631,-2.392381379818807,1.7181689865125578,5.0,0.0013715503794739
1.0,33.0,0.4249844354665626,-2.968745806882748,1.4769342540891943,5.0,0.0013798195956706
1.0,34.0,0.4766875213346132,-2.383660705329474,1.6363472470756817,5.0,0.0015476867575799
1.0,35.0,0.4345520234303677,-3.109118933855922,1.0000000000000002,5.0,0.0014108831929557
1.0,36.0,0.4780121202535717,-3.010506955551917,1.4240793147978823,5.0,0.0015519874034206
1.0,37.0,0.4779708204789789,-3.139720967718214,1.0,5.0,0.0015518533132434
1.0,38.0,0.6131390212867086,-2.7372821748935303,1.9805349621112096,5.0,0.0019907111080737
1.0,39.0,0.5178849897836689,-2.629430073021319,1.7852303899392852,5.0,0.0016814447720248
1.0,40.0,0.5621959992938532,-2.782209426611252,2.256804326181745,5.0,0.001825311686019
1.0,41.0,0.33344167043315,-2.615156328719527,1.0000000000000002,5.0,0.0010826028260816
1.0,42.0,0.2679155138596723,-2.7119218070081272,1.0000000000000004,5.0,0.0008698555644794
1.0,43.0,0.3169201839957745,-2.454560377501177,1.0,5.0,0.0010289616363499
1.0,44.0,0.2682213583039713,-2.7119218070081272,1.0,5.0,0.0008708485659219
1.0,45.0,0.4671533546876065,-2.3490079113227096,1.4334744099468453,5.0,0.0015167316710636
1.0,46.0,0.3200978411943574,-2.822142074145456,1.0000000000000002,5.0,0.0010392787051764
1.0,47.0,0.4233600805067434,-3.107765115661456,1.0000000000000002,5.0,0.0013745457159309
1.0,48.0,0.3697155054531246,-2.958428641686738,1.0000000000000002,5.0,0.0012003750177049
1.0,49.0,0.5500145847276017,-2.697693685963403,1.8379543390190447,5.0,0.0017857616387259
1.0,50.0,0.461902510292218,-3.1313409356356985,1.0,5.0,0.0014996834749747
2.0,1.0,0.1189697109471342,-0.4617009767754621,1.0,5.0,0.0003862652952829
2.0,2.0,0.0594848554735671,-0.0594848553498387,0.0,0.0,0.0001931326476414
2.0,3.0,0.2569971602223363,-1.661758896469783,1.0,5.0,0.0008344063643582
2.0,4.0,0.2569714300081765,-2.549227371488194,0.9999999999999998,5.0,0.0008343228247018
2.0,5.0,0.1846009294078901,-2.540234460909778,1.0,5.0,0.0005993536669087
2.0,6.0,0.3410694678759345,-3.733880469221508,1.6116662031813551,5.0,0.0011073684021945
2.0,7.0,0.2491770395357255,-1.2753732943255802,1.0,5.0,0.0008090163621289
2.0,8.0,0.2732542168297748,-1.484985851458194,1.0,5.0,0.000887189015681
2.0,9.0,0.2492956423451109,-1.2753732943255802,1.0,5.0,0.0008094014361854
2.0,10.0,0.2646201547720146,-1.484985851458194,1.0,5.0,0.0008591563466623
2.0,11.0,0.4996314410797738,-3.0328991103985308,1.7895575389682012,5.0,0.0016221800035057
2.0,12.0,0.1860740114391966,-1.0566800132666596,1.0,5.0,0.0006041364007766
2.0,13.0,0.2019581367982947,-1.1330394021309165,1.0,5.0,0.000655708236358
2.0,14.0,0.372397657313778,-2.4393029496653837,1.5505069090451924,5.0,0.0012090833029668
2.0,15.0,0.3923311127024977,-2.609198894740248,2.0458708070518843,5.0,0.0012738023139691
2.0,16.0,0.3684513465970407,-2.4391263077545147,1.5564039660451108,5.0,0.0011962706058345
2.0,17.0,0.5002845722712703,-3.0328722974448303,1.7885303864133146,5.0,0.0016243005593223
2.0,18.0,0.1866388757153919,-1.0566800132666596,1.0,5.0,0.0006059703756993
2.0,19.0,0.2927466067872094,-2.497753209282844,1.0,5.0,0.0009504759960623
2.0,20.0,0.2388502882849161,-2.322360817683581,1.0,5.0,0.000775487948977
2.0,21.0,0.6032166817529366,-3.992783555228706,1.7119065427759117,5.0,0.001958495719977
2.0,22.0,0.5246866660268062,-2.7807485906688214,1.9666744077523264,5.0,0.0017035281364506
2.0,23.0,0.6253426050203454,-3.0107727373595567,2.4542720630153134,5.0,0.0020303331331829
2.0,24.0,0.6596580529126209,-3.1165785993148982,2.465000319151681,5.0,0.0021417469250409
2.0,25.0,0.571345616558426,-2.8709749912746703,2.0695798956726685,5.0,0.0018550182355793
2.0,26.0,0.6312149567664306,-2.838133126664929,2.274232700541749,5.0,0.0020493992102806
2.0,27.0,0.3399192694635219,-2.6465998703581386,1.0,5.0,0.0011036339917646
2.0,28.0,0.3908564544975924,-2.3647813689727366,1.524474021630851,5.0,0.0012690144626545
2.0,29.0,0.4418976532536477,-2.603434495656929,1.4638265931778087,5.0,0.0014347326404339
2.0,30.0,0.4934014274670804,-2.597530615208625,2.03881026990919,5.0,0.0016019526865814
2.0,31.0,0.4942339264569534,-3.2936661825777334,2.2367386517913,5.0,0.0016046556053797
2.0,32.0,0.4864105421968996,-2.621670647904357,2.042764010850864,5.0,0.0015792550071327
2.0,33.0,0.4892226274188042,-3.293932290637666,2.2494310734542617,5.0,0.0015883851539571
2.0,34.0,0.5407388768995481,-2.6312752619762687,1.9377008927070705,5.0,0.0017556457042193
2.0,35.0,0.5005382086950423,-3.166264212647562,1.0,5.0,0.0016251240542046
2.0,36.0,0.5422231481725736,-3.3385984663752613,2.126964097504779,5.0,0.001760464766794
2.0,37.0,0.5439570057436532,-3.2173747215441875,1.0000000000000002,5.0,0.0017660941744923
2.0,38.0,0.6772883931341039,-2.9661847825258425,2.1875584755701407,5.0,0.0021989882893964
2.0,39.0,0.5801281727518338,-2.8709945637829297,2.053348182627221,5.0,0.001883533028415
2.0,40.0,0.6260786963356743,-3.014392471346525,2.452564728710003,5.0,0.0020327230400508
2.0,41.0,0.3994278556978244,-2.6531006902869043,1.0,5.0,0.0012968436873305
2.0,42.0,0.3339016991243468,-2.630912517242237,1.0000000000000002,5.0,0.0010840964257283
2.0,43.0,0.382906369260449,-2.5013072245530434,1.0,5.0,0.0012432024975988
2.0,44.0,0.3342075435686458,-2.630912517242237,1.0,5.0,0.0010850894271709
2.0,45.0,0.533137506959689,-2.522611532032895,1.3798713405138423,5.0,0.0017309659316873
2.0,46.0,0.3860840264590319,-2.799923469230549,1.0,5.0,0.0012535195664254
2.0,47.0,0.4893462657714179,-3.149299699756632,1.0000000000000004,5.0,0.0015887865771799
2.0,48.0,0.4357016907177991,-2.974469686018552,1.0000000000000002,5.0,0.0014146158789538
2.0,49.0,0.6151793891558844,-2.8589658464525245,1.7444711463034568,5.0,0.0019973356790775
2.0,50.0,0.5278886955568926,-3.2040494024141517,0.9999999999999998,5.0,0.0017139243362236
3.0,1.0,0.1078092181483502,-1.2099463879663883,1.0,5.0,0.000350029929053
3.0,2.0,0.2520003589259981,-2.864785738730808,0.9999999999999996,5.0,0.0008181829835259
3.0,3.0,0.0539046090741751,-0.0539046089620536,0.0,0.0,0.0001750149645265
3.0,4.0,0.2458109372093927,-2.864785738730808,0.9999999999999996,5.0,0.000798087458472
3.0,5.0,0.1734404366091062,-3.0960394746409454,1.0,5.0,0.0005631183006789
3.0,6.0,0.3299345793021921,-3.995495223289728,1.6326176972257955,5.0,0.0010712161665655
3.0,7.0,0.2380165467369415,-1.5586808099944898,1.0,5.0,0.0007727809958991
3.0,8.0,0.2620937240309908,-1.7340460351210225,1.0,5.0,0.0008509536494512
3.0,9.0,0.2381351495463269,-1.5586808099944898,1.0,5.0,0.0007731660699556
3.0,10.0,0.2534596619732307,-1.7340460351210225,1.0,5.0,0.0008229209804325
3.0,11.0,0.4884658151212578,-3.157824745959151,1.8075152765634344,5.0,0.0015859279711729
3.0,12.0,0.1749135186404126,-1.491029853939649,1.0,5.0,0.0005679010345467
3.0,13.0,0.1907976439995108,-1.4854990627325952,1.0,5.0,0.0006194728701282
3.0,14.0,0.3609486683845953,-2.641223317830516,1.5688903335432365,5.0,0.0011719112609889
3.0,15.0,0.388548201527824,-2.7375822192394264,1.5285153131202072,5.0,0.0012615201348305
3.0,16.0,0.3570085858849275,-2.6406307151808197,1.5751543336862022,5.0,0.0011591187853406
3.0,17.0,0.4891189327560821,-3.1577969189167825,1.8064408962007652,5.0,0.0015880484829742
3.0,18.0,0.1754783829166079,-1.491029853939649,1.0,5.0,0.0005697350094695
3.0,19.0,0.2815861139884255,-2.7704594972871144,0.9999999999999996,5.0,0.0009142406298325
3.0,20.0,0.2276897954861322,-2.6918996824908508,1.0,5.0,0.0007392525827471
3.0,21.0,0.5928612005367002,-4.102714508336767,1.7248913177281222,5.0,0.0019248740277165
3.0,22.0,0.5135399693001826,-2.8907498215252416,1.9876627913484808,5.0,0.0016673375626629
3.0,23.0,0.6135684172488469,-3.1388971522040605,2.484898744198097,5.0,0.0019921052508079
3.0,24.0,0.6478484548843161,-3.233242121638761,2.4941192891429957,5.0,0.0021034040742997
3.0,25.0,0.5565344066010206,-2.992609804263489,2.104203659516463,5.0,0.0018069298915617
3.0,26.0,0.6194708574228688,-2.9368295400347133,2.302006757516304,5.0,0.0020112690176067
3.0,27.0,0.3287587766647381,-2.87054048327843,0.9999999999999996,5.0,0.0010673986255348
3.0,28.0,0.3793769358848101,-2.555174968711923,1.5412817338877614,5.0,0.0012317432983273
3.0,29.0,0.4303422288036923,-2.769518914901676,1.4772415865913868,5.0,0.0013972150285834
3.0,30.0,0.4824915454192275,-2.711469862302914,2.061801798264651,5.0,0.0015665309916208
3.0,31.0,0.4825262981639455,-3.452292428445733,2.2681503673094263,5.0,0.0015666438252076
3.0,32.0,0.4752657608480715,-2.745106241186976,2.067228408491517,5.0,0.0015430706521041
3.0,33.0,0.4775235111198659,-3.452094052305855,2.2814484763708918,5.0,0.0015504010101294
3.0,34.0,0.5294589916372844,-2.735730408418016,1.9579651166791616,5.0,0.001719022700121
3.0,35.0,0.4893777158962583,-3.2937008584321044,1.0,5.0,0.0015888886879748
3.0,36.0,0.5304236169697776,-3.481732710084334,2.1533823044922986,5.0,0.0017221546005512
3.0,37.0,0.5327965129448693,-3.3317634461108963,1.0,5.0,0.0017298588082625
3.0,38.0,0.6654964848619574,-3.056625688437463,2.2117660929191603,5.0,0.0021607028729284
3.0,39.0,0.5653382191384285,-2.99246499008576,2.086935442928512,5.0,0.0018355136985013
3.0,40.0,0.6143035171483097,-3.142134120256181,2.483121011826338,5.0,0.0019944919387932
3.0,41.0,0.3882673628990406,-2.8237979515192446,1.0,5.0,0.0012606083211007
3.0,42.0,0.3227412063255629,-2.8591809681742357,1.0,5.0,0.0010478610594985
3.0,43.0,0.3717458764616651,-2.6799940255976704,0.9999999999999998,5.0,0.001206967131369
3.0,44.0,0.3230470507698619,-2.8591809681742357,0.9999999999999998,5.0,0.0010488540609411
3.0,45.0,0.5219778770764958,-2.625720299850659,1.387986037868358,5.0,0.0016947333671314
3.0,46.0,0.374923533660248,-2.988388517253015,1.0,5.0,0.0012172842001956
3.0,47.0,0.478185772972634,-3.285299226464588,1.0,5.0,0.0015525512109501
3.0,48.0,0.4245411979190152,-3.1331442214336027,1.0,5.0,0.001378380512724
3.0,49.0,0.6043768087970726,-2.944543732737906,1.7587810807704365,5.0,0.0019622623662242
3.0,50.0,0.5167282027581086,-3.321658288660627,0.9999999999999998,5.0,0.0016776889699938
4.0,1.0,0.1127802892305287,-0.4320430316482695,1.0,5.0,0.0003661697702289
4.0,2.0,0.2569714300081766,-2.562077714277759,0.9999999999999998,5.0,0.0008343228247018
4.0,3.0,0.2508077385057308,-1.650641459974753,0.9999999999999998,5.0,0.0008143108393043
4.0,4.0,0.0563901446152643,-0.056390144497973,0.0,0.0,0.0001830848851144
4.0,5.0,0.1784115076912847,-2.58872200348525,1.0,5.0,0.0005792581418548
4.0,6.0,0.3348895649472054,-3.75718045330528,1.623110924002284,5.0,0.0010873037822961
4.0,7.0,0.24298761781912,-1.256186169420516,1.0,5.0,0.000788920837075
4.0,8.0,0.2670647951131692,-1.4678934848430387,1.0,5.0,0.0008670934906271
4.0,9.0,0.2431062206285055,-1.256186169420516,1.0,5.0,0.0007893059111315
4.0,10.0,0.2584307330554092,-1.4678934848430387,1.0,5.0,0.0008390608216084
4.0,11.0,0.4934350727201385,-3.0241170415423704,1.799416708686366,5.0,0.001602061924416
4.0,12.0,0.1798845897225911,-1.041852594160533,1.0,5.0,0.0005840408757226
4.0,13.0,0.1957687150816892,-1.115031394440629,0.9999999999999998,5.0,0.0006356127113041
4.0,14.0,0.3662228967862042,-2.430954619051075,1.55980598406531,5.0,0.0011890353791759
4.0,15.0,0.3861674302588648,-2.602513462082988,2.0626528396908617,5.0,0.0012537903579833
4.0,16.0,0.3622766389766316,-2.430770810451105,1.5659050639265095,5.0,0.0011762228538202
4.0,17.0,0.494088196692078,-3.0240895721459498,1.7983637583657774,5.0,0.0016041824567924
4.0,18.0,0.1804494539987864,-1.041852594160533,1.0,5.0,0.0005858748506454
4.0,19.0,0.286557185070604,-2.50342468852437,0.9999999999999998,5.0,0.0009303804710084
4.0,20.0,0.2326608665683107,-2.338036007760726,1.0,5.0,0.000755392423923
4.0,21.0,0.5972937116067636,-3.9894618193194216,1.7190494763638895,5.0,0.0019392652974245
4.0,22.0,0.5185040166309094,-2.7674547103135567,1.978202722103181,5.0,0.001683454599451
4.0,23.0,0.6191517174864342,-2.9959044670458868,2.468798570318964,5.0,0.0020102328489819
4.0,24.0,0.6534678757764999,-3.101951784164722,2.4788695687083364,5.0,0.0021216489473262
4.0,25.0,0.5651794969205346,-2.856621783620134,2.081325036805741,5.0,0.0018349983666251
4.0,26.0,0.625026578140237,-2.8217086296761105,2.286847833706782,5.0,0.0020293070718838
4.0,27.0,0.3337298477469165,-2.6476933867155443,0.9999999999999998,5.0,0.0010835384667107
4.0,28.0,0.3846805997311258,-2.353888277413931,1.532907621269753,5.0,0.00124896298614
4.0,29.0,0.4357189771349173,-2.592448236802888,1.4704102074782817,5.0,0.0014146720036847
4.0,30.0,0.487227505116366,-2.5835229075200896,2.052032462781201,5.0,0.001581907484144
4.0,31.0,0.4880536866797834,-3.288543655494617,2.2524543319626598,5.0,0.0015845898918174
4.0,32.0,0.4802287741203545,-2.6084624442423623,2.0561912380497254,5.0,0.0015591843315595
4.0,33.0,0.4830423887481924,-3.288815806652832,2.265473088515472,5.0,0.0015683194439876
4.0,34.0,0.5345529315297854,-2.61575601260844,1.948558959439792,5.0,0.0017355614660057
4.0,35.0,0.4943487869784367,-3.159200676330669,1.0000000000000002,5.0,0.0016050285291507
4.0,36.0,0.5360413922224888,-3.331400969499172,2.139998915011309,5.0,0.0017403941305924
4.0,37.0,0.5377675840270477,-3.2088148187145817,1.0,5.0,0.0017459986494384
4.0,38.0,0.671099906474872,-2.949836740429729,2.198508410842443,5.0,0.002178895800243
4.0,39.0,0.5739621502570338,-2.8566413267708293,2.064737379083624,5.0,0.0018635134748604
4.0,40.0,0.6198878191956225,-2.999518093438232,2.4670569771388084,5.0,0.0020126227895961
4.0,41.0,0.3932384339812191,-2.6466826063726083,1.0,5.0,0.0012767481622766
4.0,42.0,0.3277122774077414,-2.6323966527856357,1.0,5.0,0.0010640009006744
4.0,43.0,0.3767169475438436,-2.4939872113341512,1.0,5.0,0.0012231069725449
4.0,44.0,0.3280181218520404,-2.6323966527856357,1.0,5.0,0.001064993902117
4.0,45.0,0.5269483025270576,-2.506079177834104,1.38432919910653,5.0,0.0017108711121008
4.0,46.0,0.3798946047424265,-2.7979526840226745,1.0,5.0,0.0012334240413715
4.0,47.0,0.4831568440548125,-3.1433775569367404,1.0,5.0,0.001568691052126
4.0,48.0,0.4295122690011936,-2.970152753494233,1.0,5.0,0.0013945203538999
4.0,49.0,0.6090548472776757,-2.8436436851938987,1.7523394954690192,5.0,0.0019774508028495
4.0,50.0,0.521699273840287,-3.1958527724589234,1.0,5.0,0.0016938288111697
5.0,1.0,0.4053803421039473,-2.6377821256520027,1.7628889230557792,5.0,0.0013161699418959
5.0,2.0,0.3477885359457717,-2.782886981520154,1.5993005608903432,5.0,0.0011291835582654
5.0,3.0,0.3381083652930307,-2.366080628248934,1.0,5.0,0.0010977544327695
5.0,4.0,0.3416183321802046,-2.7840689150469182,1.6100234600940753,5.0,0.0011091504291565
5.0,5.0,0.0573092937217033,-0.0573092936025001,0.0,0.0,0.00018606913546
5.0,6.0,0.2239858072483896,-2.828908092591373,1.0,5.0,0.0007272266469103
5.0,7.0,0.3270919165085711,-2.186821470397348,1.6403504446321755,5.0,0.0010619867419109
5.0,8.0,0.3510820331727378,-2.318251020076365,1.596690370068937,5.0,0.0011398767310803
5.0,9.0,0.3272102009596617,-2.186830506823221,1.6401197233175409,5.0,0.0010623707823365
5.0,10.0,0.3424696046102349,-2.3176952216387887,1.6116449679162947,5.0,0.0011119143006825
5.0,11.0,0.387013754830566,-2.4962981200354912,1.0000000000000002,5.0,0.0012565381650343
5.0,12.0,0.267185216509891,-1.999973494806443,1.0,5.0,0.0008674844691879
5.0,13.0,0.2830693418689891,-2.020509889489941,1.0,5.0,0.0009190563047694
5.0,14.0,0.4543994753191162,-2.882465633763976,1.9139128476574665,5.0,0.0014753229718153
5.0,15.0,0.482088665012908,-2.975430339084145,1.8615712441396672,5.0,0.0015652229383535
5.0,16.0,0.4504550971859729,-2.8825470297184426,1.9218973996914697,5.0,0.0014625165493051
5.0,17.0,0.3876674873393545,-2.4962981200354912,1.0,5.0,0.0012586606731797
5.0,18.0,0.2677500807860863,-1.999973494806443,1.0,5.0,0.0008693184441106
5.0,19.0,0.3738578118579039,-2.99470055687514,1.0,5.0,0.0012138240644737
5.0,20.0,0.3199614933556106,-2.849625281406277,1.0,5.0,0.0010388360173883
5.0,21.0,0.6917858371836139,-4.258753320328686,2.0519650602474364,5.0,0.0022460579129338
5.0,22.0,0.6071874753136904,-3.139837813459996,1.6844683049735112,5.0,0.0019713879068626
5.0,23.0,0.7072943608039945,-3.4297092666196005,2.1592053864950373,5.0,0.0022964102623506
5.0,24.0,0.7415097654413347,-3.5265729207005,2.1816738405268232,5.0,0.0024074992384458
5.0,25.0,0.6532319407312411,-3.228563883916271,1.794146554106263,5.0,0.002120882924452
5.0,26.0,0.7130186449713041,-3.2260755560413026,2.0027923662397087,5.0,0.0023149956005561
5.0,27.0,0.4210304745342164,-3.1199481378643767,1.0,5.0,0.001366982060176
5.0,28.0,0.4728812942155163,-2.823374596865252,1.87828756001142,5.0,0.0015353288773231
5.0,29.0,0.5240047420609133,-3.0256236620742825,1.7928333043067122,5.0,0.0017013140976003
5.0,30.0,0.5796620743692639,-2.912281147828986,1.716884606791493,5.0,0.0018820197219781
5.0,31.0,0.5750485019993555,-3.711279447403911,2.595545089966972,5.0,0.0018670405909069
5.0,32.0,0.5688752409842456,-2.9967150181631115,1.7304468530876735,5.0,0.0018469975356631
5.0,33.0,0.5700382911130796,-3.7112971498521903,2.6095782504008644,5.0,0.001850773672445
5.0,34.0,0.6231105209118042,-3.013298310415618,1.6670099534634302,5.0,0.0020230861068565
5.0,35.0,0.5816494137657365,-3.573339598997163,1.0,5.0,0.001888472122616
5.0,36.0,0.6230625953116881,-3.754701008544463,2.4724490663699945,5.0,0.0020229305042587
5.0,37.0,0.6250682108143477,-3.620481897726015,1.0000000000000002,5.0,0.0020294422429037
5.0,38.0,0.7590749235675841,-3.3411540883801343,1.9418923669777028,5.0,0.002464528972622
5.0,39.0,0.6620088507599382,-3.228476425010829,1.783622806914189,5.0,0.0021493793855842
5.0,40.0,0.7080299372721454,-3.432880498962573,2.1580016335677947,5.0,0.0022987984976368
5.0,41.0,0.4786570790784815,-2.8881045032778543,1.6375317603392494,5.0,0.0015540814255794
5.0,42.0,0.4150129041950413,-3.106648018133122,1.0,5.0,0.0013474444941397
5.0,43.0,0.4640175743311435,-3.0084536768356025,1.0,5.0,0.0015065505660102
5.0,44.0,0.4153187486393402,-3.106648018133122,1.0,5.0,0.0013484374955822
5.0,45.0,0.6138791241928635,-2.886988100018061,1.4973718350346608,5.0,0.0019931140395872
5.0,46.0,0.4671952315297264,-3.251097333778137,1.0,5.0,0.0015168676348367
5.0,47.0,0.629418634209552,-3.25571496370992,1.816468755837811,5.0,0.0020435669941868
5.0,48.0,0.5168128957884935,-3.4026988079783047,1.0,5.0,0.0016779639473652
5.0,49.0,0.7133971774080329,-3.065433607572142,1.4281063831142096,5.0,0.0023162246019741
5.0,50.0,0.6089999006275869,-3.6082304156131633,1.0,5.0,0.001977272404635
6.0,1.0,0.2465779661604582,-1.0383703067724093,1.0,5.0,0.0008005778122092
6.0,2.0,0.1833484525931282,-0.7543652591259101,1.0,5.0,0.0005952871837439
6.0,3.0,0.3899314146471792,-2.275068529086455,1.789234766987198,5.0,0.0012660110865168
6.0,4.0,0.1771590308765228,-0.7543652591259101,1.0,5.0,0.00057519165869
6.0,5.0,0.1167173661763152,-1.0810391053726185,1.0,5.0,0.0003789524875854
6.0,6.0,0.0583586830881576,-0.0583586829667716,0.0,0.0,0.0001894762437927
6.0,7.0,0.377241116376952,-2.0886188302468804,2.095827111050602,5.0,0.0012248088194056
6.0,8.0,0.4013203377930867,-2.238345551727657,2.030116396633057,5.0,0.0013029881097178
6.0,9.0,0.377359699773055,-2.088617287334008,2.095482883220383,5.0,0.0012251938304319
6.0,10.0,0.3926876632998659,-2.238444146064668,2.052753974571504,5.0,0.0012749599457787
6.0,11.0,0.4381435818001801,-2.7135875474028754,1.0,5.0,0.0014225440967538
6.0,12.0,0.3152244562750879,-1.7947405439634343,1.6508159987913231,5.0,0.0010234560268671
6.0,13.0,0.3311897035212974,-1.870232800579196,1.6196233422457174,5.0,0.001075291245199
6.0,14.0,0.2893345003455365,-1.3438071176965078,1.0,5.0,0.0009393977283945
6.0,15.0,0.3170346681098991,-1.5280617963868626,1.0,5.0,0.0010293333380191
6.0,16.0,0.2853854458834964,-1.3438071176965078,1.0000000000000002,5.0,0.0009265761229983
6.0,17.0,0.4387973143089686,-2.7135875474028754,1.0,5.0,0.0014246666048992
6.0,18.0,0.315789679640902,-1.7948065119066745,1.6496529769726886,5.0,0.0010252911676652
6.0,19.0,0.425034607286235,-2.1655801390871474,1.0,5.0,0.001379982491189
6.0,20.0,0.3711382887839418,-1.8415727933010348,1.0,5.0,0.0012049944441037
6.0,21.0,0.5542779504419407,-3.3549540085708385,1.0000000000000004,5.0,0.0017996037352011
6.0,22.0,0.4421808633639573,-1.8884234409737573,1.0000000000000004,5.0,0.001435652153779
6.0,23.0,0.5425616606534214,-2.336767922406799,1.7446373314412194,5.0,0.0017615638332903
6.0,24.0,0.5768522568304448,-2.465653897372165,1.7986406494700873,5.0,0.0018728969377611
6.0,25.0,0.4910147739817825,-2.0251732759197383,1.2074318038430865,5.0,0.0015942038116291
6.0,26.0,0.5481252638063022,-2.1409946995136737,1.5447771786104567,5.0,0.0017796274798905
6.0,27.0,0.4694304793370435,-1.751072972568405,1.0,5.0,0.0015241249329124
6.0,28.0,0.3078292232059474,-1.270247808881165,1.0,5.0,0.0009994455298894
6.0,29.0,0.3589678153492632,-1.650706778916347,1.0,5.0,0.0011654799199651
6.0,30.0,0.4146512681399547,-1.5396868880614458,1.0,5.0,0.0013462703511037
6.0,31.0,0.4106307362558121,-2.6079377478867443,1.987628476504576,5.0,0.0013332166761552
6.0,32.0,0.4038585244883105,-1.6499619273737858,1.0000000000000002,5.0,0.0013112289756113
6.0,33.0,0.4056224081124069,-2.608372334425776,1.9998130555199616,5.0,0.0013169558704948
6.0,34.0,0.4581160592442172,-1.7189818714324538,1.0000000000000002,5.0,0.0014873898027409
6.0,35.0,0.6354491990685426,-2.56967463388954,0.9999999999999996,5.0,0.0020631467502225
6.0,36.0,0.4586660273618549,-2.6786407588286543,1.884293127615773,5.0,0.0014891754135125
6.0,37.0,0.6490219453261195,-3.0000441272266243,1.4457413876039753,5.0,0.0021072141082016
6.0,38.0,0.5941991476051449,-2.306371952235076,1.5024480997752268,5.0,0.001929218011705
6.0,39.0,0.4997752228121682,-2.0253301059019204,1.203821075494696,5.0,0.0016226468273122
6.0,40.0,0.5432967854531315,-2.3416258832489416,1.7436280819851435,5.0,0.0017639506021205
6.0,41.0,0.5306614099033771,-2.706481203571926,1.7741982045132376,5.0,0.0017229266555304
6.0,42.0,0.4688126894978473,-1.62911111961229,1.0,5.0,0.0015221191217462
6.0,43.0,0.5178173596339495,-1.72953624687616,1.0,5.0,0.0016812251936167
6.0,44.0,0.4691185339421462,-1.62911111961229,1.0,5.0,0.0015231121231887
6.0,45.0,0.6669154905323366,-2.066553801391727,1.0,5.0,0.0021653100341958
6.0,46.0,0.5209950168325324,-1.945395787856705,0.9999999999999998,5.0,0.0016915422624432
6.0,47.0,0.6242572561449182,-2.509429172820616,1.0,5.0,0.0020268092731977
6.0,48.0,0.5706126810912996,-2.23873319934044,1.0,5.0,0.0018526385749717
6.0,49.0,0.7664558310480212,-2.389406369675114,1.0,5.0,0.0024884929579481
6.0,50.0,0.662799685930393,-2.656661736402598,0.9999999999999996,5.0,0.0021519470322415
7.0,1.0,0.3551376400271299,-2.59748205875952,1.5885078541263362,5.0,0.0011530442858023
7.0,2.0,0.3021561473140908,-3.003525419568727,1.0,5.0,0.0009810264523184
7.0,3.0,0.2863682509674725,-2.1336671608884847,1.0,5.0,0.0009297670485956
7.0,4.0,0.2959667255974855,-3.003525419568727,0.9999999999999998,5.0,0.0009609309272645
7.0,5.0,0.223596224997199,-3.061073172138973,1.0,5.0,0.0007259617694714
7.0,6.0,0.375553107948355,-4.202435178929549,2.090975837016872,5.0,0.0012193282725595
7.0,7.0,0.0404864868600366,-0.0404864867758248,0.0,0.0,0.0001314496326624
7.0,8.0,0.0896070357778333,-0.7907231145137926,1.0,5.0,0.0002909319343436
7.0,9.0,0.2727968163278966,-1.9092317663453364,1.762315310065817,5.0,0.0008857039491165
7.0,10.0,0.0809729737200732,-0.7907231145137926,1.0,5.0,0.0002628992653249
7.0,11.0,0.3294872544375244,-2.239485813357487,1.0000000000000002,5.0,0.0010697638131088
7.0,12.0,0.2154451021843328,-1.7347237645070344,1.0,5.0,0.000699497085014
7.0,13.0,0.2313292275434308,-1.7421366028616694,1.0,5.0,0.0007510689205955
7.0,14.0,0.405942305151128,-2.809055396515574,1.5130684576136786,5.0,0.0013179944972439
7.0,15.0,0.4259073594342404,-2.9515302493310296,1.9708773238736808,5.0,0.0013828161020592
7.0,16.0,0.4019915744281151,-2.8088714923664595,1.5181101035819986,5.0,0.0013051674494419
7.0,17.0,0.330140986946313,-2.2394858133574864,1.0,5.0,0.0010718863212542
7.0,18.0,0.216009966460528,-1.7347237645070344,1.0,5.0,0.0007013310599367
7.0,19.0,0.3221176975323456,-2.862766213290573,1.0,5.0,0.0010458366802998
7.0,20.0,0.2682213790300523,-2.744788472439524,1.0,5.0,0.0008708486332144
7.0,21.0,0.6318631332045526,-4.192582835050977,1.67986304567858,5.0,0.0020515036792355
7.0,22.0,0.557712486543899,-3.077860564072416,1.9175597824742443,5.0,0.0018107548264412
7.0,23.0,0.658601939206306,-3.324369922053036,2.389007234626217,5.0,0.002138317984436
7.0,24.0,0.6929076582634625,-3.41439233304195,2.4018254555913874,5.0,0.002249700189167
7.0,25.0,0.601055476006808,-3.181718340990527,2.0288669612033488,5.0,0.0019514788182039
7.0,26.0,0.6641419687277732,-3.1328203672233563,2.2182051724524268,5.0,0.0021563050932719
7.0,27.0,0.3692903602086582,-2.977521792947737,1.0,5.0,0.0011989946760021
7.0,28.0,0.4244566750792951,-2.7361706714231264,1.4907056884922243,5.0,0.0013781060879197
7.0,29.0,0.4756585919208796,-2.9392534095958966,1.437927757380051,5.0,0.0015443460776651
7.0,30.0,0.5267432997621817,-2.910370985080601,1.9810968479490096,5.0,0.0017102055187083
7.0,31.0,0.5270671561050546,-3.576565302892179,2.163997034045418,5.0,0.001711257000341
7.0,32.0,0.5193405543057549,-2.9382644515132075,1.985397811745412,5.0,0.0016861706308628
7.0,33.0,0.522056206172912,-3.5765632591068885,2.1751548761423907,5.0,0.0016949876823795
7.0,34.0,0.5736626948200741,-2.93681144473261,1.8920243710744769,5.0,0.0018625412169482
7.0,35.0,0.5299092994401784,-3.4183950663182108,1.0,5.0,0.0017204847384421
7.0,36.0,0.575157224452974,-3.6131994816337114,2.066866516851684,5.0,0.0018673935858862
7.0,37.0,0.5733280964887895,-3.461067644268403,1.0000000000000002,5.0,0.0018614548587298
7.0,38.0,0.7102591881010973,-3.2475559366224207,2.1391373127973763,5.0,0.0023060363250035
7.0,39.0,0.6098684573148115,-3.181668928924052,2.013930049581927,5.0,0.0019800923938792
7.0,40.0,0.6593381378073389,-3.327493135626201,2.387456838860851,5.0,0.0021407082396342
7.0,41.0,0.4230804475053081,-2.6732718984083665,1.7162777198687915,5.0,0.0013736378165756
7.0,42.0,0.3632727898694831,-2.9650305068368947,1.0,5.0,0.0011794571099658
7.0,43.0,0.4122774600055853,-2.827601381363001,0.9999999999999998,5.0,0.0013385631818363
7.0,44.0,0.363578634313782,-2.9650305068368947,1.0,5.0,0.0011804501114083
7.0,45.0,0.5582376188717197,-2.643234772755924,1.543989551537844,5.0,0.0018124598015315
7.0,46.0,0.4154551172041681,-3.1031917554603066,1.0,5.0,0.0013488802506628
7.0,47.0,0.5772091295577582,-3.0370428672250647,1.888586798948856,5.0,0.0018740556154472
7.0,48.0,0.4650727814629353,-3.2521862552898835,1.0,5.0,0.0015099765631913
7.0,49.0,0.6577130036297426,-2.8288137492868954,1.46217728484646,5.0,0.0021354318299666
7.0,50.0,0.5572597863020287,-3.449877209034613,1.0,5.0,0.0018092850204611
8.0,1.0,0.3233698942814082,-2.494452598374298,1.6450704920487629,5.0,0.0010499022541604
8.0,2.0,0.2703789923379928,-2.9785594843955723,0.9999999999999998,5.0,0.0008778538712272
8.0,3.0,0.2545910959913743,-1.998831758426588,1.0,5.0,0.0008265944675044
8.0,4.0,0.2641895706213873,-2.9785594843955723,0.9999999999999998,5.0,0.0008577583461733
8.0,5.0,0.1918190700211008,-3.165013602554862,1.0,5.0,0.0006227891883801
8.0,6.0,0.3476614681550014,-4.117469251264829,1.6022927767706985,5.0,0.0011287710005032
8.0,7.0,0.2467709753047635,-1.639395384770614,1.0,5.0,0.0008012044652752
8.0,8.0,0.0918339736041173,-0.0918339734131028,0.0,0.0,0.0002981622519614
8.0,9.0,0.246889578114149,-1.639395384770614,1.0,5.0,0.0008015895393316
8.0,10.0,0.2622140905410527,-1.8069330193664213,1.0,5.0,0.0008513444498086
8.0,11.0,0.5001936238713085,-3.210196336380533,1.795799209718665,5.0,0.0016240052723094
8.0,12.0,0.1836679472082347,-1.5794640715646768,1.0,5.0,0.0005963245039228
8.0,13.0,0.1995520725673327,-1.5718449033828217,1.0,5.0,0.0006478963395043
8.0,14.0,0.3741163224514836,-2.7026704825392085,1.5566557157712746,5.0,0.0012146633845827
8.0,15.0,0.394034074497289,-2.853965646207004,2.0500021614141435,5.0,0.0012793314107054
8.0,16.0,0.3701654142400017,-2.7024477859809823,1.562595346758953,5.0,0.0012018357605194
8.0,17.0,0.5008439696602676,-3.2101055117565007,1.7947787628240215,5.0,0.0016261167846112
8.0,18.0,0.1842328114844299,-1.5794640715646768,1.0,5.0,0.0005981584788455
8.0,19.0,0.2903405425562474,-2.8077759410297194,1.0,5.0,0.0009426640992085
8.0,20.0,0.2364442240539542,-2.7239564622452352,1.0,5.0,0.0007676760521232
8.0,21.0,0.6012929446820531,-4.130486047233145,1.7146662975468974,5.0,0.0019522498203962
8.0,22.0,0.5258955075532763,-2.962830817263893,1.973110093483077,5.0,0.0017074529466015
8.0,23.0,0.6268027776000664,-3.2112482831070803,2.459459710853958,5.0,0.0020350739532469
8.0,24.0,0.6611075879719602,-3.303434361260988,2.469220972612423,5.0,0.0021464532077011
8.0,25.0,0.56923509968691,-3.0680955643665118,2.0868088991857263,5.0,0.0018481659080743
8.0,26.0,0.6323376623793052,-3.009626373969448,2.279445965605824,5.0,0.0020530443583743
8.0,27.0,0.33751320523256,-2.908931447934666,1.0,5.0,0.0010958220949109
8.0,28.0,0.3926336112026781,-2.619701652650158,1.5304289570976437,5.0,0.0012747844519567
8.0,29.0,0.4438446752352966,-2.8279702810970333,1.4692924276216326,5.0,0.0014410541403743
8.0,30.0,0.4949319009301881,-2.789921790258045,2.0445829101174877,5.0,0.0016069217562668
8.0,31.0,0.4952550679995314,-3.497022330344097,2.238575219964684,5.0,0.0016079709999984
8.0,32.0,0.4875201751307548,-2.820148576767189,2.0497540686345976,5.0,0.0015828577114634
8.0,33.0,0.4902440958403796,-3.497014895807855,2.251216436799756,5.0,0.0015917016098713
8.0,34.0,0.5418465116117666,-2.811831059284627,1.9444374335923735,5.0,0.0017592419208174
8.0,35.0,0.4981321444640804,-3.330989203058115,1.0,5.0,0.0016173121573509
8.0,36.0,0.5433496518938941,-3.5276083142633743,2.129184209351971,5.0,0.0017641222464087
8.0,37.0,0.5415509415126912,-3.369414961463129,1.0,5.0,0.0017582822776386
8.0,38.0,0.6784574183986682,-3.127324706204312,2.1925121571132213,5.0,0.0022027838259697
8.0,39.0,0.5780502752889893,-3.0680357361899238,2.0701545729482467,5.0,0.0018767866080811
8.0,40.0,0.6275390273476206,-3.2144146018967983,2.457748144494973,5.0,0.0020374643745052
8.0,41.0,0.3970217914668624,-2.867081584203566,1.0,5.0,0.0012890317904768
8.0,42.0,0.3314956348933849,-2.8975257105066308,1.0,5.0,0.0010762845288746
8.0,43.0,0.3805003050294871,-2.7260893174879337,1.0,5.0,0.001235390600745
8.0,44.0,0.3318014793376839,-2.8975257105066308,1.0,5.0,0.0010772775303171
8.0,45.0,0.5307320856446661,-2.67538186791413,1.3815919377508477,5.0,0.0017231561222229
8.0,46.0,0.38367796222807,-3.0267531469603908,1.0,5.0,0.0012457076695716
8.0,47.0,0.486940201540456,-3.3220495791195104,1.0000000000000002,5.0,0.0015809746803261
8.0,48.0,0.4332956264868371,-3.1708562684900228,1.0,5.0,0.0014068039821001
8.0,49.0,0.6130818754976768,-2.988960799134381,1.7475101444308572,5.0,0.0019905255697976
8.0,50.0,0.5254826313259306,-3.359234403670251,0.9999999999999996,5.0,0.0017061124393699
9.0,1.0,0.3552561399141278,-2.597536203236724,1.5883153229083875,5.0,0.0011534290256952
9.0,2.0,0.3022747501234764,-3.003259930068122,0.9999999999999998,5.0,0.0009814115263749
9.0,3.0,0.286486853776858,-2.133749814084335,1.0,5.0,0.0009301521226521
9.0,4.0,0.2960853284068709,-3.003259930068122,0.9999999999999998,5.0,0.000961316001321
9.0,5.0,0.2237148278065845,-3.0602577429159776,1.0,5.0,0.0007263468435278
9.0,6.0,0.3756711535822681,-4.201995819457587,2.090630680607628,5.0,0.0012197115376047
9.0,7.0,0.2727964234189256,-1.9093427816150768,1.762315310065817,5.0,0.000885702673438
9.0,8.0,0.0897256385872187,-0.7903644423453279,1.0,5.0,0.0002913170084
9.0,9.0,0.0405457882647293,-0.0405457881803942,0.0,0.0,0.0001316421696906
9.0,10.0,0.0810915765294587,-0.7903644423453279,1.0,5.0,0.0002632843393813
9.0,11.0,0.3296058572469099,-2.2396296308306463,1.0000000000000002,5.0,0.0010701488871652
9.0,12.0,0.2155637049937183,-1.734687151260686,1.0,5.0,0.0006998821590705
9.0,13.0,0.2314478303528163,-1.7422269194660975,1.0,5.0,0.000751453994652
9.0,14.0,0.4060610745276868,-2.8091621264643765,1.5129185580201976,5.0,0.0013183801121028
9.0,15.0,0.4260262254190857,-2.9516192694280567,1.970604354555838,5.0,0.0013832020305814
9.0,16.0,0.4021103444232524,-2.808978348057217,1.517957243923673,5.0,0.0013055530663092
9.0,17.0,0.3302595897556984,-2.2396296308306463,1.0,5.0,0.0010722713953107
9.0,18.0,0.2161285692699135,-1.734687151260686,1.0,5.0,0.0007017161339932
9.0,19.0,0.3222363003417311,-2.8626189601574508,0.9999999999999998,5.0,0.0010462217543562
9.0,20.0,0.2683399818394378,-2.7444485034334014,1.0,5.0,0.0008712337072709
9.0,21.0,0.6319769696232521,-4.1926367053868105,1.679739513469821,5.0,0.0020518732779975
9.0,22.0,0.5578312304182608,-3.0780782284527017,1.917364327917776,5.0,0.0018111403585008
9.0,23.0,0.6587206194778692,-3.32461558087091,2.3887570214856715,5.0,0.002138703309993
9.0,24.0,0.6930263417646233,-3.414637640643358,2.4015854931877088,5.0,0.0022500855252098
9.0,25.0,0.6011741398487633,-3.1819485705222648,2.028662281042808,5.0,0.001951864090418
9.0,26.0,0.6642606677584663,-3.133100834444296,2.21798758120388,5.0,0.0021566904797352
9.0,27.0,0.3694089630180436,-2.977466078851754,1.0,5.0,0.0011993797500585
9.0,28.0,0.4245754348406884,-2.7363216298035304,1.4905685697758742,5.0,0.0013784916715606
9.0,29.0,0.4757773214520067,-2.939418845433661,1.437818545268122,5.0,0.0015447315631558
9.0,30.0,0.5268620091741186,-2.910592950425539,1.980874351907159,5.0,0.001710590938877
9.0,31.0,0.5271858812691071,-3.5766441612349302,2.163735502980328,5.0,0.0017116424716529
9.0,32.0,0.5194593097293534,-2.938474672211466,1.985172390551055,5.0,0.0016865562004199
9.0,33.0,0.5221749314147807,-3.576642134346913,2.174888307578885,5.0,0.001695373153944
9.0,34.0,0.5737814359030339,-2.937067374367276,1.8918396431314133,5.0,0.0018629267399449
9.0,35.0,0.5300279022495639,-3.4185064326129524,1.0,5.0,0.0017208698124985
9.0,36.0,0.5752759340800575,-3.6133166697971415,2.06664680834696,5.0,0.0018677790067534
9.0,37.0,0.5734466992981748,-3.461207874796353,1.0,5.0,0.0018618399327862
9.0,38.0,0.7103778783851851,-3.2478379862190363,2.1389470485910627,5.0,0.0023064216830687
9.0,39.0,0.6099871133316795,-3.1818992035585976,2.0137312726743297,5.0,0.0019804776406872
9.0,40.0,0.6594568179096585,-3.327739036813381,2.387207183935896,5.0,0.0021410935646417
9.0,41.0,0.4231989869662368,-2.673422401648572,1.7160788485736298,5.0,0.0013740226849553
9.0,42.0,0.3633913926788685,-2.9649668906049733,1.0,5.0,0.0011798421840223
9.0,43.0,0.4123960628149707,-2.8276940619646584,0.9999999999999998,5.0,0.0013389482558927
9.0,44.0,0.3636972371231675,-2.9649668906049733,1.0,5.0,0.0011808351854648
9.0,45.0,0.5583561419153493,-2.6435361695009734,1.543874839991167,5.0,0.0018128446166082
9.0,46.0,0.4155737200135537,-3.103198696086113,1.0,5.0,0.0013492653247193
9.0,47.0,0.5773207073479089,-3.037295464455473,1.8884080150665843,5.0,0.0018744178809997
9.0,48.0,0.4651913842723207,-3.2522420982290523,1.0,5.0,0.0015103616372477
9.0,49.0,0.6578315261496815,-2.829137147689568,1.4620944806417993,5.0,0.0021358166433431
9.0,50.0,0.5573783891114141,-3.4500104023464737,1.0,5.0,0.0018096700945175
10.0,1.0,0.314740213595839,-2.494446471152979,1.6623683978677444,5.0,0.0010218838103761
10.0,2.0,0.2617449302802327,-3.010277029175892,0.9999999999999998,5.0,0.0008498212022085
10.0,3.0,0.2459570339336142,-1.9970438603568548,0.9999999999999998,5.0,0.0007985617984857
10.0,4.0,0.2555555085636272,-3.010277029175892,0.9999999999999996,5.0,0.0008297256771546
10.0,5.0,0.1831850079633407,-3.2634605048027483,1.0,5.0,0.0005947565193614
10.0,6.0,0.3390750845868813,-4.155627721266087,1.6176523139175405,5.0,0.0011008931317755
10.0,7.0,0.2381369132470034,-1.6285019884452638,1.0,5.0,0.0007731717962565
10.0,8.0,0.2622140905410526,-1.7955310535775455,1.0,5.0,0.0008513444498086
10.0,9.0,0.2382555160563889,-1.6285019884452638,1.0,5.0,0.0007735568703129
10.0,10.0,0.0875169425752373,-0.0875169423932022,0.0,0.0,0.000284145917452
10.0,11.0,0.4915711532777183,-3.2019666390990054,1.8095267427836637,5.0,0.0015960102379146
10.0,12.0,0.1750338851504746,-1.5917950273920607,1.0,5.0,0.0005682918349041
10.0,13.0,0.1909180105095727,-1.569851286560649,1.0,5.0,0.0006198636704856
10.0,14.0,0.3654679359459705,-2.6972319409173813,1.5698083990038223,5.0,0.0011865842076167
10.0,15.0,0.3853836558441074,-2.8500718789579813,2.0737819613161586,5.0,0.0012512456358574
10.0,16.0,0.3615169750480649,-2.696996951266553,1.5760336069121776,5.0,0.0011737564124937
10.0,17.0,0.4922214360543942,-3.201872737227057,1.8084708008144104,5.0,0.0015981215456311
10.0,18.0,0.1755987494266699,-1.5917950273920607,1.0,5.0,0.0005701258098268
10.0,19.0,0.2817064804984874,-2.8275069983086425,0.9999999999999998,5.0,0.0009146314301898
10.0,20.0,0.2278101619961941,-2.765714015261877,1.0,5.0,0.0007396433831045
10.0,21.0,0.5930463174896008,-4.128118693196498,1.724748742363377,5.0,0.0019254750567844
10.0,22.0,0.5172504147513803,-2.9472709728725324,1.989384993272657,5.0,0.0016793844634785
10.0,23.0,0.6181626120551582,-3.193183348518632,2.4798541224003863,5.0,0.0020070214677115
10.0,24.0,0.6524671283826556,-3.2853767785932453,2.4886671914015537,5.0,0.0021183997674761
10.0,25.0,0.5605980974546529,-3.051432256952628,2.1036980214155934,5.0,0.0018201236930345
10.0,26.0,0.6236960246843866,-2.9887023840612312,2.2971640089510745,5.0,0.0020249870931311
10.0,27.0,0.3288791431747999,-2.918919454116668,0.9999999999999998,5.0,0.0010677894258922
10.0,28.0,0.3839861141689863,-2.610265890828438,1.5423581534879458,5.0,0.0012467081628863
10.0,29.0,0.4351999559416643,-2.8170549632959103,1.4786060203924691,5.0,0.0014129868699404
10.0,30.0,0.4862913992745137,-2.7740737299589,2.063277776370898,5.0,0.0015788681794627
10.0,31.0,0.4866109862407768,-3.493128601265335,2.260518927549241,5.0,0.001579905799483
10.0,32.0,0.4788741434322789,-2.805310352607203,2.0687186665336466,5.0,0.0015547861799749
10.0,33.0,0.4816000074754477,-3.493119369561303,2.2736144141889483,5.0,0.0015636363879072
10.0,34.0,0.5332016354367081,-2.7930538428405245,1.9597598124209796,5.0,0.0017311741410282
10.0,35.0,0.4894980824063202,-3.3244855881019086,1.0,5.0,0.0015892794883322
10.0,36.0,0.5347068904421606,-3.520316991821621,2.14739440328983,5.0,0.0017360613326044
10.0,37.0,0.5329168794549313,-3.3603270421906064,1.0,5.0,0.0017302496086199
10.0,38.0,0.6698164993184601,-3.1062674989242613,2.2078897470227257,5.0,0.0021747288938911
10.0,39.0,0.5694139220284218,-3.051368263846771,2.08652574762176,5.0,0.0018487465000922
10.0,40.0,0.6188988761542649,-3.196328819007364,2.478094415322009,5.0,0.0020094119355657
10.0,41.0,0.3883877294091025,-2.863739588765428,1.0,5.0,0.0012609991214581
10.0,42.0,0.3228615728356248,-2.9083366635321024,1.0,5.0,0.0010482518598559
10.0,43.0,0.371866242971727,-2.722053039758196,1.0,5.0,0.0012073579317263
10.0,44.0,0.3231674172799237,-2.9083366635321024,1.0,5.0,0.0010492448612984
10.0,45.0,0.5220983431843891,-2.6551510284694677,1.3878966714804768,5.0,0.0016951244908584
10.0,46.0,0.37504390017031,-3.030336804220559,1.0,5.0,0.0012176750005529
10.0,47.0,0.4783061394826959,-3.3174741139543213,1.0,5.0,0.0015529420113074
10.0,48.0,0.4246615644290771,-3.1695888513053827,1.0,5.0,0.0013787713130814
10.0,49.0,0.6045479174285838,-2.969632467284029,1.7586237987609254,5.0,0.0019628179137291
10.0,50.0,0.5168485692681707,-3.350772725057896,0.9999999999999996,5.0,0.0016780797703512
11.0,1.0,0.2714675927109394,-1.7505707369004202,1.0,5.0,0.0008813882880225
11.0,2.0,0.4245250509733629,-2.852630975572825,1.488568713065243,5.0,0.0013783280875758
11.0,3.0,0.2071737890664363,-1.337923569257273,1.0,5.0,0.0006726421722936
11.0,4.0,0.418309780905094,-2.8529987655514013,1.495904820052313,5.0,0.0013581486393022
11.0,5.0,0.3370988111716954,-2.7744760392324634,1.0,5.0,0.0010944766596483
11.0,6.0,0.4969940153189225,-3.4560092562074547,1.0,5.0,0.0016136169328536
11.0,7.0,0.1878459208723145,-1.4470832014977106,1.0,5.0,0.0006098893534815
11.0,8.0,0.2119230981663638,-1.6260365824295802,1.0,5.0,0.0006880620070336
11.0,9.0,0.1879645236817,-1.4470832014977106,1.0,5.0,0.0006102744275379
11.0,10.0,0.2032890361086037,-1.6260365824295802,1.0,5.0,0.0006600293380149
11.0,11.0,0.0681253201416483,-0.0681253199999478,0.0,0.0,0.000221186104356
11.0,12.0,0.1362506402832966,-0.5116201454611154,1.0,5.0,0.000442372208712
11.0,13.0,0.1521347656423947,-0.6421414581733803,1.0,5.0,0.0004939440442934
11.0,14.0,0.3250929506875311,-2.022400319834841,1.0,5.0,0.0010554965931413
11.0,15.0,0.3527931184518935,-2.153252488542094,1.0,5.0,0.0011454322027658
11.0,16.0,0.3211438962254909,-2.022400319834841,1.0,5.0,0.0010426749877451
11.0,17.0,0.4491642178374708,-2.6766366881987618,1.7718147943960183,5.0,0.0014583253825891
11.0,18.0,0.1368155045594919,-0.5116201454611154,1.0000000000000002,5.0,0.0004442061836347
11.0,19.0,0.2429232356313094,-2.3640181630511785,1.0,5.0,0.0007887118039977
11.0,20.0,0.1890269171290161,-2.2289109981434017,1.0,5.0,0.0006137237569123
11.0,21.0,0.5554387055046324,-3.8830318314277497,1.7737973361330757,5.0,0.0018033724204695
11.0,22.0,0.4770185790392878,-2.473979274482923,1.635667139797902,5.0,0.0015487616202574
11.0,23.0,0.5776246183356732,-2.733071701356945,2.223217676426457,5.0,0.0018754046049859
11.0,24.0,0.6119189387173024,-2.844317708398211,2.24722808101353,5.0,0.0019867498010302
11.0,25.0,0.5228833974654622,-2.578114529503066,1.7857995779313467,5.0,0.0016976733683943
11.0,26.0,0.5832190995628349,-2.5629481854254195,2.030892872068802,5.0,0.0018935685050741
11.0,27.0,0.290095898307622,-2.499841644869891,1.0,5.0,0.0009418697997
11.0,28.0,0.3435876735479419,-1.939014314439434,1.0,5.0,0.0011155443946361
11.0,29.0,0.3947262656912577,-2.221199180260821,1.0,5.0,0.0012815787847118
11.0,30.0,0.4504097184819492,-2.075618842821785,1.0,5.0,0.0014623692158504
11.0,31.0,0.4461450306170982,-2.8662271457204924,1.454336898427074,5.0,0.0014485228266788
11.0,32.0,0.4386836306623678,-2.2978183528833758,1.691329339837378,5.0,0.0014242975021505
11.0,33.0,0.4411369032640781,-2.8661569642687503,1.4594890582515962,5.0,0.0014322626729353
11.0,34.0,0.4929613533713223,-2.309254503513031,1.6150746718037303,5.0,0.0016005238745822
11.0,35.0,0.4507148375391422,-3.0064933253661783,1.0000000000000002,5.0,0.00146335986214
11.0,36.0,0.4941661952226182,-2.925787766716836,1.4102303665015272,5.0,0.0016044356987747
11.0,37.0,0.4941336345877533,-3.052139112239087,1.0000000000000002,5.0,0.0016043299824277
11.0,38.0,0.629303106758609,-2.702127450389658,1.95532405659463,5.0,0.0020431919050604
11.0,39.0,0.5316932200630861,-2.577518173119072,1.7726406979147649,5.0,0.0017262766885165
11.0,40.0,0.5783601333728725,-2.737086175906074,2.2216610082333745,5.0,0.001877792640821
11.0,41.0,0.3496044845419246,-2.4669965413760115,1.0,5.0,0.0011350794952659
11.0,42.0,0.2840783279684469,-2.4850920384515693,1.0,5.0,0.0009223322336637
11.0,43.0,0.3330829981045491,-2.2993484796977786,0.9999999999999998,5.0,0.0010814383055342
11.0,44.0,0.2843841724127459,-2.4850920384515693,1.0,5.0,0.0009233252351063
11.0,45.0,0.4833153299251264,-2.2845679328510125,1.4189925708684188,5.0,0.00156920561664
11.0,46.0,0.336260655303132,-2.6472568587098726,1.0,5.0,0.0010917553743608
11.0,47.0,0.4395228946155179,-2.994823393488064,1.0,5.0,0.0014270223851153
11.0,48.0,0.3858783195618991,-2.81960707398914,1.0,5.0,0.0012528516868892
11.0,49.0,0.5657456133613534,-2.647307460560387,1.812938009693471,5.0,0.0018368364070173
11.0,50.0,0.4780653244009925,-3.040088997423476,1.0,5.0,0.001552160144159
12.0,1.0,0.2017672456938943,-1.6911230477960546,0.9999999999999998,5.0,0.0006550884600451
12.0,2.0,0.3546861867406709,-2.827115126024987,1.586233014792204,5.0,0.0011515785283788
12.0,3.0,0.1374734420493911,-1.2926772880355684,1.0,5.0,0.0004463423443162
12.0,4.0,0.3484639749149603,-2.8277300930197367,1.5968278345288571,5.0,0.0011313765419316
12.0,5.0,0.2673984641546502,-2.900070664611816,1.0,5.0,0.0008681768316709
12.0,6.0,0.4272936683018772,-3.458529356991763,1.0,5.0,0.0013873171048762
12.0,7.0,0.3291477945647328,-2.354084190824144,1.6376298691153317,5.0,0.0010686616706647
12.0,8.0,0.3531039241570823,-2.4726933821384613,1.593781384947992,5.0,0.0011464413121983
12.0,9.0,0.3292665424541557,-2.3540705814998204,1.6373980044599012,5.0,0.0010690472157602
12.0,10.0,0.3444598429895036,-2.4735335395569216,1.6087941976096256,5.0,0.0011183761136022
12.0,11.0,0.3761818967332727,-2.542072410006452,1.0,5.0,0.0012213697945885
12.0,12.0,0.0412172093126747,-0.041217209226943,0.0,0.0,0.000133822108158
12.0,13.0,0.0824344186253495,-0.3100782600856139,0.9999999999999998,5.0,0.000267644216316
12.0,14.0,0.2553926036704858,-1.936548535685268,1.0,5.0,0.0008291967651639
12.0,15.0,0.27517677729407,-2.2518946123329666,1.7613417425214657,5.0,0.0008934310951106
12.0,16.0,0.2514435492084457,-1.936548535685268,1.0,5.0,0.0008163751597676
12.0,17.0,0.3768356292420611,-2.542072410006452,1.0,5.0,0.0012234923027339
12.0,18.0,0.2694364104621519,-1.9391819836064352,1.0,5.0,0.0008747935404615
12.0,19.0,0.1732228886142643,-2.729496303771544,1.0,5.0,0.0005624119760203
12.0,20.0,0.1193265701119709,-3.138185834252852,1.0,5.0,0.0003874239289349
12.0,21.0,0.4896960725840931,-3.884314802757424,1.8810309776582352,5.0,0.0015899223135847
12.0,22.0,0.4072915812986262,-2.319489200741649,1.7447242436376484,5.0,0.0013223752639565
12.0,23.0,0.5079181472974681,-2.549077958146482,2.3911877883196517,5.0,0.0016490848938229
12.0,24.0,0.5422094037335892,-2.6639615613632737,2.407629304785934,5.0,0.0017604201419921
12.0,25.0,0.4559266820629101,-2.395259704538197,1.8929944150549236,5.0,0.0014802814352691
12.0,26.0,0.5135146684765785,-2.3602193797157933,2.171001125202688,5.0,0.0016672554171317
12.0,27.0,0.2203955512905767,-2.69185178309654,1.0,5.0,0.0007155699717226
12.0,28.0,0.2738873265308967,-1.8052188652461056,1.0,5.0,0.0008892445666587
12.0,29.0,0.3250259186742126,-2.089639948696409,1.0,5.0,0.0010552789567344
12.0,30.0,0.3762162181721152,-2.11032533565524,1.8249796112183077,5.0,0.0012214812278315
12.0,31.0,0.3764919781827123,-2.81310946517901,1.5382940869810873,5.0,0.0012223765525412
12.0,32.0,0.3689576896870784,-2.1456413191896337,1.8222893845724728,5.0,0.001197914576906
12.0,33.0,0.3714845428421115,-2.8129997275834704,1.5455415173320128,5.0,0.0012061186455912
12.0,34.0,0.4231570717812992,-2.127921042392112,1.7169456815338178,5.0,0.0013738865966925
12.0,35.0,0.381014490522097,-2.969236419396661,1.0,5.0,0.0012370600341626
12.0,36.0,0.4245060849355034,-2.839466027909217,1.477471539828879,5.0,0.0013782665095308
12.0,37.0,0.4244332875707081,-2.9850995489298398,1.0,5.0,0.0013780301544503
12.0,38.0,0.5595970654186317,-2.5012191230243443,2.074457178122996,5.0,0.0018168735890215
12.0,39.0,0.4647019816429436,-2.3951406973045226,1.8760511825401087,5.0,0.0015087726676718
12.0,40.0,0.5086536043632939,-2.553049279285841,2.3891745990439666,5.0,0.0016514727414392
12.0,41.0,0.2799041375248793,-2.46770702858284,1.0,5.0,0.0009087796672885
12.0,42.0,0.2143779809514017,-2.6905353757506445,0.9999999999999998,5.0,0.0006960324056863
12.0,43.0,0.2633826510875038,-2.289202426044038,1.0,5.0,0.0008551384775568
12.0,44.0,0.2146838253957006,-2.6905353757506445,1.0,5.0,0.0006970254071288
12.0,45.0,0.413616101072824,-2.0899035844135265,1.489518298206248,5.0,0.0013429094190676
12.0,46.0,0.2665603082860867,-2.741560842511202,1.0,5.0,0.0008654555463833
12.0,47.0,0.3698225475984728,-2.980586019378148,1.0,5.0,0.0012007225571378
12.0,48.0,0.3161779725448539,-2.847359271897046,1.0,5.0,0.0010265518589118
12.0,49.0,0.4971536553515163,-2.46972069885807,1.933155368065782,5.0,0.0016141352446477
12.0,50.0,0.4083649773839473,-2.9801464426426705,1.0,5.0,0.0013258603161816
13.0,1.0,0.1617982212483928,-1.7610308626709397,1.0,5.0,0.0005253189001571
13.0,2.0,0.3146500997581339,-2.860042042877032,1.6621395154315566,5.0,0.0010215912329809
13.0,3.0,0.0975044176038897,-1.4827505847315534,1.0000000000000002,5.0,0.0003165727844282
13.0,4.0,0.3084225370454668,-2.8609042307080643,1.675688268224031,5.0,0.0010013718735242
13.0,5.0,0.2274294397091487,-3.097908147586324,1.0,5.0,0.0007384072717829
13.0,6.0,0.3873246438563759,-3.499528723891093,1.0,5.0,0.0012575475449882
13.0,7.0,0.2920055498369841,-1.9876427060345907,1.0000000000000002,5.0,0.0009480699670031
13.0,8.0,0.3160827271310333,-2.127976675107342,1.0000000000000002,5.0,0.0010262426205553
13.0,9.0,0.2921241526463696,-1.9876427060345907,1.0000000000000002,5.0,0.0009484550410596
13.0,10.0,0.3074486650732733,-2.127976675107342,1.0000000000000002,5.0,0.0009982099515366
13.0,11.0,0.5524411711108068,-3.20996137198864,1.8249087726756563,5.0,0.0017936401659441
13.0,12.0,0.2289025217404552,-1.9381084287459784,1.0000000000000002,5.0,0.0007431900056508
13.0,13.0,0.0487522088019448,-0.0487522087005403,0.0,0.0,0.0001582863922141
13.0,14.0,0.2154235792249844,-1.947497653804536,1.0,5.0,0.0006994272052759
13.0,15.0,0.2431237469893469,-2.057457632218464,1.0,5.0,0.0007893628149004
13.0,16.0,0.2114745247629442,-1.947497653804536,1.0,5.0,0.0006866055998796
13.0,17.0,0.5530957047159576,-3.209849649696624,1.8239292593099616,5.0,0.0017957652750518
13.0,18.0,0.2294673860166505,-1.9381084287459784,1.0000000000000004,5.0,0.0007450239805735
13.0,19.0,0.3511236861656828,-2.493807798774961,0.9999999999999998,5.0,0.0011400119680703
13.0,20.0,0.2924717312299695,-2.491040909731603,1.7118095239003863,5.0,0.0009495835429544
13.0,21.0,0.4803670293213887,-3.641828038122765,1.0,5.0,0.0015596332120824
13.0,22.0,0.3682699422434052,-2.1021654467252686,1.0,5.0,0.0011956816306604
13.0,23.0,0.468668824192699,-2.4594730494513226,1.8622175344638952,5.0,0.0015216520265996
13.0,24.0,0.5029559356824322,-2.5748775018681243,1.9161135452514524,5.0,0.0016329738171507
13.0,25.0,0.4181242336649493,-2.165625549016031,1.2437908338469987,5.0,0.0013575462131978
13.0,26.0,0.4742303747169485,-2.241024254199071,1.629891254432415,5.0,0.0015397090088212
13.0,27.0,0.3955195582164912,-1.8990298088641355,1.0,5.0,0.0012841544097938
13.0,28.0,0.2339183020853953,-1.768388828965546,1.0,5.0,0.0007594750067707
13.0,29.0,0.2850568942287111,-2.042630652335246,1.0,5.0,0.0009255093968464
13.0,30.0,0.3407403470194025,-1.743944323398463,1.0,5.0,0.001106299827985
13.0,31.0,0.3365562174782233,-2.819397728296197,1.6020961621483218,5.0,0.0010927149918124
13.0,32.0,0.3299476033677583,-1.9089269154485395,1.0,5.0,0.0010712584524927
13.0,33.0,0.331549302884072,-2.819251047233936,1.6111779340207688,5.0,0.0010764587755976
13.0,34.0,0.3842051381236652,-1.8794519280271296,1.0,5.0,0.0012474192796222
13.0,35.0,0.5615382779479905,-2.6386827107190864,1.0,5.0,0.0018231762271038
13.0,36.0,0.3845648564442265,-2.814338723078469,1.5270065706652067,5.0,0.0012485871962474
13.0,37.0,0.5789963845471566,-3.11181543223181,1.503400991969657,5.0,0.0018798583913868
13.0,38.0,0.5202991456673026,-2.380226914948808,1.5739809266235751,5.0,0.0016892829404782
13.0,39.0,0.4268794398931376,-2.165899619775192,1.238816612589881,5.0,0.0013859722074452
13.0,40.0,0.4694037590954358,-2.4633353422442483,1.8608646828659776,5.0,0.0015240381788812
13.0,41.0,0.4578049350762979,-2.729813855351553,1.0,5.0,0.0014863796593386
13.0,42.0,0.394901768377295,-1.7509978955760026,1.0,5.0,0.0012821485986275
13.0,43.0,0.4439064385133973,-1.7980727649471566,0.9999999999999998,5.0,0.001441254670498
13.0,44.0,0.3952076128215939,-1.7509978955760026,1.0,5.0,0.0012831416000701
13.0,45.0,0.5930045694117843,-2.049773744345825,1.0,5.0,0.0019253395110772
13.0,46.0,0.4470840957119802,-2.0525806442253165,0.9999999999999998,5.0,0.0014515717393246
13.0,47.0,0.5503463350243661,-2.588645264997526,1.0000000000000002,5.0,0.0017868387500791
13.0,48.0,0.4967017599707473,-2.3313591913053164,1.0,5.0,0.001612668051853
13.0,49.0,0.692544909927469,-2.3520128123782897,1.0,5.0,0.0022485224348294
13.0,50.0,0.5888887648098406,-2.7146045103123724,0.9999999999999996,5.0,0.0019119765091228
14.0,1.0,0.2200088196205103,-1.8285015086680891,1.0,5.0,0.0007143143494172
14.0,2.0,0.3729722979730058,-2.902345356492808,1.5570874106955952,5.0,0.0012109490193928
14.0,3.0,0.1557150159760072,-1.476937905467704,1.0,5.0,0.0005055682336883
14.0,4.0,0.3667521818373198,-2.902885408159013,1.5666461184148217,5.0,0.0011907538371341
14.0,5.0,0.2856400380812663,-2.9515708321370475,1.0000000000000002,5.0,0.000927402721043
14.0,6.0,0.4455352422284934,-3.5146710844701983,1.0,5.0,0.0014465429942483
14.0,7.0,0.3450301744942939,-2.257502868284292,1.6025017057339292,5.0,0.0011202278392671
14.0,8.0,0.3690263079996668,-2.385451064694804,1.5632853357310266,5.0,0.0011981373636352
14.0,9.0,0.3451486082003017,-2.2575058036056848,1.6022951465658837,5.0,0.0011206123642866
14.0,10.0,0.3604038224451244,-2.38526906965216,1.5767470356513174,5.0,0.0011701422806659
14.0,11.0,0.393361519242526,-2.154975478054019,1.0000000000000002,5.0,0.0012771477897484
14.0,12.0,0.2874281716095663,-1.9859819812964103,1.7013266912643783,5.0,0.0009332083493817
14.0,13.0,0.3033327922438246,-2.0165883347676328,1.6644707348629513,5.0,0.0009848467280643
14.0,14.0,0.0412012859735908,-0.0412012858878922,0.0,0.0,0.0001337704090051
14.0,15.0,0.0824025719471816,-0.7714027229469924,1.0,5.0,0.0002675408180103
14.0,16.0,0.2696851231350617,-2.057091844661856,1.0,5.0,0.0008756010491398
14.0,17.0,0.3940152517513144,-2.154975478054019,1.0000000000000002,5.0,0.0012792702978938
14.0,18.0,0.2879929784084175,-1.985996011488986,1.699951354257044,5.0,0.0009350421376896
14.0,19.0,0.1904025111235175,-1.6352007632694978,1.0,5.0,0.0006181899711802
14.0,20.0,0.1365061926212242,-1.2674575748798294,1.0,5.0,0.0004432019240948
14.0,21.0,0.4584991919144863,-3.793322532506041,1.0,5.0,0.001488633739982
14.0,22.0,0.4245122951820922,-2.217565621408207,1.7105818317810209,5.0,0.0013782866726691
14.0,23.0,0.5246918338195952,-2.486144436056947,1.7752408811572835,5.0,0.0017035449149986
14.0,24.0,0.5589732830534291,-2.5991126729136367,1.8294811998822773,5.0,0.001814848321602
14.0,25.0,0.4734398977394894,-2.297063229823577,1.859049175220328,5.0,0.0015371425251282
14.0,26.0,0.5307750021594618,-2.126973827864937,1.568828953042349,5.0,0.0017232954615566
14.0,27.0,0.23757517379983,-1.8758052175931457,1.0,5.0,0.0007713479668825
14.0,28.0,0.2907158113874999,-2.0178122194497323,1.706500111639124,5.0,0.0009438825045048
14.0,29.0,0.3419056120133582,-2.268480046100336,1.6003760258062754,5.0,0.0011100831558875
14.0,30.0,0.39198436043195,-2.0340992646944582,1.7845713127420222,5.0,0.0012726764949089
14.0,31.0,0.3947201719424911,-2.893305530074021,1.5134618627535823,5.0,0.0012815589998132
14.0,32.0,0.3861033339235865,-2.018007012628761,1.7813934797123552,5.0,0.0012535822529986
14.0,33.0,0.3897125324391978,-2.893207907973631,1.520051953641693,5.0,0.0012653004299973
14.0,34.0,0.4403132559621658,-2.024802355313455,1.6854102922303116,5.0,0.0014295884933836
14.0,35.0,0.3981941130313502,-2.5704824500553416,1.0000000000000004,5.0,0.0012928380293225
14.0,36.0,0.4427363498301377,-2.922639492022343,1.4578315744890793,5.0,0.0014374556812666
14.0,37.0,0.4416129100799613,-2.631539105920312,1.0,5.0,0.0014338081496102
14.0,38.0,0.5768262300298056,-2.29143558718768,1.523504246480809,5.0,0.0018728124351617
14.0,39.0,0.4822754064219368,-2.2961796937578103,1.8430973031297329,5.0,0.0015658292416296
14.0,40.0,0.5254285018795621,-2.4904146580312605,1.7741591753043395,5.0,0.0017059366944141
14.0,41.0,0.2970837600341326,-1.892372772449068,1.0000000000000002,5.0,0.0009645576624484
14.0,42.0,0.2315576034606549,-1.8519764277781312,1.0000000000000002,5.0,0.0007518104008462
14.0,43.0,0.2805622735967572,-1.675335308958953,1.0,5.0,0.0009109164727167
14.0,44.0,0.2318634479049539,-1.8519764277781308,1.0,5.0,0.0007528034022888
14.0,45.0,0.431182923979482,-1.7848175088802418,1.468699731704408,5.0,0.0013999445583749
14.0,46.0,0.28373993079534,-2.096560398711396,1.0000000000000002,5.0,0.0009212335415433
14.0,47.0,0.3870021701077261,-2.5514462029735365,1.0000000000000002,5.0,0.0012565005522978
14.0,48.0,0.3333575950541072,-2.3297227185584197,1.0000000000000004,5.0,0.0010823298540717
14.0,49.0,0.5121296587334072,-2.226106998992428,1.9051193417881245,5.0,0.0016627586322513
14.0,50.0,0.4255445998932006,-2.615602486436569,1.0000000000000002,5.0,0.0013816383113415
15.0,1.0,0.1972384548264868,-1.6934635096092043,1.0000000000000002,5.0,0.0006403845935924
15.0,2.0,0.3501490361130002,-2.828653980251563,1.593947811254071,5.0,0.0011368475198474
15.0,3.0,0.1329446511819836,-1.300817379839357,1.0,5.0,0.0004316384778635
15.0,4.0,0.3439262775992475,-2.829291796824126,1.6048259793749322,5.0,0.0011166437584391
15.0,5.0,0.2628696732872427,-2.91631745603853,1.0,5.0,0.0008534729652183
15.0,6.0,0.4227648774344699,-3.46141939077572,1.0,5.0,0.0013726132384236
15.0,7.0,0.3223384992238043,-2.139733249423837,1.6449691858181787,5.0,0.0010465535689084
15.0,8.0,0.3463248715980392,-2.273318988954144,1.6002335476348142,5.0,0.0011244314012923
15.0,9.0,0.322456920178891,-2.139736687531062,1.644732479095515,5.0,0.0010469380525288
15.0,10.0,0.337703244256334,-2.273107469763871,1.615543647907167,5.0,0.0010964391047283
15.0,11.0,0.3705911544485025,-2.02480635399532,1.0,5.0,0.0012032180339237
15.0,12.0,0.2643427553185492,-1.936377132711996,1.0000000000000002,5.0,0.0008582556990861
15.0,13.0,0.2805421504937623,-1.889112907017729,1.7185386146868775,5.0,0.0009108511379667
15.0,14.0,0.2508638128030784,-1.9347739686884176,1.0000000000000002,5.0,0.0008144928987112
15.0,15.0,0.0568679139136003,-0.0568679137953152,0.0,0.0,0.000184636084135
15.0,16.0,0.2469147583410382,-1.9347739686884176,1.0000000000000002,5.0,0.000801671293315
15.0,17.0,0.3712448869572909,-2.02480635399532,1.0,5.0,0.0012053405420691
15.0,18.0,0.2649076195947444,-1.936377132711996,1.0000000000000002,5.0,0.0008600896740089
15.0,19.0,0.167632146329494,-1.4819300648150469,1.0,5.0,0.0005442602153555
15.0,20.0,0.1137358278272007,-1.042373277122964,0.9999999999999998,5.0,0.0003692721682701
15.0,21.0,0.4357288271204627,-3.751675828298001,1.0,5.0,0.0014147039841573
15.0,22.0,0.4017424886509785,-2.089888712297977,1.750801581376743,5.0,0.0013043587293862
15.0,23.0,0.5018970488767507,-2.474751672616898,2.2120464831885505,5.0,0.0016295358729764
15.0,24.0,0.5362026253519125,-2.593215437563072,2.2406168495235272,5.0,0.0017409176147789
15.0,25.0,0.4493678169350591,-2.1903339461628004,1.9087452937229292,5.0,0.0014589864186203
15.0,26.0,0.5080201301146663,-1.992860125053248,1.5942524626762866,5.0,0.0016494160068657
15.0,27.0,0.2148048090058065,-1.743995525142588,1.0,5.0,0.0006974182110578
15.0,28.0,0.2679205485743198,-1.8912118205901003,1.7668572697914091,5.0,0.0008698719109555
15.0,29.0,0.3191125733955186,-2.154043404871853,1.6434098433252182,5.0,0.0010360797837516
15.0,30.0,0.3691923968527394,-1.896661864080473,1.8332425399374428,5.0,0.0011986766131582
15.0,31.0,0.3719666977271519,-2.812144246792673,1.544835824906304,5.0,0.0012076840835297
15.0,32.0,0.3634174394318865,-1.8845696254524575,1.8298530117052207,5.0,0.0011799267514022
15.0,33.0,0.3669593161036853,-2.8120309990227894,1.5522616933691165,5.0,0.0011914263509859
15.0,34.0,0.4175609970921284,-1.8861417817877435,1.7226641673840728,5.0,0.0013557175230263
15.0,35.0,0.3754237482373268,-2.466835233863046,1.0000000000000002,5.0,0.0012189082734978
15.0,36.0,0.4199802473156259,-2.83552188277255,1.4826114152557477,5.0,0.0013635722315442
15.0,37.0,0.4188425452859378,-2.5272201558204674,1.0,5.0,0.0013598783937855
15.0,38.0,0.5540701470338882,-2.1647020238589496,1.5449612026256956,5.0,0.0017989290488113
15.0,39.0,0.4581588494291777,-2.190118273635953,1.89116686599387,5.0,0.0014875287319129
15.0,40.0,0.5026338884044879,-2.4789729883216363,2.210275797312474,5.0,0.0016319282091054
15.0,41.0,0.2743133952401091,-1.7504450254069497,1.0000000000000002,5.0,0.0008906279066237
15.0,42.0,0.2087872386666314,-1.7184785405512184,1.0,5.0,0.0006778806450215
15.0,43.0,0.2577919088027336,-1.5139592266277913,1.0000000000000002,5.0,0.0008369867168919
15.0,44.0,0.2090930831109304,-1.7184785405512184,1.0,5.0,0.000678873646464
15.0,45.0,0.4083860879461343,-1.6291596463934663,1.4948945810635896,5.0,0.0013259288569679
15.0,46.0,0.2609695660013165,-1.977529485401348,1.0,5.0,0.0008473037857185
15.0,47.0,0.3642318053137026,-2.449541005609824,1.0,5.0,0.001182570796473
15.0,48.0,0.3105872302600837,-2.220499491209809,1.0,5.0,0.001008400098247
15.0,49.0,0.4895443251589351,-2.097786495214644,1.9497102694263848,5.0,0.0015894296271393
15.0,50.0,0.4027742350991771,-2.511399360459471,1.0,5.0,0.0013077085555168
16.0,1.0,0.2160597651584702,-1.830055265110338,1.0,5.0,0.000701492744021
16.0,2.0,0.3690157861327962,-2.902989841817259,1.5631485278398238,5.0,0.0011981032017298
16.0,3.0,0.151765961513967,-1.4836568065102351,1.0,5.0,0.0004927466282921
16.0,4.0,0.3627952401890241,-2.903546591886061,1.5729182367068937,5.0,0.0011779066239903
16.0,5.0,0.2816909836192262,-2.963251814149854,1.0,5.0,0.0009145811156468
16.0,6.0,0.4415861877664532,-3.516479688882374,1.0,5.0,0.0014337213888521
16.0,7.0,0.3410955654231444,-2.2523874585827715,1.6094612467250866,5.0,0.0011074531344907
16.0,8.0,0.3650898986567125,-2.380012220442356,1.5693636200415184,5.0,0.0011853568138204
16.0,9.0,0.3412139970056884,-2.252390482263822,1.6092498876932133,5.0,0.0011078376526158
16.0,10.0,0.3564675560243996,-2.3798250263619667,1.5831210260923407,5.0,0.0011573621948844
16.0,11.0,0.3894124647804858,-2.145482103342368,1.0,5.0,0.0012643261843522
16.0,12.0,0.2834798854356092,-1.982064002712122,1.7110949666949855,5.0,0.0009203892384273
16.0,13.0,0.2993836488871268,-2.0107534079194505,1.6732382366182452,5.0,0.0009720248340491
16.0,14.0,0.2696851231350617,-2.055319039480741,1.0,5.0,0.0008756010491398
16.0,15.0,0.0784535174851414,-0.7926932333797511,1.0,5.0,0.000254719212614
16.0,16.0,0.0392267587425707,-0.0392267586609791,0.0,0.0,0.000127359606307
16.0,17.0,0.3900661972892743,-2.145482103342368,1.0,5.0,0.0012664486924976
16.0,18.0,0.2840446913197707,-1.982078489767105,1.709681089291517,5.0,0.0009222230237654
16.0,19.0,0.1864534566614774,-1.6396044340382672,1.0,5.0,0.000605368365784
16.0,20.0,0.1325571381591841,-1.2798673679415864,1.0,5.0,0.0004303803186986
16.0,21.0,0.454550137452446,-3.796610404980184,1.0,5.0,0.0014758121345858
16.0,22.0,0.4205634613663278,-2.2075329842759475,1.7172453675125037,5.0,0.0013654657836569
16.0,23.0,0.5207413717884467,-2.4753715240521936,1.7811001653759184,5.0,0.0016907187395728
16.0,24.0,0.5550230796891445,-2.5884913238458056,1.8353675503562965,5.0,0.0018020229860037
16.0,25.0,0.4694994696703818,-2.286177355592549,1.8664216854990603,5.0,0.0015243489275012
16.0,26.0,0.526828644531356,-2.113320816342968,1.5730810541720088,5.0,0.0017104826121147
16.0,27.0,0.2336261193377899,-1.8766349121887445,1.0,5.0,0.0007585263614863
16.0,28.0,0.286762717753392,-2.0144316914685616,1.716277388004895,5.0,0.0009310477849136
16.0,29.0,0.337952853559238,-2.263940184302995,1.6074219070105091,5.0,0.0010972495245429
16.0,30.0,0.388033659780338,-2.023710291595282,1.7926004783447171,5.0,0.0012598495447413
16.0,31.0,0.390773976070892,-2.8920308561426595,1.5186414360161449,5.0,0.0012687466755548
16.0,32.0,0.3821578144198291,-2.0079084749972878,1.789439801638539,5.0,0.0012407721247397
16.0,33.0,0.3857663792445619,-2.891930624816573,1.5253660243987053,5.0,0.0012524882443005
16.0,34.0,0.4363673809892819,-2.012692917522424,1.6915934271524726,5.0,0.0014167772110041
16.0,35.0,0.3942450585693102,-2.565150242831434,1.0,5.0,0.0012800164239263
16.0,36.0,0.4387897146014002,-2.9190166592225477,1.461945101636557,5.0,0.001424641930524
16.0,37.0,0.4376638556179213,-2.6249711399948783,1.0,5.0,0.001420986544214
16.0,38.0,0.5728796560606262,-2.278191669085788,1.527103575412971,5.0,0.0018599988833137
16.0,39.0,0.478335547537164,-2.2852754911485147,1.850197236471784,5.0,0.0015530374920037
16.0,40.0,0.5214780595599994,-2.479641846775565,1.7800020581038534,5.0,0.001693110582987
16.0,41.0,0.2931347055720926,-1.8859203012571024,1.0,5.0,0.0009517360570522
16.0,42.0,0.2276085489986148,-1.8531058304415728,1.0,5.0,0.00073898879545
16.0,43.0,0.276613219134717,-1.6670765972517467,1.0,5.0,0.0008980948673205
16.0,44.0,0.2279143934429138,-1.8531058304415728,1.0,5.0,0.0007399817968925
16.0,45.0,0.4272294914690174,-1.7701152919595318,1.4730420934945658,5.0,0.0013871087385357
16.0,46.0,0.2797908763332999,-2.095081031544761,1.0,5.0,0.000908411936147
16.0,47.0,0.3830531156456859,-2.547127135517521,1.0,5.0,0.0012436789469015
16.0,48.0,0.3294085405920671,-2.3265347573469173,1.0,5.0,0.0010695082486755
16.0,49.0,0.5082370217405073,-2.213844662002027,1.9125480069668512,5.0,0.0016501202004561
16.0,50.0,0.4215955454311604,-2.6093288403791304,1.0,5.0,0.0013688167059453
17.0,1.0,0.272121325219728,-1.751696090350679,1.0,5.0,0.0008835107961679
17.0,2.0,0.4251801155240073,-2.853214257960215,1.4878065222119763,5.0,0.0013804549205324
17.0,3.0,0.2078275215752247,-1.3392203620351648,1.0,5.0,0.000674764680439
17.0,4.0,0.4189648995970036,-2.853580414474564,1.4951195824217196,5.0,0.0013602756480422
17.0,5.0,0.3377525436804838,-2.774116979128668,1.0000000000000002,5.0,0.0010965991677937
17.0,6.0,0.497647747827711,-3.456291205277016,1.0,5.0,0.001615739440999
17.0,7.0,0.188499653381103,-1.447121309496969,1.0000000000000002,5.0,0.0006120118616269
17.0,8.0,0.2125768306751522,-1.626255201975204,1.0,5.0,0.000690184515179
17.0,9.0,0.1886182561904885,-1.4471213094969686,1.0,5.0,0.0006123969356834
17.0,10.0,0.2039427686173922,-1.626255201975204,1.0,5.0,0.0006621518461603
17.0,11.0,0.4491643186434849,-2.6777531649477475,1.7718147943960183,5.0,0.0014583257098814
17.0,12.0,0.1369043727920851,-0.514713117904326,1.0,5.0,0.0004444947168574
17.0,13.0,0.1527884981511832,-0.645158074603395,1.0,5.0,0.0004960665524389
17.0,14.0,0.3257466831963195,-2.023579029903309,1.0,5.0,0.0010576191012867
17.0,15.0,0.3534468509606821,-2.1544328966729323,0.9999999999999998,5.0,0.0011475547109113
17.0,16.0,0.3217976287342793,-2.023579029903309,1.0,5.0,0.0010447974958905
17.0,17.0,0.0684521863960425,-0.0684521862536621,0.0,0.0,0.0002222473584287
17.0,18.0,0.1374692370682803,-0.514713117904326,1.0,5.0,0.0004463286917801
17.0,19.0,0.2435769681400979,-2.362612120471937,1.0,5.0,0.0007908343121431
17.0,20.0,0.1896806496378046,-2.225575059837695,1.0,5.0,0.0006158462650578
17.0,21.0,0.5560599643634258,-3.883248311662502,1.7729154319730511,5.0,0.0018053894946864
17.0,22.0,0.4776725575169509,-2.475522336623828,1.63479525929876,5.0,0.001550884927003
17.0,23.0,0.57827841328098,-2.7348057927266587,2.221834035456045,5.0,0.0018775273158473
17.0,24.0,0.6125727558265859,-2.8460167710476227,2.245896503941146,5.0,0.0019888725838525
17.0,25.0,0.5235339364637677,-2.5797712950152567,1.7848044953086122,5.0,0.0016997855079992
17.0,26.0,0.5838728815839238,-2.564838893624597,2.029737297830573,5.0,0.0018956911739737
17.0,27.0,0.2907496308164105,-2.4992215183879187,1.0,5.0,0.0009439923078454
17.0,28.0,0.3442414060567304,-1.9405169590488784,1.0,5.0,0.0011176669027815
17.0,29.0,0.3953799982000461,-2.2226236623621967,1.0000000000000002,5.0,0.0012837012928572
17.0,30.0,0.4510634509907376,-2.077635571458504,1.0,5.0,0.0014644917239959
17.0,31.0,0.4467983716212296,-2.866995323045326,1.4536732373336323,5.0,0.0014506440637052
17.0,32.0,0.4393376074903477,-2.2993696141267925,1.6902982046711217,5.0,0.00142642080354
17.0,33.0,0.4417902388003586,-2.866925414380545,1.4588102712430389,5.0,0.0014343838922089
17.0,34.0,0.493615323857457,-2.3110797605915514,1.6142583294905344,5.0,0.0016026471553813
17.0,35.0,0.4513685700479307,-3.0071274601867453,1.0,5.0,0.0014654823702854
17.0,36.0,0.4948195911970062,-2.926780531085714,1.4096892293877217,5.0,0.0016065571142759
17.0,37.0,0.4947873670965417,-3.0529762895631443,1.0,5.0,0.0016064524905731
17.0,38.0,0.6299568996659775,-2.703995737188768,1.9543316086203253,5.0,0.0020453146093051
17.0,39.0,0.5323437118621343,-2.5791767602871425,1.771678668319487,5.0,0.001728388674877
17.0,40.0,0.5790139287329248,-2.738820334301177,2.2202808846933197,5.0,0.0018799153530289
17.0,41.0,0.350258217050713,-2.467503196235578,1.0,5.0,0.0011372020034114
17.0,42.0,0.2847320604772353,-2.484407082640568,1.0000000000000002,5.0,0.0009244547418092
17.0,43.0,0.3337367306133376,-2.299974799676153,1.0,5.0,0.0010835608136796
17.0,44.0,0.2850379049215343,-2.484407082640568,1.0,5.0,0.0009254477432517
17.0,45.0,0.4839690451547408,-2.2864256361798025,1.4184271613563677,5.0,0.0015713280686842
17.0,46.0,0.3369143878119204,-2.6471313722364034,1.0,5.0,0.0010938778825062
17.0,47.0,0.4401766271243064,-2.9953008945444903,1.0000000000000002,5.0,0.0014291448932607
17.0,48.0,0.3865320520706876,-2.819844127988744,1.0000000000000002,5.0,0.0012549741950347
17.0,49.0,0.5663909129615585,-2.6490004752080885,1.8119577525614692,5.0,0.0018389315355894
17.0,50.0,0.478719056909781,-3.040877314984884,1.0,5.0,0.0015542826523044
18.0,1.0,0.2023321099700895,-1.6909069508614147,1.0,5.0,0.0006569224349678
18.0,2.0,0.3552521034121067,-2.826957123431316,1.585284806494265,5.0,0.0011534159201691
18.0,3.0,0.1380383063255863,-1.2918164255884754,1.0000000000000002,5.0,0.0004481763192389
18.0,4.0,0.3490299588120401,-2.8275693167261142,1.5958450633645564,5.0,0.0011332141519871
18.0,5.0,0.2679633284308454,-2.8981350228567218,1.0000000000000002,5.0,0.0008700108065936
18.0,6.0,0.4278585325780725,-3.458196819377356,1.0000000000000002,5.0,0.0013891510797989
18.0,7.0,0.3297099465189891,-2.3545225993065872,1.6365270869194295,5.0,0.0010704868393473
18.0,8.0,0.3536665282573688,-2.4732134174737395,1.5928249734302191,5.0,0.0011482679488875
18.0,9.0,0.3298286941587425,-2.354509047121136,1.6362960236188375,5.0,0.0010708723836322
18.0,10.0,0.3450224647026077,-2.474050244113436,1.6077888433318843,5.0,0.0011202028074759
18.0,11.0,0.3767467610094679,-2.542698747606725,1.0,5.0,0.0012232037695112
18.0,12.0,0.2694364104621519,-1.9395709155110563,1.0,5.0,0.0008747935404615
18.0,13.0,0.0829992829015448,-0.3128560609421945,1.0000000000000002,5.0,0.0002694781912387
18.0,14.0,0.255957467946681,-1.936813548400948,1.0,5.0,0.0008310307400866
18.0,15.0,0.275740344218172,-2.2515988716859288,1.7597189824769168,5.0,0.0008952608578512
18.0,16.0,0.252008413484641,-1.9368135484009488,1.0000000000000002,5.0,0.0008182091346903
18.0,17.0,0.3774004935182564,-2.542698747606725,1.0,5.0,0.0012253262776566
18.0,18.0,0.0414996414507724,-0.0414996413644532,0.0,0.0,0.0001347390956193
18.0,19.0,0.1737877528904595,-2.72393884490852,1.0,5.0,0.000564245950943
18.0,20.0,0.1198914343881662,-3.1226966506753264,1.0,5.0,0.0003892579038576
18.0,21.0,0.4902244192810253,-3.8840803792953,1.8800420588697309,5.0,0.0015916377249383
18.0,22.0,0.4078566622573562,-2.320639092325269,1.7436902310794369,5.0,0.001324209942394
18.0,23.0,0.5084830555191107,-2.550556883290394,2.3896413223142985,5.0,0.0016509190114256
18.0,24.0,0.5427743434692194,-2.665412178256857,2.4061637331330106,5.0,0.001762254361913
18.0,25.0,0.4564866800831598,-2.396663531663738,1.8918847784616573,5.0,0.0014820996106596
18.0,26.0,0.5140795540763503,-2.361868431878039,2.169712760747498,5.0,0.0016690894612868
18.0,27.0,0.220960415566772,-2.6888962702802117,1.0000000000000002,5.0,0.0007174039466453
18.0,28.0,0.274452190807092,-1.8060167387126531,1.0000000000000002,5.0,0.0008910785415814
18.0,29.0,0.3255907829504078,-2.0904946319422715,1.0000000000000002,5.0,0.0010571129316571
18.0,30.0,0.3767804131290883,-2.1115220518079068,1.8237202669349268,5.0,0.0012233130296398
18.0,31.0,0.3770564088724266,-2.813256019123121,1.5374891553170535,5.0,0.0012242091197156
18.0,32.0,0.3695227523244836,-2.14673831224926,1.8210289452253143,5.0,0.0011997491958587
18.0,33.0,0.3720489669182737,-2.8131467090992954,1.5447147815978142,5.0,0.001207951191293
18.0,34.0,0.4237218373954598,-2.1294434292888247,1.7159888734016593,5.0,0.0013757202512839
18.0,35.0,0.3815793547982923,-2.969241190454809,1.0,5.0,0.0012388940090853
18.0,36.0,0.4250705841206608,-2.83997527029323,1.4768381256178595,5.0,0.001380099299093
18.0,37.0,0.4249981518469033,-2.9854275935036365,1.0,5.0,0.001379864129373
18.0,38.0,0.5601619684271533,-2.5028590021968142,2.0733723984927988,5.0,0.0018187076896985
18.0,39.0,0.4652619750904037,-2.3965449197919586,1.8749832820186323,5.0,0.0015105908282155
18.0,40.0,0.5092185131892057,-2.5545289006910483,2.3876326031240684,5.0,0.0016533068610039
18.0,41.0,0.2804690018010746,-2.467129397253208,1.0,5.0,0.0009106136422112
18.0,42.0,0.2149428452275969,-2.687388667669314,1.0,5.0,0.000697866380609
18.0,43.0,0.2639475153636991,-2.288681979356112,1.0,5.0,0.0008569724524795
18.0,44.0,0.2152486896718958,-2.687388667669314,1.0,5.0,0.0006988593820516
18.0,45.0,0.4141809640349375,-2.0914417418806184,1.488851448521848,5.0,0.0013447433897238
18.0,46.0,0.2671251725622819,-2.7399424246024733,1.0,5.0,0.0008672895213061
18.0,47.0,0.370387411874668,-2.9803397785244394,1.0,5.0,0.0012025565320606
18.0,48.0,0.3167428368210492,-2.846596525031625,1.0,5.0,0.0010283858338345
18.0,49.0,0.4977076056934393,-2.471128569949353,1.9320372911522536,5.0,0.0016159337847189
18.0,50.0,0.4089298416601425,-2.980398123464752,1.0,5.0,0.0013276942911043
19.0,1.0,0.2969075151028215,-1.9767479399464112,1.0,5.0,0.0009639854386455
19.0,2.0,0.4500281480316529,-2.992649000438429,1.4605648125014512,5.0,0.0014611303507521
19.0,3.0,0.2326137114583183,-1.6223238599442809,1.0,5.0,0.0007552393229166
19.0,4.0,0.4438148912508031,-2.992966136978932,1.467078303863785,5.0,0.0014409574391259
19.0,5.0,0.3625387335635774,-2.9139537618957547,1.0,5.0,0.0011770738102713
19.0,6.0,0.5224339377108046,-3.5680335322509524,0.9999999999999998,5.0,0.0016962140834766
19.0,7.0,0.2132858432641966,-1.729075029726728,1.0,5.0,0.0006924865041045
19.0,8.0,0.2373630205582458,-1.8762070325492997,1.0,5.0,0.0007706591576566
19.0,9.0,0.2134044460735821,-1.729075029726728,1.0,5.0,0.0006928715781609
19.0,10.0,0.2287289585004857,-1.8762070325492997,1.0,5.0,0.0007426264886379
19.0,11.0,0.2673324954526517,-1.3527721735438922,1.0,5.0,0.0008679626475735
19.0,12.0,0.1616905626751787,-1.0047887237098128,1.0,5.0,0.0005249693593349
19.0,13.0,0.1775746880342768,-1.0655728064769987,1.0,5.0,0.0005765411949164
19.0,14.0,0.3505328730794131,-2.2202962064362177,1.0,5.0,0.0011380937437643
19.0,15.0,0.3660194470143184,-2.2329063291646105,1.8320435138201403,5.0,0.0011883748279685
19.0,16.0,0.346583818617373,-2.2202962064362177,1.0,5.0,0.001125272138368
19.0,17.0,0.2679862279614401,-1.3527721735438922,1.0,5.0,0.0008700851557189
19.0,18.0,0.1622554269513739,-1.0047887237098128,1.0,5.0,0.0005268033342577
19.0,19.0,0.0546113648117429,-0.0546113646981514,0.0,0.0,0.0001773096260121
19.0,20.0,0.2144668395208981,-2.400365662100576,1.0000000000000002,5.0,0.0006963209075353
19.0,21.0,0.5388543412941336,-2.8788902936252603,1.3819017986399666,5.0,0.0017495270821238
19.0,22.0,0.5059480848809402,-1.5553947287555348,1.0000000000000002,5.0,0.0016426885872757
19.0,23.0,0.6068064860461567,-1.7867679512976098,1.0000000000000002,5.0,0.0019701509287212
19.0,24.0,0.641096648840531,-1.9600698561577423,1.0885148242831555,5.0,0.0020814826261056
19.0,25.0,0.5586700057978758,-1.724502826238662,1.173849795141661,5.0,0.0018138636551879
19.0,26.0,0.612411379965714,-1.692904558316225,1.0000000000000002,5.0,0.0019883486362523
19.0,27.0,0.3166786259652519,-2.066461932477309,1.0,5.0,0.00102817735703
19.0,28.0,0.3690275959398239,-2.142385971343061,1.0,5.0,0.0011981415452591
19.0,29.0,0.4196198768458924,-2.468627124835776,1.7240600543802542,5.0,0.0013624021975515
19.0,30.0,0.4669155424836871,-1.3976185724526096,1.0,5.0,0.0015159595535184
19.0,31.0,0.4715705203233226,-3.0077945515903326,1.4298658924610197,5.0,0.0015310731179328
19.0,32.0,0.4676257460052934,-1.2781857567601822,1.0,5.0,0.001518265409108
19.0,33.0,0.4665621919330072,-3.007733403490087,1.434475181876166,5.0,0.0015148123114708
19.0,34.0,0.5218832807612002,-1.4211512002087292,1.0000000000000002,5.0,0.0016944262362376
19.0,35.0,0.4796798764077001,-1.9553478354343172,1.3192087761888254,5.0,0.0015574021961288
19.0,36.0,0.5195936645100027,-3.0653759294182565,1.3901751201528056,5.0,0.0016869924172402
19.0,37.0,0.5207320125575929,-1.7718386471698278,1.0,5.0,0.0016906883524597
19.0,38.0,0.6584922477058462,-1.9041404595780116,1.0000000000000002,5.0,0.0021379618432008
19.0,39.0,0.5674606123362967,-1.724449440400159,1.1711320550856743,5.0,0.0018424045855074
19.0,40.0,0.6075420733533258,-1.7933113078939478,1.0,5.0,0.0019725391991991
19.0,41.0,0.1710547362442584,-0.9580279326903962,1.0,5.0,0.0005553725202735
19.0,42.0,0.3106610556260769,-2.042448934691232,1.0,5.0,0.0010086397909937
19.0,43.0,0.352052424295328,-1.1408191360589148,1.0,5.0,0.0011430273516082
19.0,44.0,0.3109669000703758,-2.042448934691232,0.9999999999999998,5.0,0.0010096327924362
19.0,45.0,0.3063104298867218,-0.904955569281024,1.0,5.0,0.000994514382749
19.0,46.0,0.3667338006374765,-1.0193905818072853,1.0,5.0,0.0011906941579138
19.0,47.0,0.3605662846254396,-1.3441640365430312,1.0,5.0,0.0011706697552774
19.0,48.0,0.4151977166245403,-1.520534473876603,1.36801769068889,5.0,0.0013480445344952
19.0,49.0,0.4058507704024064,-1.2764466307348643,1.0,5.0,0.0013176973065013
19.0,50.0,0.4397628838093428,-1.3602975230482983,0.9999999999999998,5.0,0.0014278015708095
20.0,1.0,0.3532820165141055,-2.261257130994476,1.574076400209349,5.0,0.0011470195341367
20.0,2.0,0.5084745763805469,-3.101096016635232,1.803727485972057,5.0,0.001650891481755
20.0,3.0,0.2890634272455994,-1.952657121405242,1.7013456640734252,5.0,0.0009385176209272
20.0,4.0,0.5022950094577792,-3.1011679893347743,1.8135931220303856,5.0,0.0016308279527849
20.0,5.0,0.4188741198182454,-3.077632391850301,1.4843585178048235,5.0,0.0013599809085007
20.0,6.0,0.5760762263623488,-3.694682423952869,1.709639274687599,5.0,0.0018703773583193
20.0,7.0,0.2739429613009831,-2.022991987297748,1.0,5.0,0.0008894251990291
20.0,8.0,0.2980201385950323,-2.155212491684119,1.0,5.0,0.0009675978525812
20.0,9.0,0.2740615641103685,-2.0229919872977487,1.0000000000000002,5.0,0.0008898102730856
20.0,10.0,0.2893860765372722,-2.155212491684119,1.0,5.0,0.0009395651835625
20.0,11.0,0.3279896134894383,-1.7561015736288976,1.0000000000000002,5.0,0.0010649013424981
20.0,12.0,0.2223476807119651,-1.476157335321257,1.0,5.0,0.0007219080542596
20.0,13.0,0.2382318060710632,-1.5236990306737015,1.0,5.0,0.0007734798898411
20.0,14.0,0.4067114442818503,-2.567442579512801,2.0112203160413054,5.0,0.0013204917022137
20.0,15.0,0.2118633250473671,-1.4645873463801145,1.0,5.0,0.0006878679384654
20.0,16.0,0.4027666689934944,-2.567410329066626,2.021116565930255,5.0,0.0013076839902386
20.0,17.0,0.3286433459982267,-1.756101573628897,1.0,5.0,0.0010670238506435
20.0,18.0,0.2229125449881604,-1.476157335321257,1.0,5.0,0.0007237420291823
20.0,19.0,0.1250306053704298,-1.1112092205241009,1.0,5.0,0.0004059435239299
20.0,20.0,0.0625153026852149,-0.0625153025551832,0.0,0.0,0.0002029717619649
20.0,21.0,0.3931272861613986,-3.680817824408555,0.9999999999999998,5.0,0.0012763872927318
20.0,22.0,0.3575823092857161,-1.7349037319656937,1.0,5.0,0.0011609815236549
20.0,23.0,0.4584407104509324,-1.7749221525733463,1.0,5.0,0.0014884438651004
20.0,24.0,0.4927308731625968,-1.9535532763076908,1.115167454528706,5.0,0.0015997755622162
20.0,25.0,0.4113015698589343,-1.8015998887289744,1.237635457920998,5.0,0.0013353947073342
20.0,26.0,0.4640456043704898,-1.655193029116531,1.0,5.0,0.0015066415726314
20.0,27.0,0.1722032680467423,-1.4550309112789137,1.0000000000000002,5.0,0.0005591015196322
20.0,28.0,0.2232326897315219,-1.7664020146448,1.0000000000000002,5.0,0.0007247814601672
20.0,29.0,0.2743712818748378,-2.03513146728827,1.0,5.0,0.0008908158502429
20.0,30.0,0.3185497668884629,-1.670809699940896,1.0,5.0,0.0010342524898976
20.0,31.0,0.3269005302015058,-2.786738955114399,1.0,5.0,0.001061365357797
20.0,32.0,0.3192599704100692,-1.4897345982056018,1.0,5.0,0.0010365583454872
20.0,33.0,0.3218896845915455,-2.786738955114399,1.0,5.0,0.0010450963785439
20.0,34.0,0.3735175051659759,-1.5128675048488938,1.0,5.0,0.0012127191726168
20.0,35.0,0.3328222072782626,-2.2585266897720144,1.0000000000000002,5.0,0.0010805915820722
20.0,36.0,0.3749481749643557,-2.775951476976158,1.0,5.0,0.0012173642044297
20.0,37.0,0.3762410043268737,-2.317924690237638,1.0,5.0,0.0012215617023599
20.0,38.0,0.5101264721106221,-1.8518308926020852,1.0000000000000002,5.0,0.0016562547795799
20.0,39.0,0.4200992930206678,-1.8014230616646565,1.2325827592194942,5.0,0.0013639587435735
20.0,40.0,0.4591762977581014,-1.7808177892072738,1.0,5.0,0.0014908321355782
20.0,41.0,0.2317118542810449,-1.4455929558830718,1.0,5.0,0.0007523112151981
20.0,42.0,0.1661856977075672,-1.4238179899164456,1.0,5.0,0.0005395639535959
20.0,43.0,0.2151903678436695,-1.157177847305513,1.0,5.0,0.0006986700254664
20.0,44.0,0.1664915421518662,-1.4238179899164456,1.0,5.0,0.0005405569550385
20.0,45.0,0.3655720242644005,-1.2928031528309,1.5533389116228815,5.0,0.0011869221567025
20.0,46.0,0.2183680250422523,-1.7281380473222612,1.0,5.0,0.000708987094293
20.0,47.0,0.3216302643546384,-2.244930342432724,1.0,5.0,0.0010442541050475
20.0,48.0,0.2679856893010195,-1.9977366134178345,1.0,5.0,0.0008700834068214
20.0,49.0,0.4473493835192178,-1.837734863133736,2.046253965539086,5.0,0.001452433063374
20.0,50.0,0.3601726941401129,-2.3022263899958797,1.0,5.0,0.0011693918640912
21.0,1.0,0.4582115213960911,-2.2176494895990224,1.0000000000000004,5.0,0.0014876997447925
21.0,2.0,0.6041426758167056,-2.4928381443363827,1.0000000000000004,5.0,0.00196150219421
21.0,3.0,0.393917717751588,-1.87574971614428,1.0000000000000004,5.0,0.0012789536290635
21.0,4.0,0.5979532541001,-2.4928381443363827,1.0000000000000004,5.0,0.0019414066691561
21.0,5.0,0.5238427398568472,-2.945233882162856,1.0,5.0,0.0017007881164183
21.0,6.0,0.671818714363045,-3.112193581508466,1.0,5.0,0.0021812295920878
21.0,7.0,0.5827702752416509,-2.721653136332214,2.0520113735321,5.0,0.0018921112832521
21.0,8.0,0.6068322426720304,-2.8446100438546984,2.01029049839556,5.0,0.0019702345541299
21.0,9.0,0.5828888325221621,-2.721650596070044,2.0517974150654275,5.0,0.0018924962094875
21.0,10.0,0.5982013825404706,-2.844780327727723,2.024865510560426,5.0,0.0019422122809755
21.0,11.0,0.6933184123703803,-2.5999063740999624,2.029618293579916,5.0,0.0022510338063973
21.0,12.0,0.5286124109182819,-2.40093652125542,1.9430560654145408,5.0,0.0017162740614229
21.0,13.0,0.544498658622074,-2.4812550283098256,1.915501468204431,5.0,0.001767852787734
21.0,14.0,0.5057002066080378,-1.9913268653408016,1.0,5.0,0.0016418837876884
21.0,15.0,0.3206052737227624,-1.3324247896885657,1.0000000000000002,5.0,0.0010409262133855
21.0,16.0,0.5017511521459976,-1.9913268653408016,1.0,5.0,0.0016290621822922
21.0,17.0,0.6939717791634179,-2.599895943733412,2.0286447683373887,5.0,0.0022531551271539
21.0,18.0,0.5291776789101474,-2.400897376884918,1.9420477671915264,5.0,0.0017181093471108
21.0,19.0,0.4315735537727697,-1.978274341184717,1.9325223195890735,5.0,0.0014012128369245
21.0,20.0,0.3747088943968051,-1.674093019190319,1.0000000000000002,5.0,0.0012165873194701
21.0,21.0,0.0391497591236173,-0.0391497590421859,0.0,0.0,0.0001271096075442
21.0,22.0,0.265198547922302,-1.028335723745959,1.0,5.0,0.0008610342465009
21.0,23.0,0.3660569490875184,-1.1033402206655123,1.0,5.0,0.0011884965879464
21.0,24.0,0.3920995529385173,-2.132392081922744,2.446342341446967,5.0,0.0012730504965536
21.0,25.0,0.3194703025516053,-1.1285334831773843,1.3080885890166167,5.0,0.0010372412420506
21.0,26.0,0.3716618430070758,-0.9509703078539824,1.0,5.0,0.0012066942954775
21.0,27.0,0.2809452167221377,-1.1517288942209802,1.0,5.0,0.0009121597945523
21.0,28.0,0.3319746384069172,-1.553081568039378,1.0,5.0,0.0010778397350873
21.0,29.0,0.3742350496089224,-0.944163007502377,1.0,5.0,0.0012150488623666
21.0,30.0,0.2261660055250489,-0.9289591922353054,1.0000000000000002,5.0,0.0007343052127436
21.0,31.0,0.4267642979355905,-1.7442056365020573,1.0,5.0,0.0013855983699207
21.0,32.0,0.2268762090466552,-0.661990409347524,1.0,5.0,0.0007366110683332
21.0,33.0,0.4217534523256302,-1.7442056365020573,1.0,5.0,0.0013693293906676
21.0,34.0,0.2811337438025619,-0.7249340476988567,1.0,5.0,0.0009127718954628
21.0,35.0,0.1448993349790822,-0.5981749839389601,1.0000000000000002,5.0,0.0004704523862957
21.0,36.0,0.4569660329886379,-1.2789747742749304,1.0,5.0,0.0014836559512618
21.0,37.0,0.092578576326486,-0.3173069125125258,1.0,5.0,0.0003005797932678
21.0,38.0,0.417742710747208,-1.208725608421381,1.0,5.0,0.0013563075024259
21.0,39.0,0.328277872818542,-1.128159829831693,1.2996399072669522,5.0,0.0010658372494108
21.0,40.0,0.3667925363946875,-1.1111247580928578,1.0000000000000004,5.0,0.0011908848584243
21.0,41.0,0.5302226554106898,-1.8362121674789171,1.376235141470197,5.0,0.0017215021279567
21.0,42.0,0.2803274268829414,-0.935008792758872,1.0000000000000004,5.0,0.0009101539833861
21.0,43.0,0.3293314787084208,-1.2847051379084549,1.6057385061519915,5.0,0.0010692580477546
21.0,44.0,0.2806332713272403,-0.935008792758872,1.0000000000000002,5.0,0.0009111469848287
21.0,45.0,0.2835880820047446,-1.6040115259293362,1.0000000000000002,5.0,0.0009207405259894
21.0,46.0,0.3374049094676201,-1.4520570891625268,1.6080185198028574,5.0,0.0010954704852844
21.0,47.0,0.234644434093312,-1.4967268059523156,1.0,5.0,0.000761832578225
21.0,48.0,0.1809998590396931,-1.0806819236847522,1.0000000000000002,5.0,0.000587661879999
21.0,49.0,0.2957594768649761,-2.2671342153860268,1.686589211663216,5.0,0.0009602580417694
21.0,50.0,0.2728840013364523,-2.184297931736807,1.7430051739732968,5.0,0.0008859870173261
22.0,1.0,0.5780698635854553,-2.6465357140532486,1.0,5.0,0.0018768502064462
22.0,2.0,0.5148403500181253,-2.4714236171124053,1.0,5.0,0.0016715595779809
22.0,3.0,0.5172144008380151,-1.9792072227692223,1.0,5.0,0.0016792675351883
22.0,4.0,0.5086509283015198,-2.4714236171124053,1.0,5.0,0.001651464052927
22.0,5.0,0.6369501029447572,-3.329094707669708,1.0,5.0,0.0020680198147557
22.0,6.0,0.5825163885644649,-3.1364671379451314,0.9999999999999998,5.0,0.0018912869758586
22.0,7.0,0.7064327596998864,-2.877333283308615,1.5820667630799774,5.0,0.0022936128561684
22.0,8.0,0.7305264803001531,-2.9991611489397223,1.562878966863456,5.0,0.0023718392217537
22.0,9.0,0.7065513878870495,-2.8773361034448337,1.581969039484584,5.0,0.0022939980126202
22.0,10.0,0.721890630375451,-2.9989706618521224,1.5696124741835484,5.0,0.0023438007479722
22.0,11.0,0.813892180619493,-2.8352923292625745,1.782201743951483,5.0,0.0026425070799334
22.0,12.0,0.6497951309352363,-2.6298828716408225,1.6262219090856145,5.0,0.0021097244510884
22.0,13.0,0.6656034816429268,-2.717019307012832,1.6113231088510267,5.0,0.0021610502650744
22.0,14.0,0.4163978808094575,-1.9820756835106483,0.9999999999999998,5.0,0.0013519411714592
22.0,15.0,0.443950409402703,-1.6703587110674711,1.4591979674976552,5.0,0.0014413974331256
22.0,16.0,0.4124488263474173,-1.9820756835106483,1.0,5.0,0.001339119566063
22.0,17.0,0.8145478489722816,-2.835263501726178,1.781559254152799,5.0,0.0026446358732866
22.0,18.0,0.6503589818895884,-2.6299478157449063,1.6256796415955286,5.0,0.0021115551360051
22.0,19.0,0.5550640051240209,-2.167709714184721,1.5613631490291169,5.0,0.0018021558607922
22.0,20.0,0.4980543053998707,-1.966526593750613,1.409326138729637,5.0,0.0016170594331164
22.0,21.0,0.1944095354817143,-4.218499801587508,1.0,5.0,0.000631199790525
22.0,22.0,0.0570336343077749,-0.057033634189145,0.0,0.0,0.0001851741373629
22.0,23.0,0.2767546232889382,-1.0776930756758958,1.0,5.0,0.0008985539717173
22.0,24.0,0.2025912905929104,-3.9741810081723496,1.0,5.0,0.0006577639304964
22.0,25.0,0.1140672686155498,-1.0656679860418246,1.0,5.0,0.0003703482747258
22.0,26.0,0.2823595172084955,-0.879626041755569,1.0,5.0,0.0009167516792483
22.0,27.0,0.4042418998085648,-1.2559284547289875,1.0,5.0,0.0013124737006771
22.0,28.0,0.4444177864864614,-1.807751055309981,1.462013642875286,5.0,0.0014429148911898
22.0,29.0,0.2849327238103422,-0.8761597144186537,1.0,5.0,0.0009251062461374
22.0,30.0,0.349462688611476,-0.9900508470278824,1.0,5.0,0.0011346191188684
22.0,31.0,0.3374619721370103,-1.8144033721764077,1.0,5.0,0.0010956557536915
22.0,32.0,0.3386699449598319,-1.1197054207992183,1.0,5.0,0.001099577743376
22.0,33.0,0.33245112652705,-1.8144033721764077,1.0,5.0,0.0010793867744384
22.0,34.0,0.1918314180039817,-0.8995157069711178,1.0,5.0,0.0006228292792337
22.0,35.0,0.355453105845306,-2.479905022177737,1.344825306097141,5.0,0.0011540685254717
22.0,36.0,0.3676637071900576,-1.1725933817573762,1.0,5.0,0.0011937133350326
22.0,37.0,0.3124937050868681,-2.3657280406154846,1.4025089567395774,5.0,0.0010145899515807
22.0,38.0,0.3284403849486277,-1.1263046970593935,1.0,5.0,0.0010663648861968
22.0,39.0,0.1228483730556997,-1.0656679860418246,1.0,5.0,0.0003988583540769
22.0,40.0,0.2750080141853754,-1.5421801208864214,1.5251884240873608,5.0,0.0008928831629395
22.0,41.0,0.6535198870621169,-1.9648419011899785,1.0,5.0,0.0021218178151367
22.0,42.0,0.4036241099693685,-1.112675687160265,1.0,5.0,0.0013104678895109
22.0,43.0,0.4526287801054707,-1.2419757693722728,1.0,5.0,0.0014695739613813
22.0,44.0,0.4039299544136674,-1.112675687160265,1.0,5.0,0.0013114608909534
22.0,45.0,0.5802108179466661,-2.1338780984581023,1.7923717102515693,5.0,0.0018838013569696
22.0,46.0,0.4558064373040537,-1.4912357273614607,1.0,5.0,0.0014798910302079
22.0,47.0,0.467668303729949,-2.79441172012477,1.6654032034284612,5.0,0.0015184035835387
22.0,48.0,0.3881344070384936,-2.68896738328474,1.3138653163647271,5.0,0.0012601766462288
22.0,49.0,0.4383625260259138,-2.2271132038030013,1.0,5.0,0.0014232549546295
22.0,50.0,0.415140120308394,-2.172462168996332,1.0,5.0,0.0013478575334688
23.0,1.0,0.5764037427315584,-2.750880084294794,0.9999999999999998,5.0,0.0018714407231544
23.0,2.0,0.5131742291642284,-2.590323052390894,1.0,5.0,0.001666150094689
23.0,3.0,0.5155482799841181,-2.0942348207244423,1.0,5.0,0.0016738580518964
23.0,4.0,0.506984807447623,-2.590323052390894,0.9999999999999998,5.0,0.0016460545696351
23.0,5.0,0.6352839820908602,-3.425434096239219,0.9999999999999996,5.0,0.0020626103314638
23.0,6.0,0.5808502677105679,-3.242338500948951,0.9999999999999996,5.0,0.0018858774925667
23.0,7.0,0.7047659269538785,-2.961622463497086,1.5834430518228662,5.0,0.0022882010615385
23.0,8.0,0.7288596888015058,-3.0800519253615,1.5641659119045828,5.0,0.0023664275610438
23.0,9.0,0.7048845552145075,-2.96162529548523,1.583344865585544,5.0,0.0022885862182289
23.0,10.0,0.7202238337733976,-3.0798606565828512,1.570930430062799,5.0,0.0023383890706928
23.0,11.0,0.8126114673897837,-2.906517501195208,1.783844022129769,5.0,0.0026383489200967
23.0,12.0,0.6481376209491941,-2.721937483834695,1.6278268678212824,5.0,0.0021043429251597
23.0,13.0,0.6639454437574938,-2.8049498592620985,1.612852511967329,5.0,0.0021556670251866
23.0,14.0,0.4147317599555606,-2.1315222724497205,0.9999999999999996,5.0,0.0013465316881674
23.0,15.0,0.4422842683042879,-1.808917736909753,1.4609273795999325,5.0,0.0014359878841048
23.0,16.0,0.4107827054935205,-2.13152227244972,0.9999999999999998,5.0,0.0013337100827711
23.0,17.0,0.8132671439154647,-2.9064883319727928,1.7831988192237749,5.0,0.0026404777399852
23.0,18.0,0.648701469479305,-2.7220029603713782,1.627281818326923,5.0,0.0021061736022055
23.0,19.0,0.5533990297233896,-2.2768860170887524,1.5630599013766096,5.0,0.0017967500965045
23.0,20.0,0.496388172965624,-2.090536889742918,1.4106997376206092,5.0,0.001611649912226
23.0,21.0,0.3028479342039356,-3.853518401064969,1.760996215476602,5.0,0.0009832725136491
23.0,22.0,0.3753261629815818,-1.5790723005707528,1.0,5.0,0.0012185914382518
23.0,23.0,0.0339830275814256,-0.0339830275107409,0.0,0.0,0.0001103345051344
23.0,24.0,0.0679660551628512,-3.092378252395937,1.0,5.0,0.0002206690102689
23.0,25.0,0.1415260719777979,-1.8022268873561176,1.0,5.0,0.0004595002336941
23.0,26.0,0.125430032757326,-3.673280482302001,1.0,5.0,0.0004072403660952
23.0,27.0,0.4025757789546679,-1.4103055843837964,1.0,5.0,0.0013070642173852
23.0,28.0,0.4428059104860583,-1.9473968512932451,1.4637259232635047,5.0,0.0014376815275521
23.0,29.0,0.2832666029564453,-1.104251928073298,1.0,5.0,0.0009196967628456
23.0,30.0,0.3477965677575791,-1.1703037775004277,1.0,5.0,0.0011292096355765
23.0,31.0,0.3357958512831133,-2.006098520236473,0.9999999999999998,5.0,0.0010902462703997
23.0,32.0,0.3370038241059349,-1.307918042510682,1.0,5.0,0.0010941682600842
23.0,33.0,0.330785005673153,-2.006098520236473,1.0,5.0,0.0010739772911466
23.0,34.0,0.1901652971500848,-1.275823397586809,1.0,5.0,0.0006174197959418
23.0,35.0,0.5081382728284171,-2.9344595852364264,2.277512980182291,5.0,0.0016497995871052
23.0,36.0,0.2107342227388882,-2.484979519189767,1.0,5.0,0.0006842020218795
23.0,37.0,0.4279576931100645,-2.8701058668022084,2.3628046759104544,5.0,0.0013894730295781
23.0,38.0,0.1715109004974583,-2.862122977569117,1.0,5.0,0.0005568535730436
23.0,39.0,0.1503071764179479,-1.8022268873561176,1.0,5.0,0.0004880103130452
23.0,40.0,0.0896550091692432,-2.1556916931742798,1.0,5.0,0.0002910876921079
23.0,41.0,0.65185376620822,-2.054229007493128,1.0,5.0,0.0021164083318448
23.0,42.0,0.4019579891154716,-1.2660987948541966,1.0,5.0,0.001305058406219
23.0,43.0,0.4509626592515738,-1.376173749068449,0.9999999999999998,5.0,0.0014641644780895
23.0,44.0,0.4022638335597705,-1.2660987948541966,1.0,5.0,0.0013060514076615
23.0,45.0,0.6000607901499609,-1.746181880747159,1.0,5.0,0.0019482493186687
23.0,46.0,0.4541403164501567,-1.6264183442148683,0.9999999999999998,5.0,0.001474481546916
23.0,47.0,0.5419418745534198,-2.930074266735139,2.4542793430930856,5.0,0.0017595515407578
23.0,48.0,0.4935006725515919,-2.403896412874858,1.6751525256104811,5.0,0.0016022749108817
23.0,49.0,0.5512428990795618,-2.925390467060076,1.905271947512993,5.0,0.0017897496723362
23.0,50.0,0.5289342175370443,-2.881303249181801,1.9461866746335463,5.0,0.0017173188881072
24.0,1.0,0.5524443055610516,-2.4409278129463483,1.0,5.0,0.0017936503427306
24.0,2.0,0.4892147919937215,-2.2479912486767546,1.0,5.0,0.0015883597142653
24.0,3.0,0.4915888428136113,-1.7302242485373815,1.0,5.0,0.0015960676714727
24.0,4.0,0.483025370277116,-2.2479912486767546,1.0,5.0,0.0015682641892114
24.0,5.0,0.6113245449203534,-3.1596727443535686,1.0000000000000002,5.0,0.0019848199510401
24.0,6.0,0.556890830540061,-2.954714941959356,1.0,5.0,0.001808087112143
24.0,7.0,0.6807899243195089,-2.6926376794659017,1.6039796868665386,5.0,0.0022103568971412
24.0,8.0,0.7048847717307668,-2.8215221393131262,1.5833455796472626,5.0,0.0022885869212037
24.0,9.0,0.6809085536452772,-2.6926407510771164,1.6038744674409022,5.0,0.0022107420572898
24.0,10.0,0.6962488424839725,-2.821315151830483,1.5905808076768302,5.0,0.002260548189883
24.0,11.0,0.7882187361711586,-2.660013042375433,1.808251142178514,5.0,0.0025591517408154
24.0,12.0,0.624260525145304,-2.426239473494247,1.6518513912435857,5.0,0.0020268198868354
24.0,13.0,0.6400641320304316,-2.5203360778685213,1.6357237750796974,5.0,0.0020781302988001
24.0,14.0,0.3907723227850538,-1.7070024438718194,0.9999999999999998,5.0,0.0012687413077436
24.0,15.0,0.4183244468670938,-1.3835511084823326,1.4873200239811566,5.0,0.0013581962560619
24.0,16.0,0.3868232683230136,-1.7070024438718194,1.0,5.0,0.0012559197023474
24.0,17.0,0.7888745392299198,-2.659981990684974,1.807564934692096,5.0,0.0025612809715257
24.0,18.0,0.6248243353644537,-2.4263102338230857,1.651263848064101,5.0,0.0020286504394949
24.0,19.0,0.5294456335338951,-1.9355613755458927,1.588645690424653,5.0,0.0017189793296555
24.0,20.0,0.4724285016817219,-1.7111066416219782,1.4315237930725462,5.0,0.0015338587716939
24.0,21.0,0.2790303018024155,-3.477176779355952,1.826268349347009,5.0,0.0009059425383195
24.0,22.0,0.351366725811075,-1.082429001643437,1.0,5.0,0.0011408010578281
24.0,23.0,0.0679660551628512,-2.829379116053678,1.0000000000000002,5.0,0.0002206690102689
24.0,24.0,0.0328477859993682,-0.0328477859310449,0.0,0.0,0.0001066486558421
24.0,25.0,0.1175666348072911,-0.6445732619538387,1.0,5.0,0.0003817098532704
24.0,26.0,0.1597200337592456,-4.00075132892777,1.0,5.0,0.0005185715381793
24.0,27.0,0.3786163417841611,-0.9210622276928584,1.0,5.0,0.0012292738369615
24.0,28.0,0.4190261079659366,-1.5245329365166742,1.4898322865539455,5.0,0.0013604743765127
24.0,29.0,0.2593071657859384,-0.4214249800663548,0.9999999999999998,5.0,0.0008419063824218
24.0,30.0,0.3238371305870723,-0.6035897523608688,1.0,5.0,0.0010514192551528
24.0,31.0,0.3118364141126065,-1.4949880504953257,1.0,5.0,0.0010124558899759
24.0,32.0,0.3130443869354281,-0.736694583464602,1.0,5.0,0.0010163778796604
24.0,33.0,0.3068255685026462,-1.4949880504953257,1.0,5.0,0.0009961869107228
24.0,34.0,0.1662058599795779,-0.2693828172104873,0.9999999999999998,5.0,0.0005396294155181
24.0,35.0,0.4840192337906913,-2.5993899474081017,2.3478443389186845,5.0,0.0015714910188009
24.0,36.0,0.2450242237408078,-2.992236191004105,1.0,5.0,0.0007955331939636
24.0,37.0,0.3593809313578087,-2.801524369854552,1.7757244611873015,5.0,0.0011668212057071
24.0,38.0,0.2058009014993779,-3.3332180119872725,0.9999999999999998,5.0,0.0006681847451278
24.0,39.0,0.1263477392474411,-0.6445732619538387,1.0,5.0,0.0004102199326215
24.0,40.0,0.0656955719987364,-0.2528205127703806,1.0,5.0,0.0002132973116842
24.0,41.0,0.6278943290377131,-1.7380638924742735,1.0,5.0,0.0020386179514211
24.0,42.0,0.3779985519449647,-0.7675018478514356,1.0,5.0,0.0012272680257953
24.0,43.0,0.427003222081067,-0.9279451213539835,0.9999999999999998,5.0,0.0013863740976658
24.0,44.0,0.3783043963892637,-0.7675018478514356,1.0,5.0,0.0012282610272378
24.0,45.0,0.576101352979454,-1.39815685789699,1.0,5.0,0.0018704589382449
24.0,46.0,0.4301808792796499,-1.1933521079202,0.9999999999999998,5.0,0.0013966911664923
24.0,47.0,0.5182941568700206,-2.610627580644979,2.52584963858748,5.0,0.0016827732365909
24.0,48.0,0.4697720887925704,-2.0402126451151883,1.714934325191633,5.0,0.0015252340545213
24.0,49.0,0.6162734951281027,-2.2246535463600607,1.988228018684623,5.0,0.0020008879711951
24.0,50.0,0.4737631874856945,-2.624755625370592,1.441436852437223,5.0,0.0015381921671613
25.0,1.0,0.5028025930280134,-2.3248684149464616,1.0,5.0,0.0016324759513896
25.0,2.0,0.4395730794606834,-2.137010543475193,1.0,5.0,0.0014271853229242
25.0,3.0,0.4419471302805733,-1.5541604922778716,1.0,5.0,0.0014348932801317
25.0,4.0,0.433383657744078,-2.137010543475193,1.0,5.0,0.0014070897978703
25.0,5.0,0.5616828323873154,-3.094696056529945,1.0,5.0,0.001823645559699
25.0,6.0,0.5072491180070232,-2.892299349206625,1.0,5.0,0.001646912720802
25.0,7.0,0.6311123169712612,-2.562526689283138,1.651492488667569,5.0,0.0020490659641924
25.0,8.0,0.6552096171028813,-2.696238865070518,1.62754860498441,5.0,0.0021273039516327
25.0,9.0,0.6312309487149307,-2.562530329245912,1.6513700652413186,5.0,0.0020494511321913
25.0,10.0,0.6465735194084209,-2.695994766075227,1.6359297597613005,5.0,0.0020992646734039
25.0,11.0,0.7395065686179392,-2.5135772516176385,1.864022310949485,5.0,0.0024009953526556
25.0,12.0,0.5748190247079527,-2.2786035152307504,1.7079832613696504,5.0,0.001866295534766
25.0,13.0,0.5906114811205542,-2.375533093348331,1.6889988678947323,5.0,0.0019175697438979
25.0,14.0,0.3411306102520157,-1.5761794817201933,1.0,5.0,0.0011075669164026
25.0,15.0,0.3686815627312936,-1.194026510473991,1.5529164292880353,5.0,0.0011970180608158
25.0,16.0,0.3371815557899756,-1.5761794817201933,1.0,5.0,0.0010947453110064
25.0,17.0,0.7401626753763255,-2.513540492750895,1.8632375937088224,5.0,0.0024031255694036
25.0,18.0,0.5753827529504433,-2.2786882177002616,1.7072902233701726,5.0,0.0018681258212676
25.0,19.0,0.4798252324385122,-1.7780192311746967,1.6498260551940866,5.0,0.0015578741312938
25.0,20.0,0.4227860613434199,-1.547147952790619,1.4821783783001037,5.0,0.0013726820173487
25.0,21.0,0.272411862229174,-2.066045112371225,1.8173792148089647,5.0,0.0008844540981466
25.0,22.0,0.3017250132780369,-0.8690212036275251,1.0,5.0,0.0009796266664871
25.0,23.0,0.2014873527314964,-0.399535296867356,0.9999999999999998,5.0,0.0006541797166607
25.0,24.0,0.1273240200354686,-5.31765942376667,1.0,5.0,0.0004133896754398
25.0,25.0,0.0434413173631557,-0.0434413172727979,0.0,0.0,0.000141043238192
25.0,26.0,0.2070922466510537,-0.1177956582565615,1.0,5.0,0.0006723774241917
25.0,27.0,0.328974629251123,-0.6714399295456702,1.0,5.0,0.0010680994456205
25.0,28.0,0.3700233577811837,-1.3449961793126273,1.5545167938402964,5.0,0.0012013745382505
25.0,29.0,0.2096654532529005,-0.1103569917209552,1.0,5.0,0.0006807319910808
25.0,30.0,0.2741954180540342,-0.3117353129529487,1.0,5.0,0.0008902448638117
25.0,31.0,0.2621947015795685,-1.397699607395283,0.9999999999999998,5.0,0.0008512814986349
25.0,32.0,0.2634026744023902,-0.4772096092889903,1.0,5.0,0.0008552034883194
25.0,33.0,0.2571838559696083,-1.397699607395283,1.0,5.0,0.0008350125193818
25.0,34.0,0.1165641474465399,0.0080292414473545,1.0,5.0,0.000378455024177
25.0,35.0,0.3601171441257321,-2.084962887646665,1.6568301100563294,5.0,0.0011692115069017
25.0,36.0,0.2923964366326159,-0.5554971757513806,1.0,5.0,0.000949339079976
25.0,37.0,0.31150924448087,-1.9343200915418148,1.7792106940376766,5.0,0.0010113936509119
25.0,38.0,0.253173114391186,-0.4854390166344956,0.9999999999999996,5.0,0.0008219906311402
25.0,39.0,0.1374606419029415,-0.3191102846594053,1.0,5.0,0.0004463007853991
25.0,40.0,0.2013736739809501,-1.0472729656645594,1.787017174788046,5.0,0.0006538106298082
25.0,41.0,0.5782526165046753,-1.5370419869241303,0.9999999999999996,5.0,0.0018774435600801
25.0,42.0,0.3283568394119268,-0.4918685078811677,1.0,5.0,0.0010660936344543
25.0,43.0,0.377361509548029,-0.666549679011351,0.9999999999999998,5.0,0.0012251997063247
25.0,44.0,0.3286626838562257,-0.4918685078811677,1.0,5.0,0.0010670866358968
25.0,45.0,0.5172316281727908,-1.7375295081879754,1.8827765186367007,5.0,0.0016793234680934
25.0,46.0,0.3805391667466118,-0.970024829531218,1.0,5.0,0.0012355167751513
25.0,47.0,0.4757803312120798,-2.2482604185937283,2.6209524913141804,5.0,0.0015447413351041
25.0,48.0,0.419356864284772,-1.9223243171198163,1.8441728349802364,5.0,0.0013615482606648
25.0,49.0,0.4283092771332388,-2.174923479920228,1.3106350402804294,5.0,0.0013906145361468
25.0,50.0,0.4050813487513814,-2.119964277887242,1.3284659236272935,5.0,0.0013151991842577
26.0,1.0,0.5240700054650864,-2.220160507729801,1.5853003402499324,5.0,0.0017015259917697
26.0,2.0,0.4590739079583144,-2.206640873734616,1.0,5.0,0.0014904997011633
26.0,3.0,0.4614479587782044,-1.6506418054639571,1.0,5.0,0.0014982076583707
26.0,4.0,0.4528844862417089,-2.206640873734616,1.0,5.0,0.0014704041761094
26.0,5.0,0.5867593288376197,-2.9343942710956226,1.6820685133199949,5.0,0.0019050627559662
26.0,6.0,0.5267499465046539,-2.938527619245968,1.0,5.0,0.001710227099041
26.0,7.0,0.6506278880529339,-2.632677577562984,1.6319631955785203,5.0,0.002112428207964
26.0,8.0,0.6747241596552935,-2.763631961930877,1.6094084509221689,5.0,0.0021906628560236
26.0,9.0,0.6507465188127963,-2.632680977717239,1.6318480011279457,5.0,0.0021128133727688
26.0,10.0,0.6660881305157855,-2.7634034902921627,1.6173090183890075,5.0,0.0021626238003759
26.0,11.0,0.7564782949438361,-2.483483679634958,1.6894161502933058,5.0,0.0024560983602072
26.0,12.0,0.5945360675163793,-2.3364370917447945,1.683939855432642,5.0,0.0019303119075207
26.0,13.0,0.6103558616767438,-2.430851761295936,1.666136686261443,5.0,0.0019816748755738
26.0,14.0,0.3606314387496466,-1.6613837932926272,1.0,5.0,0.0011708812946417
26.0,15.0,0.3881355147493787,-1.056916430765168,0.9999999999999998,5.0,0.0012601802426927
26.0,16.0,0.3566823842876064,-1.6613837932926272,1.0,5.0,0.0011580596892454
26.0,17.0,0.7571335769570438,-2.4834757863158634,1.688812302933049,5.0,0.0024582258992111
26.0,18.0,0.5951005842093694,-2.3364624793568685,1.6832904429684512,5.0,0.0019321447539265
26.0,19.0,0.4989661444230893,-1.668453211349056,1.4074127701044776,5.0,0.0016200199494256
26.0,20.0,0.4422391354234213,-1.428753988242555,1.0,5.0,0.0014358413487773
26.0,21.0,0.4280260797188476,-3.0201113885277886,1.4436756897156815,5.0,0.0013896950640222
26.0,22.0,0.3212258417756677,-0.9941194057811288,1.0,5.0,0.0010429410447261
26.0,23.0,0.2196164785261401,-0.821945411092048,1.0,5.0,0.0007130405146952
26.0,24.0,0.2539066430432177,-1.1083910420936964,1.2234938528050303,5.0,0.0008243722176727
26.0,25.0,0.2722231286418639,-1.1232967688323676,1.0000000000000002,5.0,0.0008838413267592
26.0,26.0,0.0485640085405456,-0.0485640084395326,0.0,0.0,0.0001576753524043
26.0,27.0,0.3484754577487538,-0.8096855236199376,1.0,5.0,0.0011314138238595
26.0,28.0,0.3892664489678561,-1.449094980629999,1.5271689425312571,5.0,0.0012638521070384
26.0,29.0,0.2291662817505313,-0.2984099600019029,1.0,5.0,0.0007440463693199
26.0,30.0,0.2936962465516651,-0.4759923446297131,1.0,5.0,0.0009535592420508
26.0,31.0,0.2816955300771994,-1.478427747569631,1.0,5.0,0.000914595876874
26.0,32.0,0.282903502900021,-0.6293861853513701,1.0,5.0,0.0009185178665585
26.0,33.0,0.276684684467239,-1.478427747569631,1.0,5.0,0.0008983268976209
26.0,34.0,0.3371610376559277,-0.7597153286662915,1.0,5.0,0.001094678693688
26.0,35.0,0.5144941774802531,-1.9064080865120108,0.9999999999999998,5.0,0.0016704356411696
26.0,36.0,0.1363513393225212,-0.2234111179375465,1.0,5.0,0.0004426991536445
26.0,37.0,0.5292390188521819,-2.4961175255288235,1.9371782752985576,5.0,0.0017183085027668
26.0,38.0,0.0971280170810913,-0.3719835130046015,1.0,5.0,0.0003153507048087
26.0,39.0,0.2810042330820138,-1.1232967688323676,1.0000000000000002,5.0,0.0009123514061104
26.0,40.0,0.2203520658333092,-0.8295086051886381,1.0,5.0,0.000715428785173
26.0,41.0,0.5977534450023059,-1.6380359656368937,0.9999999999999998,5.0,0.0019407579383191
26.0,42.0,0.3478576679095576,-0.6412267678370167,1.0,5.0,0.0011294080126933
26.0,43.0,0.3968623380456599,-0.8044740295892182,0.9999999999999996,5.0,0.0012885140845638
26.0,44.0,0.3481635123538565,-0.6412267678370167,0.9999999999999998,5.0,0.0011304010141358
26.0,45.0,0.5459604689440468,-1.285059516165693,1.0,5.0,0.001772598925143
26.0,46.0,0.4000399952442426,-1.0917605398188777,1.0,5.0,0.0012988311533903
26.0,47.0,0.5033022345566287,-1.8312349563843824,1.0,5.0,0.0016340981641448
26.0,48.0,0.4496576595030098,-1.4848243768866338,1.0,5.0,0.0014599274659188
26.0,49.0,0.6455008094597315,-1.6970591153588972,1.0,5.0,0.0020957818488952
26.0,50.0,0.5418446643421033,-2.01377414838431,0.9999999999999996,5.0,0.0017592359231886
27.0,1.0,0.2454134759639476,-1.7123845124264871,1.0,5.0,0.0007967969998829
27.0,2.0,0.401592191881061,-2.7158924709995103,1.5104606235673956,5.0,0.0013038707528605
27.0,3.0,0.1811196723194444,-1.2954903189260227,1.0,5.0,0.000588050884154
27.0,4.0,0.3954048634238428,-2.7159421921645888,1.5184419157307625,5.0,0.0012837820241033
27.0,5.0,0.3110446944247035,-2.7990840896756755,1.0,5.0,0.0010098853715087
27.0,6.0,0.4692572780636105,-3.4164346434257187,1.436915416922967,5.0,0.0015235625911156
27.0,7.0,0.3709524851063935,-2.207206608196896,1.558679469757604,5.0,0.0012043911854103
27.0,8.0,0.3950228370652462,-2.342425806364729,1.5244645863105462,5.0,0.0012825416787832
27.0,9.0,0.3710712505930411,-2.207204081646737,1.5584999893800002,5.0,0.0012047767876397
27.0,10.0,0.3863777484758575,-2.342582221814792,1.536241152598137,5.0,0.0012544732093371
27.0,11.0,0.4187661755859632,-2.150477207641038,1.0000000000000002,5.0,0.0013596304402141
27.0,12.0,0.3125177764560101,-1.9898991545302127,0.9999999999999998,5.0,0.0010146681053766
27.0,13.0,0.3284019018151081,-2.0385893161071307,1.0,5.0,0.0010662399409581
27.0,14.0,0.3001233785156921,-2.1341869161207567,1.6885047643165934,5.0,0.0009744265536223
27.0,15.0,0.1078072282906188,-0.3920180294020627,1.0000000000000002,5.0,0.000350023468476
27.0,16.0,0.2961759797355928,-2.1344050113476665,1.6976677432262153,5.0,0.0009616103238168
27.0,17.0,0.4194199080947515,-2.150477207641038,1.0000000000000002,5.0,0.0013617529483595
27.0,18.0,0.3130826407322053,-1.9898991545302127,1.0,5.0,0.0010165020802993
27.0,19.0,0.2158071674669548,-1.4839985595437473,1.0,5.0,0.0007006726216459
27.0,20.0,0.1619108489646615,-1.0229005394167603,1.0,5.0,0.0005256845745605
27.0,21.0,0.365625320210767,-3.465984952215008,1.0,5.0,0.0011870951954895
27.0,22.0,0.2535282331327835,-1.4474562893339853,0.9999999999999998,5.0,0.0008231436140674
27.0,23.0,0.3543422769529851,-1.686016168701684,1.5692018614147516,5.0,0.001150461938159
27.0,24.0,0.3886321475874467,-1.8411848419628396,1.6649651730796768,5.0,0.0012617926869722
27.0,25.0,0.3051086936670353,-1.4956187385918531,1.3350279871337627,5.0,0.000990612641776
27.0,26.0,0.3599915282175572,-1.2056714725196531,1.0,5.0,0.001168803663044
27.0,27.0,0.0539036141453094,-0.05390361403319,0.0,0.0,0.000175011734238
27.0,28.0,0.1191765929747736,-1.0728236751526696,0.9999999999999998,5.0,0.0003869369901778
27.0,29.0,0.1703151851180894,-1.4760549999222807,0.9999999999999998,5.0,0.0005529713802535
27.0,30.0,0.2259986379087808,-0.9098571753575136,1.0,5.0,0.0007337618113921
27.0,31.0,0.2228444334447575,-2.564419505180031,1.0,5.0,0.0007235208878076
27.0,32.0,0.2152058942571367,-1.1803297026860058,1.0,5.0,0.0006987204358997
27.0,33.0,0.2178335878347971,-2.564419505180031,1.0,5.0,0.0007072519085545
27.0,34.0,0.2694634290130435,-1.1099542465448131,1.0,5.0,0.0008748812630293
27.0,35.0,0.4387025056066255,-2.269340662870168,1.460266680849459,5.0,0.001424358784437
27.0,36.0,0.2708920782076073,-2.4473732434292748,1.0,5.0,0.0008795197344402
27.0,37.0,0.4637807543774944,-2.726799139631054,2.056019772291217,5.0,0.0015057816700568
27.0,38.0,0.4060723959576895,-1.4293514324003358,1.0,5.0,0.0013184168699924
27.0,39.0,0.3138518580715039,-1.4962129262356825,1.3256933931514032,5.0,0.0010189995391931
27.0,40.0,0.3550777324049153,-1.6913725889039903,1.5680222276208506,5.0,0.0011528497805354
27.0,41.0,0.3224884163775699,-1.848490682755788,1.0000000000000002,5.0,0.0010470403129141
27.0,42.0,0.2739456400371864,-1.2130649048510362,1.744180950676446,5.0,0.0008894338962246
27.0,43.0,0.3226126801938072,-1.219553697083461,1.626709364107604,5.0,0.001047443766863
27.0,44.0,0.2742547349763722,-1.2129319120485988,1.7433112302094236,5.0,0.0008904374512219
27.0,45.0,0.4684881310022825,-1.578618978285428,1.8715989565276987,5.0,0.001521065360397
27.0,46.0,0.325062491160907,-1.6084180066730376,1.6257353628682154,5.0,0.0010553976985743
27.0,47.0,0.4276396318319486,-2.2224276843718656,1.4724814492228928,5.0,0.0013884403630907
27.0,48.0,0.3742818913375417,-1.9336567788645935,1.5413512344779472,5.0,0.0012152009459011
27.0,49.0,0.5678642628127497,-1.904200381869913,1.7170431388887808,5.0,0.0018437151390024
27.0,50.0,0.4659317759387824,-2.344611432675749,1.4329177759175018,5.0,0.0015127655062947
28.0,1.0,0.4055836545469273,-2.203233931048856,1.7639639972260306,5.0,0.0013168300472302
28.0,2.0,0.3456938650227076,-2.4736244159286787,1.0,5.0,0.0011223826786451
28.0,3.0,0.3392214038321551,-1.5162153505044222,1.0,5.0,0.0011013681942602
28.0,4.0,0.3395044433061022,-2.4736244159286787,1.0,5.0,0.0011022871535912
28.0,5.0,0.4686634955271004,-3.015898332208328,1.861120169042481,5.0,0.0015216347257373
28.0,6.0,0.4133699035690471,-3.256178648547777,1.0,5.0,0.0013421100765228
28.0,7.0,0.5314490613772634,-2.5582860509580048,1.7796475429571867,5.0,0.0017254839655105
28.0,8.0,0.5556394089011182,-2.690291710134459,1.7458787488815402,5.0,0.0018040240548737
28.0,9.0,0.531567792909002,-2.5582927599818714,1.7794737066411264,5.0,0.0017258694574967
28.0,10.0,0.5469962925860662,-2.6898470795346423,1.75764645947554,5.0,0.0017759619889157
28.0,11.0,0.6372702986927943,-2.252853930482487,1.8247615869151972,5.0,0.0020690594113402
28.0,12.0,0.4756049720653834,-2.252341977561272,1.862052316296944,5.0,0.0015441719872252
28.0,13.0,0.4914889661244108,-2.32685393289376,1.8342297406464776,5.0,0.0015957433965078
28.0,14.0,0.2472513958140398,-2.115637357433962,1.0,5.0,0.0008027642721235
28.0,15.0,0.2659089598033295,-0.8565342875924904,1.0,5.0,0.0008633407785822
28.0,16.0,0.2433023413519997,-2.115637357433962,1.0,5.0,0.0007899426667272
28.0,17.0,0.6379266951504791,-2.252838929946252,1.8238952568618565,5.0,0.0020711905686703
28.0,18.0,0.4761699303930629,-2.2524904013404905,1.8610295426347208,5.0,0.0015460062675099
28.0,19.0,0.3777118680079593,-1.7569176175875716,2.0923993754909693,5.0,0.001226337233792
28.0,20.0,0.3218110288203496,-1.629051069584892,1.6447389600045683,5.0,0.0010448410026634
28.0,21.0,0.3110963739076021,-3.426263135129493,1.0,5.0,0.0010100531620376
28.0,22.0,0.1989992868296186,-1.0088560730700835,1.0,5.0,0.0006461015806156
28.0,23.0,0.2998172874689109,-1.305176974918151,1.6727742860607753,5.0,0.0009734327515224
28.0,24.0,0.3341063211673498,-1.4876354200007211,1.773526924927558,5.0,0.0010847607830108
28.0,25.0,0.2518124683405682,-1.0630257554136724,1.407628155767569,5.0,0.0008175729491576
28.0,26.0,0.3054625819143924,-0.7313987322324876,1.0,5.0,0.0009917616295921
28.0,27.0,0.2262489028027047,-0.6105931877820272,1.0,5.0,0.000734574359749
28.0,28.0,0.0578931194074622,-0.0578931192870447,0.0,0.0,0.0001879646734008
28.0,29.0,0.1157862388149245,-1.0775298610072357,1.0,5.0,0.0003759293468017
28.0,30.0,0.1714696916056159,-0.2632168016862133,1.0,5.0,0.0005567197779403
28.0,31.0,0.1683154871415926,-2.5690364745647,1.0,5.0,0.0005464788543558
28.0,32.0,0.1606769479539718,-0.6313419984833911,1.0,5.0,0.0005216784024479
28.0,33.0,0.1633046415316322,-2.5690364745647,1.0,5.0,0.0005302098751027
28.0,34.0,0.2149344827098786,-0.5701510367247554,1.0,5.0,0.0006978392295775
28.0,35.0,0.3922676225342038,-1.7670525880180972,1.0,5.0,0.0012735961770591
28.0,36.0,0.2163631319044424,-2.308991344033929,1.0,5.0,0.0007024777009884
28.0,37.0,0.4189069747119949,-2.387628448830652,1.7162169331541983,5.0,0.0013600875802337
28.0,38.0,0.3515434496545246,-1.0069171047618413,1.0,5.0,0.0011413748365406
28.0,39.0,0.260548282059067,-1.0639240432012316,1.3938748048159888,5.0,0.0008459359807112
28.0,40.0,0.3005526920973922,-1.311718676417786,1.671126921877025,5.0,0.0009758204288876
28.0,41.0,0.4755268900562568,-1.3229074590084222,0.9999999999999998,5.0,0.0015439184742086
28.0,42.0,0.2256311129635085,-0.3328201883963215,0.9999999999999998,5.0,0.0007325685485828
28.0,43.0,0.2746357830996107,-0.4574064680469468,1.0,5.0,0.0008916746204532
28.0,44.0,0.2259369574078074,-0.3328201883963215,1.0,5.0,0.0007335615500253
28.0,45.0,0.4237339139979977,-0.9153789138681936,1.0000000000000002,5.0,0.0013757594610324
28.0,46.0,0.2778134402981935,-0.8889591984303102,1.0,5.0,0.0009019916892798
28.0,47.0,0.3810756796105796,-1.7025624945736888,1.0,5.0,0.0012372587000343
28.0,48.0,0.3274311045569607,-1.3320663713735288,1.0,5.0,0.0010630880018083
28.0,49.0,0.5232742545136824,-1.3577181814748045,1.0,5.0,0.0016989423847846
28.0,50.0,0.4196181093960541,-1.8655497033428197,0.9999999999999998,5.0,0.001362396459078
29.0,1.0,0.3545040730517608,-2.312789649864662,1.0000000000000002,5.0,0.001150987250168
29.0,2.0,0.2912745594844308,-2.256514898734255,1.0,5.0,0.0009456966217026
29.0,3.0,0.2938447020689512,-2.327914382314032,1.0,5.0,0.0009540412404836
29.0,4.0,0.2850851377678253,-2.256514898734255,1.0,5.0,0.0009256010966487
29.0,5.0,0.4133843124110627,-3.2567385670897115,1.0,5.0,0.0013421568584774
29.0,6.0,0.3589505980307703,-3.1375034225891865,1.0,5.0,0.0011654240195804
29.0,7.0,0.4820943421005236,-2.7973290427067474,1.6499474480074778,5.0,0.0015652413704562
29.0,8.0,0.5061867734536015,-2.906613368324982,1.618834322057907,5.0,0.001643463550174
29.0,9.0,0.4822131875676073,-2.7973180723892623,1.649786520564688,5.0,0.0015656272323623
29.0,10.0,0.4975358694673757,-2.907326874546103,1.629642907120696,5.0,0.0016153761995694
29.0,11.0,0.53149120533547,-2.8744857279185574,1.0,5.0,0.0017256207965437
29.0,12.0,0.4216083735438231,-2.53915531866212,1.0,5.0,0.0013688583556617
29.0,13.0,0.4374924989029214,-2.5876683189318666,0.9999999999999998,5.0,0.0014204301912432
29.0,14.0,0.1928320902757631,-1.8970582204854216,1.0,5.0,0.000626078215181
29.0,15.0,0.2205322580401257,-2.002565076033056,1.0,5.0,0.0007160138248056
29.0,16.0,0.188883035813723,-1.8970582204854216,1.0,5.0,0.0006132566097848
29.0,17.0,0.5321449378442584,-2.8744857279185574,1.0,5.0,0.0017277433046891
29.0,18.0,0.4221732378200186,-2.53915531866212,1.0,5.0,0.0013706923305844
29.0,19.0,0.3285321972164616,-2.431482255205619,1.0,5.0,0.0010666629779755
29.0,20.0,0.2746358787141683,-2.2019769658000525,1.0,5.0,0.0008916749308901
29.0,21.0,0.454466911006853,-3.602212126546028,1.8531884247505497,5.0,0.0014755419188534
29.0,22.0,0.3463813125415162,-1.9165155773728535,1.575390890735984,5.0,0.0011246146511088
29.0,23.0,0.2452089655697846,-1.9750232001288048,1.0000000000000002,5.0,0.0007961330050967
29.0,24.0,0.2794991295210532,-2.1236581078044114,1.2030295099030728,5.0,0.0009074647062371
29.0,25.0,0.2978156156855084,-2.076379798874152,1.0,5.0,0.0009669338171607
29.0,26.0,0.2508138594893419,-1.764763311737851,1.0,5.0,0.0008143307126277
29.0,27.0,0.3736398587923832,-1.7011280521351184,1.533373118694367,5.0,0.0012131164246505
29.0,28.0,0.211326813136174,-1.6852671124160024,1.0,5.0,0.0006861260166758
29.0,29.0,0.0544426679966777,-0.0544426678834371,0.0,0.0,0.0001767619090801
29.0,30.0,0.3188431534192934,-1.5289233870222332,1.6251441614186046,5.0,0.0010352050435691
29.0,31.0,0.1138961816033158,-2.8846743453785555,1.0,5.0,0.0003697927974133
29.0,32.0,0.3080471196038545,-1.7052708536701917,1.647079713844866,5.0,0.0010001529857268
29.0,33.0,0.1088853359933555,-2.8846743453785555,1.0000000000000002,5.0,0.0003535238181602
29.0,34.0,0.3573726867539161,-1.766825496675412,2.095145306345697,5.0,0.0011603009310192
29.0,35.0,0.5396979546618229,-2.489984372993385,1.3691408295655532,5.0,0.0017522660865643
29.0,36.0,0.1619438263661657,-2.2417907224709936,1.0000000000000002,5.0,0.0005257916440459
29.0,37.0,0.552755552603434,-3.0738770000717204,2.2793637126471213,5.0,0.001794660885076
29.0,38.0,0.2935935222274722,-2.2691495212773667,1.6273882859632791,5.0,0.0009532257215177
29.0,39.0,0.3065967201256583,-2.076379798874152,1.0000000000000002,5.0,0.0009954438965118
29.0,40.0,0.2459445528769537,-1.975513179904584,1.0000000000000002,5.0,0.0007985212755745
29.0,41.0,0.5503583247332249,-2.377294866170947,1.8945110613769,5.0,0.0017868776777052
29.0,42.0,0.3730215990953365,-1.5437139934878157,1.534257625325232,5.0,0.0012111090879718
29.0,43.0,0.4220395933735012,-1.5999863283142748,1.4721497885312125,5.0,0.0013702584200438
29.0,44.0,0.3733275672499871,-1.5436988132845215,1.5338193730946774,5.0,0.0012121024910713
29.0,45.0,0.5711701726996461,-1.8778890729109423,1.3487856748708598,5.0,0.0018544486126611
29.0,46.0,0.4252185418639313,-1.8686235399234663,1.4686172779269842,5.0,0.0013805796813764
29.0,47.0,0.5285042515454106,-2.436940427276834,1.3769657073146673,5.0,0.0017159228946279
29.0,48.0,0.474848112010971,-2.165505513262808,1.419598061618112,5.0,0.0015417146493862
29.0,49.0,0.6707266748311648,-2.198391789616998,1.2969814529980597,5.0,0.002177684009192
29.0,50.0,0.5670536552867598,-2.5698488968890905,1.3513196005741883,5.0,0.0018410832963855
30.0,1.0,0.2948188099638341,-1.7947665101207546,1.0000000000000002,5.0,0.000957203928454
30.0,2.0,0.4509871467520723,-2.776497012931784,1.4545977350532655,5.0,0.0014642439829612
30.0,3.0,0.2305250063193308,-1.3894138181824869,1.0,5.0,0.0007484578127251
30.0,4.0,0.444799519121187,-2.77653574008203,1.4609168970585975,5.0,0.0014441542828609
30.0,5.0,0.3604500284245899,-2.7682078153463863,1.0,5.0,0.0011702923000798
30.0,6.0,0.5186533019199211,-3.43855222961927,1.3953344533840797,5.0,0.0016839392919477
30.0,7.0,0.4196431795188566,-2.217077869566754,1.984805612524652,5.0,0.0013624778555807
30.0,8.0,0.4436931408518073,-2.357029987511225,1.931439885572506,5.0,0.0014405621456227
30.0,9.0,0.4197616789012672,-2.217073364189172,1.9845277512822093,5.0,0.0013628625938352
30.0,10.0,0.43506626225106,-2.3573218113498147,1.9498984022103336,5.0,0.0014125527995164
30.0,11.0,0.5322107766450328,-1.962556723267439,1.999895202440457,5.0,0.0017279570670293
30.0,12.0,0.3648744432025874,-1.838685454212185,1.8222722917197105,5.0,0.0011846572831252
30.0,13.0,0.380728564058277,-1.9209806419981967,1.787875066160056,5.0,0.0012361317014879
30.0,14.0,0.3495436517865039,-2.198757802599641,1.5913407929477494,5.0,0.0011348819863198
30.0,15.0,0.1572125622905053,-0.6259351879793168,1.0,5.0,0.000510430397047
30.0,16.0,0.3455959866209674,-2.1989133844469007,1.598087334775403,5.0,0.0011220648916265
30.0,17.0,0.5328690537463834,-1.9625271060898224,1.998617118685922,5.0,0.0017300943303454
30.0,18.0,0.3654396648642471,-1.8386521247373424,1.820997645981304,5.0,0.0011864924183904
30.0,19.0,0.2678267454738003,-1.3115237513275688,1.7617825548583368,5.0,0.0008695673554344
30.0,20.0,0.2113161829645479,-1.1340253356539305,1.0,5.0,0.0006860915031316
30.0,21.0,0.3438763039045155,-3.312396820598836,1.0,5.0,0.0011164815061834
30.0,22.0,0.3066666679233685,-1.232373378116434,1.6650598197688564,5.0,0.0009956709997511
30.0,23.0,0.4091897281940493,-1.176190808372325,1.0,5.0,0.0013285380785521
30.0,24.0,0.4434798909496611,-1.3968554665273007,1.1279574635447158,5.0,0.0014398697758105
30.0,25.0,0.3620897788925971,-1.165670910393541,1.270618119753275,5.0,0.0011756161652357
30.0,26.0,0.4147946221136067,-1.039028544498546,1.0,5.0,0.0013467357860831
30.0,27.0,0.1175525052898804,-0.4185243889663082,1.0,5.0,0.0003816639782138
30.0,28.0,0.16858192697466,-1.0735198774358097,1.0,5.0,0.0005473439187488
30.0,29.0,0.2197205191179758,-1.4901296577771908,1.0,5.0,0.0007133783088245
30.0,30.0,0.0584673577253421,-0.0584673576037301,0.0,0.0,0.0001898290835238
30.0,31.0,0.2722497674446438,-2.440082776930651,1.0,5.0,0.0008839278163787
30.0,32.0,0.2700089881531861,-0.6613095530258959,1.0,5.0,0.0008766525589389
30.0,33.0,0.2672389218346835,-2.440082776930651,1.0000000000000002,5.0,0.0008676588371255
30.0,34.0,0.3242665229090929,-0.7744327909576431,1.0,5.0,0.0010528133860684
30.0,35.0,0.2835712250213796,-1.615611321789425,1.0,5.0,0.0009206857955239
30.0,36.0,0.3202974122074937,-2.4202203178344712,1.0000000000000002,5.0,0.0010399266630113
30.0,37.0,0.3269900220699906,-1.7214853925197862,1.0,5.0,0.0010616559158116
30.0,38.0,0.4608754898537389,-1.2923673632418489,1.0,5.0,0.0014963489930316
30.0,39.0,0.3708920932846177,-1.1654318624403637,1.2640817033076803,5.0,0.0012041951080669
30.0,40.0,0.4099253155012184,-1.183928275797535,1.0,5.0,0.0013309263490299
30.0,41.0,0.3668304925434325,-0.8960676493828134,1.0000000000000002,5.0,0.0011910080926734
30.0,42.0,0.1169347154506842,0.2240655358207894,1.0,5.0,0.0003796581670476
30.0,43.0,0.1659393855867864,0.1305378189907201,1.0,5.0,0.0005387642389181
30.0,44.0,0.1172405598949831,0.2240655358207894,1.0,5.0,0.0003806511684902
30.0,45.0,0.3150375164851735,-0.3876971118913646,1.0,5.0,0.0010228490794973
30.0,46.0,0.1691170427853692,-0.649356244947239,1.0000000000000002,5.0,0.0005490813077447
30.0,47.0,0.2723792820977552,-1.5749339203857495,1.0,5.0,0.0008843483184992
30.0,48.0,0.2187347070441364,-1.1793749248121834,1.0,5.0,0.0007101776202731
30.0,49.0,0.4145778570008582,-0.9065490725670602,1.0,5.0,0.0013460320032495
30.0,50.0,0.3109217118832298,-1.6945538484955571,1.0,5.0,0.0010094860775429
31.0,1.0,0.4876412686915572,-2.571116075190002,1.3530593929777968,5.0,0.0015832508723751
31.0,2.0,0.4248002491499272,-2.436768755675651,1.408254974640201,5.0,0.0013792215881491
31.0,3.0,0.4340122667607454,-1.6032275515347996,1.0,5.0,0.0014091307362361
31.0,4.0,0.4185657318645131,-2.4381601574116494,1.4146008335222553,5.0,0.0013589796489107
31.0,5.0,0.559455477617873,-2.924921180461276,1.7153726407743302,5.0,0.0018164138883697
31.0,6.0,0.4923731078002454,-3.157030187552296,1.349734699671536,5.0,0.0015986139863644
31.0,7.0,0.6231715028421745,-2.59596131701344,1.6597888223017456,5.0,0.0020232841001369
31.0,8.0,0.6472692225051747,-2.728023910944484,1.635242720481593,5.0,0.0021015234496921
31.0,9.0,0.623290135001105,-2.595965058008596,1.659663261336923,5.0,0.0020236692694841
31.0,10.0,0.6386330958827886,-2.727773238284553,1.643832058692254,5.0,0.0020734840775415
31.0,11.0,0.7304149082884019,-2.639002477202423,1.999726559269295,5.0,0.0023714769749623
31.0,12.0,0.5671780415019021,-2.2949390493682413,1.7170401251781504,5.0,0.0018414871477334
31.0,13.0,0.5829921386811061,-2.3887817672585325,1.697496572980005,5.0,0.0018928316190945
31.0,14.0,0.3259731751482049,-2.047136508858981,1.5493478465845476,5.0,0.0010583544647668
31.0,15.0,0.3567293981234434,-1.5008155304553707,1.8190212108565489,5.0,0.0011582123315696
31.0,16.0,0.3220094030990147,-2.047788696224688,1.5563800293337515,5.0,0.0010454850749968
31.0,17.0,0.7310727712094364,-2.638924708691672,1.9987776354164863,5.0,0.0023736128935371
31.0,18.0,0.5677425432300071,-2.2949671682205786,1.7163263626523018,5.0,0.0018433199455519
31.0,19.0,0.4671511202314829,-2.017988041551568,1.8582507342956411,5.0,0.0015167244163359
31.0,20.0,0.4102029510286048,-1.821291306885056,1.7045778099824935,5.0,0.0013318277630798
31.0,21.0,0.40056318101297,-3.088097446928452,1.474659323031435,5.0,0.0013005298084836
31.0,22.0,0.2937901497582089,-0.953580930105818,1.0,5.0,0.0009538641225915
31.0,23.0,0.1921807865086812,-0.8433422353892129,1.0,5.0,0.0006239635925606
31.0,24.0,0.2264709519072715,-1.1357277726893007,1.2505689006289018,5.0,0.0007352952984002
31.0,25.0,0.244787436624405,-1.1288432406698354,1.0000000000000002,5.0,0.0007947644046246
31.0,26.0,0.1977856804282386,-0.5556810970163603,1.0,5.0,0.0006421613000916
31.0,27.0,0.321039765731295,-0.7407825161599991,1.0,5.0,0.0010423369017249
31.0,28.0,0.3583442561142267,-1.6398022241112595,2.076089446014993,5.0,0.0011634553769942
31.0,29.0,0.2017305897330723,-0.2419536694491758,1.0,5.0,0.0006549694471852
31.0,30.0,0.2662605545342061,-0.3973131615657293,1.0,5.0,0.0008644823199162
31.0,31.0,0.0544578236525312,-0.054457823539259,0.0,0.0,0.0001768111157549
31.0,32.0,0.255467810882562,-0.5762163144342258,1.0,5.0,0.0008294409444239
31.0,33.0,0.2386710959917819,-1.887227087210109,1.7609382863828076,5.0,0.0007749061558174
31.0,34.0,0.3032621248540196,-0.830491146655754,1.6398723403814262,5.0,0.000984617288487
31.0,35.0,0.487058485462794,-1.8609292571233655,0.9999999999999998,5.0,0.001581358719035
31.0,36.0,0.1089156473050624,-0.3743635648232201,1.0,5.0,0.0003536222315099
31.0,37.0,0.50327240171274,-2.485305395552744,1.9933044647409253,5.0,0.0016340013042621
31.0,38.0,0.2414059132418903,-1.2847112661184776,1.766566375371306,5.0,0.0007837854326035
31.0,39.0,0.253568541064555,-1.1288432406698354,1.0000000000000002,5.0,0.0008232744839758
31.0,40.0,0.1929163738158503,-0.8500137924270038,1.0,5.0,0.0006263518630384
31.0,41.0,0.5703177529848471,-1.563082238683835,0.9999999999999998,5.0,0.0018516810161845
31.0,42.0,0.3204219758920987,-0.5559562690878012,1.0,5.0,0.0010403310905587
31.0,43.0,0.3694266460282009,-0.7169085728638518,0.9999999999999998,5.0,0.0011994371624292
31.0,44.0,0.3207278203363977,-0.5559562690878012,0.9999999999999998,5.0,0.0010413240920012
31.0,45.0,0.518524776926588,-1.1989992003167729,1.0,5.0,0.0016835220030084
31.0,46.0,0.3726043032267838,-1.0275007842046526,1.0,5.0,0.0012097542312557
31.0,47.0,0.4758665425391698,-1.7866120463201094,1.0,5.0,0.0015450212420102
31.0,48.0,0.4222219674855511,-1.4328270089401915,1.0,5.0,0.0013708505437842
31.0,49.0,0.6180651174422728,-1.6184780618505854,1.0,5.0,0.0020067049267606
31.0,50.0,0.5144089723246444,-1.9679023747401017,0.9999999999999996,5.0,0.001670159001054
32.0,1.0,0.504720262653367,-2.2903871277926724,1.0,5.0,0.0016387021514719
32.0,2.0,0.4414907490860371,-2.0961826781067368,1.0,5.0,0.0014334115230066
32.0,3.0,0.4438647999059271,-1.5170436939055827,1.0,5.0,0.001441119480214
32.0,4.0,0.4353013273694316,-2.0961826781067368,1.0,5.0,0.0014133159979527
32.0,5.0,0.563600502012669,-3.0619473417580085,1.0,5.0,0.0018298717597813
32.0,6.0,0.5091667876323765,-2.855522206262872,1.0,5.0,0.0016531389208843
32.0,7.0,0.6330313278759472,-2.5366059937066123,1.6495186703356626,5.0,0.0020552965190777
32.0,8.0,0.6571285351139102,-2.6715024912895204,1.6257170023946352,5.0,0.0021335342049152
32.0,9.0,0.6331499595200123,-2.5366096106704896,1.649396987530495,5.0,0.0020556816867532
32.0,10.0,0.6484924443530717,-2.6712598905035945,1.6340489799621976,5.0,0.0021054949491982
32.0,11.0,0.7412502830148174,-2.493194156465528,1.8617244675566116,5.0,0.0024066567630351
32.0,12.0,0.5767274723995646,-2.250177271405015,1.7056359551962297,5.0,0.001872491793505
32.0,13.0,0.5925204884931178,-2.348660111131923,1.6867755649839584,5.0,0.0019237678197828
32.0,14.0,0.3430482798773694,-1.5221445880710862,1.0,5.0,0.0011137931164849
32.0,15.0,0.3705992886282671,-1.1469597517912713,1.5500562063237582,5.0,0.0012032444435982
32.0,16.0,0.3390992254153293,-1.5221445880710862,1.0,5.0,0.0011009715110887
32.0,17.0,0.7419063769438797,-2.4931577302187646,1.860943941520261,5.0,0.0024087869381294
32.0,18.0,0.5772912037650934,-2.2502613000822738,1.704947503005371,5.0,0.0018743220901464
32.0,19.0,0.4817416378394236,-1.742814640991748,1.6472274369639806,5.0,0.0015640962267513
32.0,20.0,0.4247037660113985,-1.5057634172327603,1.4800017519865274,5.0,0.0013789083312058
32.0,21.0,0.2146437082696171,-4.1050289560231885,1.0,5.0,0.0006968951567195
32.0,22.0,0.1025466211916336,-0.7868557824422756,1.0,5.0,0.0003329435752975
32.0,23.0,0.20340502235685,-0.3102034170704276,1.0,5.0,0.000660405916743
32.0,24.0,0.2376951873525065,-0.6709110370870637,1.2387367473439836,5.0,0.0007717376212743
32.0,25.0,0.1599011556434657,-0.5603868991794771,1.6624548956754226,5.0,0.000519159596245
32.0,26.0,0.2090099162764074,-0.0296466632873654,1.0,5.0,0.000678603624274
32.0,27.0,0.3308922988764766,-0.6189521131080441,1.0,5.0,0.0010743256457028
32.0,28.0,0.3718969521981535,-1.297274319353548,1.5517022484797027,5.0,0.0012074576370069
32.0,29.0,0.2115831228782541,-0.0208026498091643,1.0,5.0,0.0006869581911631
32.0,30.0,0.2761130876793879,-0.247893338756287,1.0,5.0,0.0008964710638941
32.0,31.0,0.2641123712049221,-1.3212364437963409,1.0,5.0,0.0008575076987172
32.0,32.0,0.0512733105958168,-0.0512733104891684,0.0,0.0,0.0001664717876487
32.0,33.0,0.2591015255949618,-1.3212364437963409,1.0,5.0,0.0008412387194641
32.0,34.0,0.1184818170718935,0.2150538784792807,1.0,5.0,0.0003846812242593
32.0,35.0,0.4639590884301109,-2.330429269981849,1.8224677550701016,5.0,0.0015063606767211
32.0,36.0,0.2943141062579695,-0.4943805778389844,1.0,5.0,0.0009555652800583
32.0,37.0,0.3299122018737799,-2.511934775492977,1.37802566260376,5.0,0.0010711435125772
32.0,38.0,0.2550907840165396,-0.4157929149863955,1.0,5.0,0.0008282168312225
32.0,39.0,0.168635839095667,-0.5624640607995242,1.626648588536178,5.0,0.0005475189581028
32.0,40.0,0.2041406096640191,-0.3214695110288584,1.0,5.0,0.0006627941872208
32.0,41.0,0.5801702861300289,-1.5112633170307863,0.9999999999999998,5.0,0.0018836697601624
32.0,42.0,0.3302745090372804,-0.440690885965728,1.0,5.0,0.0010723198345366
32.0,43.0,0.3792791791733827,-0.6237620030006218,0.9999999999999998,5.0,0.001231425906407
32.0,44.0,0.3305803534815794,-0.440690885965728,1.0,5.0,0.0010733128359791
32.0,45.0,0.5283773100717697,-1.1428233528930225,1.0,5.0,0.0017155107469862
32.0,46.0,0.3824568363719655,-0.925567083619852,1.0,5.0,0.0012417429752336
32.0,47.0,0.4758872560356729,-2.1783625162186784,1.7138239645930224,5.0,0.0015450884936223
32.0,48.0,0.4320745006307326,-1.3426492441358908,1.0,5.0,0.0014028392877621
32.0,49.0,0.5761158687617424,-1.8822466118127144,1.8868488133421728,5.0,0.0018705060674082
32.0,50.0,0.4883702312757844,-2.080107509422429,1.8851646085599287,5.0,0.0015856176340122
33.0,1.0,0.4826539744129842,-2.5600584284152714,1.3568826728562189,5.0,0.0015670583584837
33.0,2.0,0.4198269258176231,-2.4273145222586807,1.4133772904470012,5.0,0.0013630744344728
33.0,3.0,0.429001421150785,-1.5822291844592626,1.0,5.0,0.001392861756983
33.0,4.0,0.4135918292220529,-2.4287517224721222,1.4198848488160023,5.0,0.0013428306143573
33.0,5.0,0.5544692954803524,-2.913850787097529,1.721809724850104,5.0,0.0018002249853258
33.0,6.0,0.4873912664262384,-3.15238241345597,1.3534858684303868,5.0,0.0015824391767085
33.0,7.0,0.618156670016274,-2.580633945541802,1.6651376666300064,5.0,0.0020070021753775
33.0,8.0,0.6422546755485762,-2.7132871544824524,1.6401994847652903,5.0,0.0020852424530797
33.0,9.0,0.618275302440606,-2.580637754168668,1.6650100617749322,5.0,0.0020073873455863
33.0,10.0,0.6336185304254297,-2.7130320871299527,1.6489243116138144,5.0,0.0020572030208617
33.0,11.0,0.7255649683950758,-2.6227635492110988,2.007060910482475,5.0,0.0023557304168671
33.0,12.0,0.5621817946187679,-2.2777871762362483,1.7234346643797112,5.0,0.001825265566944
33.0,13.0,0.5779947993565692,-2.3719817211003136,1.7035457978518276,5.0,0.0018766064914174
33.0,14.0,0.3210837240440857,-2.037536350640864,1.558301695033661,5.0,0.0010424796235197
33.0,15.0,0.3518023523890475,-1.480650661225014,1.8315332493656944,5.0,0.0011422154298345
33.0,16.0,0.3171197401334176,-2.0382177735049014,1.565567191806905,5.0,0.0010296095458877
33.0,17.0,0.7262228656071616,-2.622684401385614,2.0060978913462204,5.0,0.0023578664467764
33.0,18.0,0.5627462935513934,-2.277815828290205,1.7227081202585564,5.0,0.0018270983556863
33.0,19.0,0.4622104157605853,-2.001052323148585,1.8680955807975343,5.0,0.0015006831680538
33.0,20.0,0.4052604431444466,-1.804093583562915,1.7138139826280383,5.0,0.0013157806595598
33.0,21.0,0.3955460010526564,-3.088827873459337,1.4807916868346314,5.0,0.0012842402631579
33.0,22.0,0.2887793041482485,-0.9274954163368814,1.0,5.0,0.0009375951433384
33.0,23.0,0.1871699408987209,-0.8210402050437946,1.0,5.0,0.0006076946133075
33.0,24.0,0.2214601064996492,-1.118386525279951,1.256238376708117,5.0,0.000719026319804
33.0,25.0,0.2397765910144447,-1.108996443799112,0.9999999999999998,5.0,0.0007784954253715
33.0,26.0,0.1927748348182782,-0.5251124581689348,1.0,5.0,0.0006258923208385
33.0,27.0,0.3160289201213346,-0.7101792369799572,1.0,5.0,0.0010260679224718
33.0,28.0,0.3534833472117721,-1.621427689896275,2.0919229952761493,5.0,0.001147673205233
33.0,29.0,0.196719744123112,-0.2019970310634625,1.0,5.0,0.0006387004679321
33.0,30.0,0.2612497089242458,-0.3607429944496683,1.0,5.0,0.0008482133406631
33.0,31.0,0.2388945600265378,-1.8855542927931497,1.7609382863828076,5.0,0.0007756316883978
33.0,32.0,0.2504569652726017,-0.5438647045628648,1.0,5.0,0.0008131719651707
33.0,33.0,0.051952400847551,-0.0519524007394901,0.0,0.0,0.0001686766261284
33.0,34.0,0.2982638203101299,-0.802114570080668,1.6507471126616369,5.0,0.0009683890269809
33.0,35.0,0.4820476398528336,-1.8416360747501237,1.0000000000000002,5.0,0.0015650897397819
33.0,36.0,0.103904801695102,-0.349960188254343,1.0,5.0,0.0003373532522568
33.0,37.0,0.4985047323373874,-2.4728329688412383,2.0042949292411065,5.0,0.0016185218582382
33.0,38.0,0.2364542414853736,-1.268514492060004,1.78363156340427,5.0,0.0007677085762512
33.0,39.0,0.2485576954545946,-1.108996443799112,1.0,5.0,0.0008070055047227
33.0,40.0,0.18790552820589,-0.8277403084251614,1.0,5.0,0.0006100828837853
33.0,41.0,0.5653069073748868,-1.5395952223736276,0.9999999999999996,5.0,0.0018354120369314
33.0,42.0,0.3154111302821383,-0.5220626738116284,1.0,5.0,0.0010240621113056
33.0,43.0,0.3644158004182406,-0.6852378325797696,0.9999999999999998,5.0,0.0011831681831761
33.0,44.0,0.3157169747264373,-0.5220626738116284,0.9999999999999998,5.0,0.0010250551127481
33.0,45.0,0.5135139313166276,-1.172311690650779,1.0,5.0,0.0016672530237552
33.0,46.0,0.3675934576168234,-1.000501826670874,1.0,5.0,0.0011934852520026
33.0,47.0,0.4708556969292094,-1.766992937306815,1.0,5.0,0.0015287522627571
33.0,48.0,0.4172111218755905,-1.4102451874956392,1.0,5.0,0.0013545815645311
33.0,49.0,0.6130542718323124,-1.5951179127771813,1.0,5.0,0.0019904359475075
33.0,50.0,0.5093981267146839,-1.9491243059348635,0.9999999999999998,5.0,0.0016538900218009
34.0,1.0,0.4534219376853637,-2.2634131062811846,1.0,5.0,0.0014721491483291
34.0,2.0,0.3901924241180337,-2.094222968428907,1.0,5.0,0.0012668585198637
34.0,3.0,0.3925664749379237,-1.427444384903428,1.0000000000000002,5.0,0.0012745664770711
34.0,4.0,0.3840030024014283,-2.094222968428907,1.0,5.0,0.0012467629948098
34.0,5.0,0.5123021770446655,-3.087181418859564,1.0,5.0,0.0016633187566385
34.0,6.0,0.4578684626643732,-2.8966207181183625,1.0,5.0,0.0014865859177414
34.0,7.0,0.5816909789639925,-2.4693624771548155,1.7068015570066963,5.0,0.0018886070745584
34.0,8.0,0.6057912578315363,-2.606454568071176,1.67870725353246,5.0,0.0019668547332192
34.0,9.0,0.5818096134165797,-2.469366830938541,1.7066574668653889,5.0,0.0018889922513525
34.0,10.0,0.5971549712222908,-2.6061641936513,1.6885212897996866,5.0,0.0019388148416308
34.0,11.0,0.6913811562337017,-2.394160937711689,1.9277556257446424,5.0,0.0022447440137457
34.0,12.0,0.5256648028698795,-2.1689355410072992,1.7743099529099429,5.0,0.0017067039054216
34.0,13.0,0.5414438400849733,-2.266709378012286,1.7516586376780086,5.0,0.0017579345457304
34.0,14.0,0.291749954909366,-1.537601164423951,1.0,5.0,0.000947240113342
34.0,15.0,0.3192989647837511,-1.0667281550884518,1.6383968426109463,5.0,0.0010366849505965
34.0,16.0,0.2878009004473258,-1.537601164423951,1.0,5.0,0.0009344185079458
34.0,17.0,0.6920376350034761,-2.394116821867659,1.9268501109397165,5.0,0.0022468754383229
34.0,18.0,0.5262284470793174,-2.169037999131453,1.7734810498587903,5.0,0.0017085339190886
34.0,19.0,0.4304762656710262,-1.6694286673779632,1.72475707800227,5.0,0.0013976502132176
34.0,20.0,0.3734041893066175,-1.4419907827760214,1.545924987261658,5.0,0.0012123512639825
34.0,21.0,0.2613736133180924,-3.4370280719067354,1.0,5.0,0.0008486156276561
34.0,22.0,0.2523443579353872,-0.7312234730350681,1.0,5.0,0.0008192998634265
34.0,23.0,0.1521066973888466,-0.2603834656405801,1.0,5.0,0.0004938529136001
34.0,24.0,0.1863968649300755,-0.6709510615335494,1.304439587883699,5.0,0.0006051846263963
34.0,25.0,0.1165641474465399,-0.1218773044039959,1.0000000000000002,5.0,0.000378455024177
34.0,26.0,0.1577115913084039,0.1201816633871535,1.0,5.0,0.0005120506211311
34.0,27.0,0.2795939739084732,-0.47552798491979,1.0000000000000002,5.0,0.0009077726425599
34.0,28.0,0.3214618014268685,-1.2294797293195412,1.6383861649422131,5.0,0.0010437071474898
34.0,29.0,0.1602847979102507,0.1268972237808279,1.0,5.0,0.0005204051880202
34.0,30.0,0.2248147627113844,-0.0719274900897614,1.0,5.0,0.0007299180607512
34.0,31.0,0.2128140462369187,-1.4609004352215642,1.0,5.0,0.0006909546955744
34.0,32.0,0.2140220190597404,-0.2917103560959243,1.0,5.0,0.0006948766852588
34.0,33.0,0.2078032006269584,-1.4609004352215642,1.0,5.0,0.0006746857163212
34.0,34.0,0.0582820737232699,-0.0582820736020434,0.0,0.0,0.0001892275120885
34.0,35.0,0.4290813554376138,-2.160890188492446,1.7924482014366223,5.0,0.0013931212838883
34.0,36.0,0.2430157812899661,-0.3631854678518813,1.0,5.0,0.0007890122769154
34.0,37.0,0.3809788984091324,-2.124428824897183,1.641672544401864,5.0,0.0012369444753543
34.0,38.0,0.2037924590485362,-0.303766855031396,1.0,5.0,0.0006616638280796
34.0,39.0,0.1253452518866899,-0.1218773044039959,1.0000000000000002,5.0,0.0004069651035282
34.0,40.0,0.1528422846960157,-0.2717070140297178,0.9999999999999998,5.0,0.0004962411840779
34.0,41.0,0.5288719611620254,-1.3646241280063889,0.9999999999999998,5.0,0.0017171167570195
34.0,42.0,0.278976184069277,-0.2594757557985346,1.0,5.0,0.0009057668313937
34.0,43.0,0.3279808542053792,-0.4428040644683967,1.0,5.0,0.0010648729032642
34.0,44.0,0.279282028513576,-0.2594757557985346,1.0,5.0,0.0009067598328362
34.0,45.0,0.4770789851037663,-0.971894589661088,1.0,5.0,0.0015489577438433
34.0,46.0,0.3311585114039621,-0.7967832394598269,1.0,5.0,0.0010751899720907
34.0,47.0,0.4344207507163481,-1.623067157282042,1.0,5.0,0.0014104569828452
34.0,48.0,0.3807761756627293,-1.242762668652735,1.0,5.0,0.0012362862846192
34.0,49.0,0.5570758422837669,-1.7497098621445848,1.8850940230214197,5.0,0.0018086877996226
34.0,50.0,0.4768407486711277,-1.9924400754864664,1.8812408352130623,5.0,0.0015481842489322
35.0,1.0,0.3602772049426437,-1.9488087907513376,1.0000000000000002,5.0,0.0011697311848787
35.0,2.0,0.5062083593632579,-2.182043336015303,1.0,5.0,0.0016435336342962
35.0,3.0,0.2959834012981405,-1.5692956430046296,1.0,5.0,0.0009609850691498
35.0,4.0,0.5000189376466525,-2.182043336015303,1.0000000000000002,5.0,0.0016234381092423
35.0,5.0,0.4259084234033996,-2.8048321052150964,1.0,5.0,0.0013828195565045
35.0,6.0,0.5738843979095974,-2.8861418765200444,1.0,5.0,0.001863261032174
35.0,7.0,0.4846148393922167,-2.400175192840913,1.853914436545582,5.0,0.0015734248032214
35.0,8.0,0.5086583307464372,-2.534636452654893,1.8135799148379967,5.0,0.001651488086839
35.0,9.0,0.4847333158851522,-2.4001756032178063,1.853705950899695,5.0,0.0015738094671595
35.0,10.0,0.5000331242083766,-2.5346096949481645,1.8275980589114251,5.0,0.0016234841695077
35.0,11.0,0.5956869193725614,-2.1998722303737197,1.8864515218096505,5.0,0.0019340484395213
35.0,12.0,0.430286059014295,-2.032450613787759,1.6968914337196457,5.0,0.0013970326591373
35.0,13.0,0.4461501963476457,-2.1171933934669247,1.6720259568325724,5.0,0.0014485395985313
35.0,14.0,0.4077658901545903,-1.6208442499699764,1.0,5.0,0.0013239152277746
35.0,15.0,0.222670957269315,-0.9205442372921776,1.0,5.0,0.0007229576534718
35.0,16.0,0.4038168356925501,-1.6208442499699764,1.0,5.0,0.0013110936223784
35.0,17.0,0.5963439222563274,-2.1998525424444626,1.8854494991960904,5.0,0.0019361815657672
35.0,18.0,0.4308512198869565,-2.0324278805458995,1.695975664488219,5.0,0.0013988675970355
35.0,19.0,0.333226776924144,-1.536059509798848,1.6117391756354815,5.0,0.0010819051198835
35.0,20.0,0.2767745779433576,-1.338445441166673,1.0,5.0,0.0008986187595563
35.0,21.0,0.279361318546838,-3.3560362995821915,1.0,5.0,0.0009070172680092
35.0,22.0,0.1672642314688544,-0.5364732246968213,1.0,5.0,0.0005430656865871
35.0,23.0,0.2681226326340709,-0.5306364620837122,1.0,5.0,0.0008705280280326
35.0,24.0,0.3024127962221218,-0.8339958506647119,1.187646058798267,5.0,0.0009818597279939
35.0,25.0,0.2230195383903354,-0.6038987140560604,1.4496957788797182,5.0,0.0007240894103582
35.0,26.0,0.2737275265536282,-0.3196927238036419,1.0,5.0,0.0008887257355637
35.0,27.0,0.1830109002686901,-0.7247314415767308,1.0,5.0,0.0005941912346386
35.0,28.0,0.2340403219534697,-1.2339127836575865,1.0000000000000002,5.0,0.0007598711751736
35.0,29.0,0.276300733155475,-0.3108900782173866,1.0,5.0,0.0008970803024528
35.0,30.0,0.1282316890716013,-0.4825259172674674,1.0,5.0,0.0004163366528298
35.0,31.0,0.3288299814821431,-1.3651172906305014,1.0,5.0,0.0010676298100069
35.0,32.0,0.1289418925932077,0.0543954364281103,1.0,5.0,0.0004186425084195
35.0,33.0,0.3238191358721827,-1.3651172906305014,1.0,5.0,0.0010513608307538
35.0,34.0,0.1831994273491145,-0.0169559110331338,1.0,5.0,0.000594803335549
35.0,35.0,0.0641158445358006,-0.0641158444024398,0.0,0.0,0.0002081683264149
35.0,36.0,0.3590317165351903,-0.737490356338884,1.0,5.0,0.001165687391348
35.0,37.0,0.3754260819491413,-2.4042561609506574,1.7967085029720151,5.0,0.0012189158504842
35.0,38.0,0.3198083942937604,-0.6545626673650082,1.0,5.0,0.0010383389425122
35.0,39.0,0.2318499921773637,-0.6027199186011438,1.4318685630099917,5.0,0.0007527597148615
35.0,40.0,0.26885821994124,-0.5407061873880227,1.0,5.0,0.0008729162985105
35.0,41.0,0.4322888875222421,-1.2464088892151883,1.0,5.0,0.0014035353490981
35.0,42.0,0.1823931104294938,-0.3645240904237954,1.0,5.0,0.0005921854234723
35.0,43.0,0.231397780565596,-0.4206446037377878,1.0,5.0,0.0007512914953428
35.0,44.0,0.1826989548737928,-0.3645240904237954,1.0,5.0,0.0005931784249149
35.0,45.0,0.3804959114639832,-0.8190354331917995,1.0,5.0,0.001235376335922
35.0,46.0,0.2345754377641789,-0.945422917116707,1.0,5.0,0.0007616085641694
35.0,47.0,0.337837677076565,-1.746107715106743,1.0,5.0,0.0010968755749239
35.0,48.0,0.2841931020229461,-1.3854994288721838,1.0,5.0,0.0009227048766978
35.0,49.0,0.4800362519796677,-1.2633486428919856,1.0,5.0,0.0015585592596742
35.0,50.0,0.3763801068620395,-1.8836971426894848,1.0,5.0,0.0012220133339676
36.0,1.0,0.4569661203589988,-2.0532859692051657,1.6712397094553793,5.0,0.0014836562349318
36.0,2.0,0.3918510044620295,-2.096444331586029,1.0,5.0,0.0012722435209806
36.0,3.0,0.3942250552819194,-1.432834034757155,1.0000000000000004,5.0,0.001279951478188
36.0,4.0,0.3856615827454241,-2.096444331586029,1.0,5.0,0.0012521479959267
36.0,5.0,0.5198736267085919,-2.838545362805915,1.7698892387652183,5.0,0.0016879013854175
36.0,6.0,0.459527043008369,-2.8970033516307927,1.0,5.0,0.0014919709188583
36.0,7.0,0.5833510242335549,-2.47324137730852,1.7047918732064806,5.0,0.0018939968319271
36.0,8.0,0.6074511920858593,-2.610182592014397,1.6768539500206951,5.0,0.0019722441301488
36.0,9.0,0.5834696585899054,-2.473245704127812,1.7046486012206323,5.0,0.0018943820084087
36.0,10.0,0.5988149121942056,-2.6098939592589225,1.6866140765503674,5.0,0.0019442042603707
36.0,11.0,0.690338673920326,-2.2841786236371555,1.7577673120271229,5.0,0.0022413593309101
36.0,12.0,0.5275131325516406,-2.156825832689998,1.771164235372288,5.0,0.001712704975817
36.0,13.0,0.54331783416373,-2.253596278004076,1.7486051761119468,5.0,0.00176401894209
36.0,14.0,0.2934085352533618,-1.539836614209939,1.0,5.0,0.0009526251144589
36.0,15.0,0.3209126112530939,-0.7656835481978989,1.0000000000000002,5.0,0.00104192406251
36.0,16.0,0.2894594807913216,-1.539836614209939,1.0,5.0,0.0009398035090627
36.0,17.0,0.690994480781386,-2.2841678068029694,1.7570369291617325,5.0,0.0022434885739655
36.0,18.0,0.5280776117498606,-2.1568585769122226,1.7703387081405657,5.0,0.0017145377004865
36.0,19.0,0.4317067409640308,-1.4434402533689563,1.4711414006930448,5.0,0.0014016452628702
36.0,20.0,0.3750162319271366,-1.1880774393084312,1.0,5.0,0.0012175851685945
36.0,21.0,0.3607328383660807,-3.1085616018165543,1.5281492125168494,5.0,0.0011712105141755
36.0,22.0,0.2540029382793829,-0.7375930268273586,1.0,5.0,0.0008246848645434
36.0,23.0,0.1523935750298553,-0.6635768438688033,1.0,5.0,0.0004947843345125
36.0,24.0,0.1866837425505251,-1.0025395621393216,1.3039717540577964,5.0,0.0006061160472419
36.0,25.0,0.2050002251455791,-0.971085166213004,1.0000000000000002,5.0,0.0006655851465765
36.0,26.0,0.1579984689494127,-0.2931541492142894,1.0,5.0,0.0005129820420435
36.0,27.0,0.2812525542524691,-0.484114829567484,1.0,5.0,0.0009131576436768
36.0,28.0,0.3230900088011166,-1.234730249057154,1.6351592546523832,5.0,0.0010489935350685
36.0,29.0,0.1619433782542464,0.1149807440611857,1.0,5.0,0.0005257901891371
36.0,30.0,0.2264733430553802,-0.0827906174752214,1.0,5.0,0.0007353030618681
36.0,31.0,0.2144726265809145,-1.4590930480131228,1.0,5.0,0.0006963396966912
36.0,32.0,0.2156805994037361,-0.3004276318219651,1.0,5.0,0.0007002616863757
36.0,33.0,0.2094617809709542,-1.4590930480131228,1.0,5.0,0.0006800707174381
36.0,34.0,0.2699381341596429,-0.4275180791477595,1.0,5.0,0.0008764225135053
36.0,35.0,0.4472712739839681,-1.7051098934390352,1.0000000000000004,5.0,0.0014521794609869
36.0,36.0,0.0761967875149276,-0.0761967873564385,0.0,0.0,0.0002473921672562
36.0,37.0,0.4655875178273782,-2.387382046449803,2.087893196800444,5.0,0.0015116477851538
36.0,38.0,0.2040793366895449,-0.6065754904473113,1.0,5.0,0.000662595248992
36.0,39.0,0.2137813295857291,-0.971085166213004,1.0000000000000002,5.0,0.0006940952259276
36.0,40.0,0.1531291623370244,-0.6704820021248957,1.0,5.0,0.0004971726049903
36.0,41.0,0.5305305415060213,-1.3714646702826183,1.0,5.0,0.0017225017581364
36.0,42.0,0.2806347644132727,-0.2695191846286043,1.0000000000000002,5.0,0.0009111518325106
36.0,43.0,0.329639434549375,-0.4521857908833742,1.0,5.0,0.001070257904381
36.0,44.0,0.2809406088575717,-0.2695191846286042,1.0,5.0,0.0009121448339531
36.0,45.0,0.4787375654477621,-0.9798305457506444,1.0000000000000002,5.0,0.0015543427449602
36.0,46.0,0.3328170917479578,-0.8041972481367644,1.0000000000000002,5.0,0.0010805749732076
36.0,47.0,0.4360793310603438,-1.6280604442110302,1.0000000000000002,5.0,0.0014158419839621
36.0,48.0,0.382434756006725,-1.2486712482590223,1.0000000000000002,5.0,0.0012416712857361
36.0,49.0,0.5782779059634466,-1.4280888367860711,1.0,5.0,0.0018775256687124
36.0,50.0,0.4746217608458184,-1.816405414406095,1.0,5.0,0.0015409797430059
37.0,1.0,0.4254455158430521,-2.125076081537216,1.0000000000000004,5.0,0.00138131660988
37.0,2.0,0.5713766702636666,-2.390264449503162,1.0,5.0,0.0018551190592976
37.0,3.0,0.3611517121985489,-1.7712344277928382,1.0000000000000002,5.0,0.0011725704941511
37.0,4.0,0.565187248547061,-2.390264449503162,1.0,5.0,0.0018350235342437
37.0,5.0,0.4910767343038081,-2.8907285515118284,1.0,5.0,0.0015944049815058
37.0,6.0,0.639052708810006,-3.035333809002119,1.0,5.0,0.0020748464571753
37.0,7.0,0.550027156757501,-2.637715703311056,2.114653584372532,5.0,0.0017858024570048
37.0,8.0,0.5740876536501625,-2.7630747940840488,2.067926321689125,5.0,0.0018639209534096
37.0,9.0,0.5501457113773854,-2.637712850463489,2.1144133883773346,5.0,0.0017861873746019
37.0,10.0,0.565456976725744,-2.7632652525431816,2.0842252449706504,5.0,0.0018358992750835
37.0,11.0,0.6611012801732472,-2.493966623657464,2.080912843858812,5.0,0.0021464327278352
37.0,12.0,0.4958342288664956,-2.307901529273923,2.0054828149623014,5.0,0.0016098513924236
37.0,13.0,0.5117199134705932,-2.388027079531044,1.9742198401738456,5.0,0.0016614282904889
37.0,14.0,0.4729342010549989,-1.87070405719067,0.9999999999999998,5.0,0.0015355006527759
37.0,15.0,0.2878392681697233,-1.198207005499373,1.0000000000000002,5.0,0.0009345430784731
37.0,16.0,0.4689851465929587,-1.87070405719067,1.0,5.0,0.0015226790473797
37.0,17.0,0.6617548972810605,-2.4939548565177727,2.0798390833836127,5.0,0.0021485548613021
37.0,18.0,0.4963995279729414,-2.307856536750013,2.0043366852661952,5.0,0.0016116867791329
37.0,19.0,0.3987944528695938,-1.87601211719538,2.0092409518962544,5.0,0.0012947871846415
37.0,20.0,0.341942888843766,-1.560792191963361,1.0000000000000002,5.0,0.0011102041845576
37.0,21.0,0.273375450347033,-3.558866530698473,1.0,5.0,0.0008875826309968
37.0,22.0,0.232432542369263,-0.8742347064185295,0.9999999999999998,5.0,0.0007546511115885
37.0,23.0,0.3332909435344793,-0.9273587625833516,1.0,5.0,0.001082113453034
37.0,24.0,0.3675811065378245,-1.1771728651059548,1.1543783513289194,5.0,0.0011934451510968
37.0,25.0,0.2870837322003689,-0.966209769265952,1.344330975962487,5.0,0.0009320900396115
37.0,26.0,0.3388958374540367,-0.7595390370651054,1.0,5.0,0.001100311160565
37.0,27.0,0.2481792111690985,-1.0127201681623803,1.0,5.0,0.0008057766596399
37.0,28.0,0.2992086328538781,-1.4424964956248116,1.0,5.0,0.0009714566001749
37.0,29.0,0.3414690440558834,-0.7522991560450799,1.0,5.0,0.0011086657274541
37.0,30.0,0.1933999999720098,-0.7838046614017787,1.0,5.0,0.0006279220778312
37.0,31.0,0.3939982923825515,-1.6203912053989822,0.9999999999999998,5.0,0.0012792152350082
37.0,32.0,0.1941102034936161,-0.4628499435939097,1.0,5.0,0.0006302279334208
37.0,33.0,0.3889874467725911,-1.6203912053989822,0.9999999999999998,5.0,0.0012629462557551
37.0,34.0,0.2483677382495229,-0.5204615980285208,0.9999999999999998,5.0,0.0008063887605503
37.0,35.0,0.1121333294260431,-0.4433823624378818,1.0,5.0,0.0003640692513832
37.0,36.0,0.4242000274355988,-1.110206060691462,1.0,5.0,0.0013772728163493
37.0,37.0,0.0560666647130215,-0.056066664596403,0.0,0.0,0.0001820346256916
37.0,38.0,0.3849767051941689,-1.036866195603195,1.0,5.0,0.0012499243675135
37.0,39.0,0.2958968344046134,-0.9656834666229028,1.3338047417737735,5.0,0.0009607040078071
37.0,40.0,0.3340265308416484,-0.9357163864864751,1.0000000000000002,5.0,0.0010845017235118
37.0,41.0,0.4974566486219215,-1.7030579745198566,1.401016696210449,5.0,0.0016151189890322
37.0,42.0,0.2475614213299023,-0.7625791336227473,1.0,5.0,0.0008037708484737
37.0,43.0,0.2965655023763099,-1.1373381829714964,1.6726635962584688,5.0,0.0009628750077152
37.0,44.0,0.2478672657742013,-0.7625791336227473,1.0,5.0,0.0008047638499162
37.0,45.0,0.2508220764517055,-1.529758019340031,1.0000000000000002,5.0,0.0008143573910769
37.0,46.0,0.3046327547603426,-1.327827444489928,1.6729964495897975,5.0,0.0009890673855855
37.0,47.0,0.2018784285402728,-1.4565813571173136,1.0000000000000002,5.0,0.0006554494433125
37.0,48.0,0.148233853486654,-1.0299066224619342,1.0,5.0,0.0004812787450865
37.0,49.0,0.2636432640432672,-1.5659823100672483,1.0,5.0,0.0008559846235171
37.0,50.0,0.2404208583257474,-1.521159511785658,1.0,5.0,0.0007805872023563
38.0,1.0,0.4735615400361406,-2.045347870676837,1.6477158319152572,5.0,0.0015375374676498
38.0,2.0,0.4084785410558534,-2.063322127344464,1.0,5.0,0.0013262290294021
38.0,3.0,0.4108525918757434,-1.431167271361894,1.0000000000000002,5.0,0.0013339369866095
38.0,4.0,0.402289119339248,-2.063322127344464,1.0,5.0,0.0013061335043482
38.0,5.0,0.5364097330738941,-2.8170741564127924,1.7461266124903498,5.0,0.0017415900424477
38.0,6.0,0.4761545796021931,-2.8540794663617364,1.0,5.0,0.0015459564272798
38.0,7.0,0.5999926902948005,-2.474101980498911,1.6852585561772129,5.0,0.0019480282152428
38.0,8.0,0.6240918039749848,-2.611331708381712,1.6588187356673938,5.0,0.0020262720908278
38.0,9.0,0.6001113237058773,-2.474106051124316,1.6851231150042143,5.0,0.0019484133886554
38.0,10.0,0.6154555900269683,-2.611059649617619,1.668062106883552,5.0,0.0019982324351524
38.0,11.0,0.7065008860981872,-2.302085629783329,1.7396206452516674,5.0,0.0022938340457733
38.0,12.0,0.5440860053599406,-2.1587776384537425,1.7475816526666483,5.0,0.0017665130044153
38.0,13.0,0.5598949991825469,-2.2571975112959453,1.7263623187235262,5.0,0.0018178409064368
38.0,14.0,0.3100360718471857,-1.488056205728317,1.0,5.0,0.0010066106228804
38.0,15.0,0.3375401478469178,-0.7697003825151496,1.0,5.0,0.0010959095709315
38.0,16.0,0.3060870173851456,-1.488056205728317,1.0,5.0,0.0009937890174842
38.0,17.0,0.7071565459265338,-2.302075747866719,1.738925051194737,5.0,0.0022959628114497
38.0,18.0,0.5446504939611198,-2.1588082950203766,1.7468058208327966,5.0,0.001768345759614
38.0,19.0,0.4483430419620332,-1.4474972403698698,1.4535914423304153,5.0,0.0014556592271494
38.0,20.0,0.3916437685209605,-1.1874606261335858,1.0000000000000002,5.0,0.0012715706770161
38.0,21.0,0.3773622755970009,-3.013677912098069,1.5043943553844277,5.0,0.0012252021934967
38.0,22.0,0.2706304748732069,-0.7126383908297403,1.0,5.0,0.0008786703729649
38.0,23.0,0.1690211116236793,-0.5504533785381619,1.0,5.0,0.000548769842934
38.0,24.0,0.2033112780984112,-0.8981360573830015,1.279111822011305,5.0,0.0006601015522675
38.0,25.0,0.2216277617394031,-0.8947793530527816,0.9999999999999998,5.0,0.000719570654998
38.0,26.0,0.1746260055432367,-0.2160577749829449,0.9999999999999998,5.0,0.000566967550465
38.0,27.0,0.297880090846293,-0.486377578874996,1.0000000000000002,5.0,0.0009671431520983
38.0,28.0,0.3394027643713673,-1.2168811734183609,1.6045258913948728,5.0,0.0011019570271797
38.0,29.0,0.1785709148480704,0.1479963488851529,1.0000000000000002,5.0,0.0005797756975586
38.0,30.0,0.2431008796492042,-0.0856201269278817,1.0,5.0,0.0007892885702896
38.0,31.0,0.2311001631747385,-1.3407156337556536,1.0,5.0,0.0007503252051127
38.0,32.0,0.2323081359975601,-0.2776922173351411,1.0000000000000002,5.0,0.0007542471947972
38.0,33.0,0.2260893175647782,-1.3407156337556536,1.0,5.0,0.0007340562258596
38.0,34.0,0.2865656707534669,-0.4282459760894764,1.0,5.0,0.0009304080219268
38.0,35.0,0.463898810577792,-1.7056651237337372,1.0000000000000002,5.0,0.0015061649694084
38.0,36.0,0.0857559724200605,0.301265566482244,1.0,5.0,0.0002784284818833
38.0,37.0,0.4810075885812593,-2.3636183587618835,2.0462392455348035,5.0,0.0015617129499391
38.0,38.0,0.0428779862100302,-0.0428779861208441,0.0,0.0,0.0001392142409416
38.0,39.0,0.2304088661795531,-0.8947793530527816,0.9999999999999998,5.0,0.0007480807343491
38.0,40.0,0.1697566989308484,-0.5591075154030591,0.9999999999999998,5.0,0.0005511581134118
38.0,41.0,0.5471580780998452,-1.3974080990018047,0.9999999999999998,5.0,0.0017764872665579
38.0,42.0,0.2972623010070968,-0.2855890444744542,1.0,5.0,0.0009651373409321
38.0,43.0,0.3462669711431989,-0.4753664129431919,1.0,5.0,0.0011242434128025
38.0,44.0,0.2975681454513957,-0.2855890444744542,1.0,5.0,0.0009661303423746
38.0,45.0,0.4953651020415861,-1.0115266045923363,1.0000000000000002,5.0,0.0016083282533817
38.0,46.0,0.3494446283417818,-0.808799590195752,1.0,5.0,0.0011345604816291
38.0,47.0,0.4527068676541679,-1.6265999126440625,1.0,5.0,0.0014698274923836
38.0,48.0,0.399062292600549,-1.248668383418763,1.0,5.0,0.0012956567941576
38.0,49.0,0.5949054425572708,-1.458489977435672,1.0,5.0,0.0019315111771339
38.0,50.0,0.4912492974396425,-1.8188972215270465,1.0,5.0,0.0015949652514274
39.0,1.0,0.5115836974681635,-2.3505494574517094,1.0,5.0,0.0016609860307407
39.0,2.0,0.4483541839008335,-2.162338270058833,1.0,5.0,0.0014556954022754
39.0,3.0,0.4507282347207234,-1.592006167039741,1.0000000000000002,5.0,0.0014634033594828
39.0,4.0,0.442164762184228,-2.162338270058833,1.0,5.0,0.0014355998772215
39.0,5.0,0.5704639368274652,-3.110242189511853,1.0,5.0,0.0018521556390502
39.0,6.0,0.516030222447173,-2.90769348761508,1.0,5.0,0.0016754228001531
39.0,7.0,0.6399001377779375,-2.5900299419625203,1.6425512307662222,5.0,0.0020775978499283
39.0,8.0,0.6639969660732737,-2.7226675669350606,1.6192483114676053,5.0,0.0021558343054327
39.0,9.0,0.6400187690728252,-2.5900334714013886,1.6424321443386551,5.0,0.0020779830164702
39.0,10.0,0.6553608996533713,-2.7224306650919208,1.6274077825192528,5.0,0.0021277951287447
39.0,11.0,0.7481316765244488,-2.543530480263122,1.8536001596208709,5.0,0.0024289989497547
39.0,12.0,0.5835630779272736,-2.309880818440799,1.6973608820261017,5.0,0.0018946853179456
39.0,13.0,0.5993576428070093,-2.4060591587937914,1.678934491448533,5.0,0.00194596637275
39.0,14.0,0.3499117146921657,-1.6068260828260632,1.0,5.0,0.0011360769957537
39.0,15.0,0.3774629210591053,-1.2358611334808265,1.5400574026426417,5.0,0.0012255289644776
39.0,16.0,0.3459626602301255,-1.6068260828260632,1.0000000000000002,5.0,0.0011232553903575
39.0,17.0,0.7487877249341804,-2.543494819299121,1.852834360719004,5.0,0.002431128977059
39.0,18.0,0.5841268209633638,-2.3099628182899044,1.696688475090366,5.0,0.0018965156524784
39.0,19.0,0.4886019685972638,-1.811979290309196,1.6380947583515904,5.0,0.0015863700279131
39.0,20.0,0.4315673245676383,-1.58310538828794,1.4723699666860184,5.0,0.0014011926122325
39.0,21.0,0.2802637765157659,-2.0937681611911665,1.79001052633302,5.0,0.0009099473263498
39.0,22.0,0.310506117718187,-0.9172115320874776,1.0,5.0,0.0010081367458382
39.0,23.0,0.2102684571716463,-0.4601017285335271,1.0,5.0,0.0006826897960118
39.0,24.0,0.1361051244756186,-4.989953002196983,0.9999999999999998,5.0,0.0004418997547909
39.0,25.0,0.1374606419029415,-0.3768005532952389,1.0,5.0,0.0004463007853991
39.0,26.0,0.2158733510912037,-0.19118856718602,1.0,5.0,0.0007008875035428
39.0,27.0,0.337755733691273,-0.7263115294756499,0.9999999999999998,5.0,0.0010966095249716
39.0,28.0,0.3786836019770856,-1.384995719899132,1.5418589043447049,5.0,0.0012294922142113
39.0,29.0,0.2184465576930504,-0.184125875848673,1.0,5.0,0.0007092420704319
39.0,30.0,0.2829765224941842,-0.3772109127506448,1.0,5.0,0.0009187549431629
39.0,31.0,0.2709758060197184,-1.423477678248765,1.0,5.0,0.000879791577986
39.0,32.0,0.2721837788425401,-0.5365755386211408,1.0,5.0,0.0008837135676705
39.0,33.0,0.2659649604097581,-1.423477678248765,1.0000000000000002,5.0,0.0008635225987329
39.0,34.0,0.1253452518866899,-0.0747145499992157,1.0,5.0,0.0004069651035282
39.0,35.0,0.3683519687110507,-2.1078574617802737,1.6400305627436764,5.0,0.0011959479503605
39.0,36.0,0.3011775410727659,-0.6129541407360495,1.0,5.0,0.0009778491593271
39.0,37.0,0.3197447825145481,-1.9564821806574588,1.7555002325047977,5.0,0.0010381324107615
39.0,38.0,0.2619542188313359,-0.5444569540032475,1.0,5.0,0.0008505007104913
39.0,39.0,0.0478318695832307,-0.0478318694837405,0.0,0.0,0.0001552982778676
39.0,40.0,0.2099290951222568,-1.0958354532265733,1.7478490841398973,5.0,0.0006815879711761
39.0,41.0,0.5870337209448252,-1.5783067438655716,0.9999999999999998,5.0,0.0019059536394312
39.0,42.0,0.3371379438520767,-0.5519377825806916,1.0,5.0,0.0010946037138054
39.0,43.0,0.3861426139881789,-0.7223863262263237,1.0,5.0,0.0012537097856759
39.0,44.0,0.3374437882963756,-0.5519377825806916,1.0,5.0,0.0010955967152479
39.0,45.0,0.5256597049395109,-1.7745123328552148,1.8652376751917883,5.0,0.0017066873536997
39.0,46.0,0.3893202711867618,-1.0183518845879462,1.0,5.0,0.0012640268545024
39.0,47.0,0.4841903771177441,-2.2732575701739623,2.588892663505528,5.0,0.0015720466789537
39.0,48.0,0.4275698734585533,-1.9493633926175935,1.8223410163097111,5.0,0.0013882138748654
39.0,49.0,0.4370923165552071,-2.198595589544049,1.3043869053246009,5.0,0.0014191308979065
39.0,50.0,0.4138645417785484,-2.143124396549441,1.321487954052374,5.0,0.0013437160447355
40.0,1.0,0.5188896867340617,-2.340867319292712,1.0,5.0,0.0016847067751105
40.0,2.0,0.4556601731667317,-2.147736229585366,1.0,5.0,0.0014794161466452
40.0,3.0,0.4580342239866217,-1.5881220517857093,1.0000000000000002,5.0,0.0014871241038526
40.0,4.0,0.4494707514501262,-2.147736229585366,1.0,5.0,0.0014593206215913
40.0,5.0,0.5777699260933635,-3.095342007571189,1.0,5.0,0.00187587638342
40.0,6.0,0.5233362117130712,-2.8897195518877954,1.0,5.0,0.0016991435445229
40.0,7.0,0.6472114891141441,-2.5879235680468384,1.6352969262614048,5.0,0.0021013360036173
40.0,8.0,0.671307946258344,-2.720766231889451,1.6125078816836962,5.0,0.0021795712540855
40.0,9.0,0.6473301200421979,-2.587927010095384,1.6351805133627266,5.0,0.0021017211689681
40.0,10.0,0.6626719053929081,-2.720535028255161,1.620489544307634,5.0,0.0021515321603665
40.0,11.0,0.7552039254756665,-2.547215795779441,1.8451196065371085,5.0,0.0024519607969989
40.0,12.0,0.5908380303763491,-2.308279848630512,1.6887628700192958,5.0,0.0019183052934297
40.0,13.0,0.6066343692573979,-2.405152995302503,1.6707822050131722,5.0,0.0019695921079785
40.0,14.0,0.3572177039580639,-1.5859625311262278,1.0,5.0,0.0011597977401235
40.0,15.0,0.3847691038111392,-1.2271173579411376,1.5298057205249025,5.0,0.0012492503370491
40.0,16.0,0.3532686494960238,-1.5859625311262278,1.0,5.0,0.0011469761347273
40.0,17.0,0.7558599270014604,-2.5471810795147145,1.8443690286298504,5.0,0.0024540906720826
40.0,18.0,0.591401785559867,-2.308359630501936,1.6881069342769388,5.0,0.0019201356674021
40.0,19.0,0.4959043333200342,-1.8070374092354116,1.6286522128734746,5.0,0.0016100790042858
40.0,20.0,0.4388734344680494,-1.574847637595434,1.4645083055320465,5.0,0.0014249137482728
40.0,21.0,0.2288214818518537,-3.922852160411251,1.0,5.0,0.0007429268891293
40.0,22.0,0.3178121069840851,-0.9040602046258828,1.0,5.0,0.001031857490208
40.0,23.0,0.0896550091692432,-2.1707743069511363,1.0,5.0,0.0002910876921079
40.0,24.0,0.0656955719987364,-0.2232316231748176,1.0,5.0,0.0002132973116842
40.0,25.0,0.0840120159803013,-0.5634787850010082,0.9999999999999998,5.0,0.0002727662856503
40.0,26.0,0.2231793403571018,-0.1723233660997464,1.0000000000000002,5.0,0.0007246082479126
40.0,27.0,0.3450617229571711,-0.7217737617402645,1.0000000000000002,5.0,0.0011203302693414
40.0,28.0,0.3858797234549618,-1.3745574425956193,1.531759785654001,5.0,0.0012528562449836
40.0,29.0,0.2257525469589486,-0.1644955309975985,1.0,5.0,0.0007329628148017
40.0,30.0,0.2902825117600824,-0.3709457325709268,1.0,5.0,0.0009424756875327
40.0,31.0,0.2782817952856167,-1.3836428064123605,1.0,5.0,0.0009035123223558
40.0,32.0,0.2794897681084383,-0.5227533929962408,1.0,5.0,0.0009074343120403
40.0,33.0,0.2732709496756564,-1.3836428064123605,1.0,5.0,0.0008872433431027
40.0,34.0,0.1326512411525881,0.0165410457780797,1.0,5.0,0.000430685847898
40.0,35.0,0.4538019079782143,-2.187031655703618,2.31806698962372,5.0,0.001473382818111
40.0,36.0,0.3084835303386641,-0.6037131285055148,1.0000000000000002,5.0,0.0010015699036969
40.0,37.0,0.3518080721162998,-2.1864458639052757,1.7030198415809772,5.0,0.0011422340003775
40.0,38.0,0.2692602080972341,-0.5300115548223686,1.0000000000000002,5.0,0.0008742214548611
40.0,39.0,0.0927931204204512,-0.5634787850010082,0.9999999999999998,5.0,0.0003012763650014
40.0,40.0,0.0328477859993682,-0.0328477859310449,0.0,0.0,0.0001066486558421
40.0,41.0,0.5943397102107233,-1.585147487130196,1.0,5.0,0.001929674383801
40.0,42.0,0.3444439331179749,-0.5516108956676559,1.0000000000000002,5.0,0.0011183244581752
40.0,43.0,0.3934486032540772,-0.725644355922893,0.9999999999999998,5.0,0.0012774305300457
40.0,44.0,0.3447497775622739,-0.5516108956676559,1.0,5.0,0.0011193174596177
40.0,45.0,0.5425467341524641,-1.226292709372612,1.0,5.0,0.0017615153706248
40.0,46.0,0.39662626045266,-1.015641070793864,1.0,5.0,0.0012877475988722
40.0,47.0,0.4894585979221849,-2.224104757095164,1.6812731053878498,5.0,0.0015891512919551
40.0,48.0,0.4375077064563894,-1.929595933554232,1.779300841030984,5.0,0.0014204795664168
40.0,49.0,0.5845897734892818,-1.92595473536255,1.8646491168371468,5.0,0.001898018745095
40.0,50.0,0.4503035502420904,-2.2772552178149987,1.295447974709896,5.0,0.001462024513773
41.0,1.0,0.5842915487616704,-2.300119787664017,1.5180781792582692,5.0,0.0018970504829924
41.0,2.0,0.7335175893990893,-2.527168220138911,1.0000000000000004,5.0,0.0023815506149321
41.0,3.0,0.5199680114785258,-1.9690503343186383,1.582812367305217,5.0,0.0016882078294757
41.0,4.0,0.7273281676824838,-2.527168220138911,1.0000000000000004,5.0,0.0023614550898781
41.0,5.0,0.6499729160259845,-2.9362516803611194,1.4653197076607685,5.0,0.002110301675409
41.0,6.0,0.8011936279454289,-3.0935887097786776,1.0000000000000002,5.0,0.0026012780128098
41.0,7.0,0.4930494527695555,-2.2494738984663227,1.0,5.0,0.0016008099115894
41.0,8.0,0.5171266300636047,-2.3928066897237468,1.0,5.0,0.0016789825651415
41.0,9.0,0.493168055578941,-2.2494738984663227,1.0,5.0,0.0016011949856459
41.0,10.0,0.5084925680058447,-2.3928066897237468,1.0,5.0,0.0016509498961228
41.0,11.0,0.4736452273717661,-1.4065652990085675,1.0,5.0,0.0015378091797784
41.0,12.0,0.4414541721805377,-1.830793657936318,1.0,5.0,0.0014332927668199
41.0,13.0,0.4573382975396358,-1.9304842933177664,1.0,5.0,0.0014848646024014
41.0,14.0,0.6350751201904216,-2.0264926495093247,1.0000000000000002,5.0,0.0020619322084104
41.0,15.0,0.4499801873051464,-1.2333013017466554,1.0,5.0,0.0014609746341076
41.0,16.0,0.6311260657283814,-2.0264926495093247,1.0000000000000002,5.0,0.0020491106030142
41.0,17.0,0.4742989598805546,-1.4065652990085675,1.0,5.0,0.0015399316879238
41.0,18.0,0.442019036456733,-1.830793657936318,1.0,5.0,0.0014351267417426
41.0,19.0,0.3441370968390023,-1.3208669329610545,1.0,5.0,0.0011173282364902
41.0,20.0,0.504083807979189,-1.578120655461498,1.0000000000000002,5.0,0.0016366357401921
41.0,21.0,0.4275381623958048,-2.5904861899020983,1.4809693482748207,5.0,0.0013881109168694
41.0,22.0,0.3945734615046858,-0.8958358413451343,1.0,5.0,0.001281082667223
41.0,23.0,0.4954318626699023,-1.180955573453213,1.0000000000000002,5.0,0.0016085450086685
41.0,24.0,0.5297220253809822,-1.392768296625334,1.1071251651626124,5.0,0.0017198767057824
41.0,25.0,0.4475543750791093,-1.1075547173167213,1.217713414363969,5.0,0.0014530986203867
41.0,26.0,0.5010367565894596,-1.0652465079390838,1.0,5.0,0.0016267427161995
41.0,27.0,0.4103201303045214,-0.9995575815515646,1.0,5.0,0.0013322082152744
41.0,28.0,0.4613495519893011,-1.4072906087641135,1.0,5.0,0.0014978881558094
41.0,29.0,0.5036099631913062,-1.056440953841034,1.0,5.0,0.0016350972830886
41.0,30.0,0.3555409191074327,-0.6908702103547971,1.0,5.0,0.0011543536334656
41.0,31.0,0.5561392115179743,-1.7286413837652097,1.0000000000000002,5.0,0.0018056467906427
41.0,32.0,0.3562511226290391,-0.5304010813080607,1.0,5.0,0.0011566594890553
41.0,33.0,0.551128365908014,-1.7286413837652097,1.0000000000000004,5.0,0.0017893778113896
41.0,34.0,0.4105086573849457,-0.7211445563578309,1.0000000000000002,5.0,0.0013328203161848
41.0,35.0,0.3683399165009897,-1.428413913475173,1.415949484320073,5.0,0.0011959088198084
41.0,36.0,0.5863409465710216,-1.4096058437862138,1.0000000000000002,5.0,0.0019037043719838
41.0,37.0,0.4093573891813385,-1.1748384887017052,1.0,5.0,0.0013290824324069
41.0,38.0,0.5471176243295919,-1.322591851522557,1.0,5.0,0.001776355923148
41.0,39.0,0.4563499488752985,-1.1074496786131878,1.213465907876658,5.0,0.0014816556781665
41.0,40.0,0.4961674499770713,-1.1889538029255466,1.0000000000000002,5.0,0.0016109332791463
41.0,41.0,0.0748750587789207,-0.0748750586231808,0.0,0.0,0.0002431008401913
41.0,42.0,0.4097023404653253,-0.8591545341369262,1.0,5.0,0.0013302024041081
41.0,43.0,0.2406778009190736,-0.3342301932605929,1.0,5.0,0.0007814214315554
41.0,44.0,0.4100081849096242,-0.8591545341369262,1.0,5.0,0.0013311954055507
41.0,45.0,0.1949358065104674,0.0511481215653931,1.0,5.0,0.0006329084626963
41.0,46.0,0.2553591772612221,-0.1509575494956353,1.0000000000000002,5.0,0.0008290882378611
41.0,47.0,0.2491916612491852,-0.6418133303563032,1.0,5.0,0.0008090638352246
41.0,48.0,0.3037830984489763,-0.8824063357346194,1.5037930265613828,5.0,0.0009863087611979
41.0,49.0,0.2944761470261521,-0.5282077559322522,1.0,5.0,0.0009560913864485
41.0,50.0,0.3283882604330884,-0.641687303334564,1.0,5.0,0.0010661956507567
42.0,1.0,0.4501719839638285,-2.293439159598856,1.671196677083707,5.0,0.0014615973505319
42.0,2.0,0.5958791353659243,-2.464726101769781,1.0000000000000002,5.0,0.0019346725174218
42.0,3.0,0.3858851702306115,-1.969776860528624,1.782957913368283,5.0,0.0012528739293201
42.0,4.0,0.5896897136493188,-2.464726101769781,1.0000000000000002,5.0,0.0019145769923679
42.0,5.0,0.5157966266090744,-3.014529020914303,1.5858338904477445,5.0,0.0016746643721073
42.0,6.0,0.6635551739122638,-3.0905914622666044,1.0,5.0,0.0021543999152995
42.0,7.0,0.3669147178799561,-2.13776283198406,1.0,5.0,0.0011912815515582
42.0,8.0,0.3909918951740053,-2.2780765295171843,1.0,5.0,0.0012694542051104
42.0,9.0,0.3670333206893416,-2.13776283198406,1.0,5.0,0.0011916666256147
42.0,10.0,0.3823578331162452,-2.2780765295171843,1.0,5.0,0.0012414215360917
42.0,11.0,0.4934935460813207,-1.7832373627857776,1.632145210065632,5.0,0.0016022517729913
42.0,12.0,0.3153194372909382,-1.664848502053454,0.9999999999999998,5.0,0.0010237644067887
42.0,13.0,0.3312035626500363,-1.7441877998831723,1.0,5.0,0.0010753362423702
42.0,14.0,0.4974366661572567,-1.9583211328858343,0.9999999999999998,5.0,0.0016150541109001
42.0,15.0,0.3123417332719812,-1.294109265770268,1.0000000000000002,5.0,0.0010140965365973
42.0,16.0,0.4934876116952165,-1.9583211328858343,0.9999999999999998,5.0,0.0016022325055039
42.0,17.0,0.4941422012361916,-1.7832558108342147,1.6313044240160308,5.0,0.0016043577962214
42.0,18.0,0.3158843015671334,-1.664848502053454,1.0,5.0,0.0010255983817114
42.0,19.0,0.2180023619494029,-1.1895240412795527,1.0,5.0,0.0007077998764591
42.0,20.0,0.3664453539460238,-1.641430489242402,1.0000000000000002,5.0,0.0011897576426818
42.0,21.0,0.2924799843472032,-3.6710496104419112,1.0,5.0,0.0009496103387896
42.0,22.0,0.2569350074715208,-0.9843303658814878,1.0,5.0,0.0008342045697127
42.0,23.0,0.3577934086367372,-1.0561486695345552,1.0,5.0,0.0011616669111582
42.0,24.0,0.3920835715260845,-1.291732935099798,1.1447307873739412,5.0,0.0012729986088509
42.0,25.0,0.311290381896436,-1.0838925250547782,1.3164876335108855,5.0,0.0010106830581053
42.0,26.0,0.3633983025562946,-0.9001325195472104,1.0,5.0,0.0011798646186892
42.0,27.0,0.2726723545913776,-1.3002865946728384,1.7548493990801934,5.0,0.0008852998525694
42.0,28.0,0.3237018695727728,-1.6697153435762575,1.63584792538632,5.0,0.0010509800960154
42.0,29.0,0.3659715091581412,-0.8931985943288635,1.0,5.0,0.0011882191855783
42.0,30.0,0.2179024650742676,-0.8854745777072142,1.0,5.0,0.0007074755359554
42.0,31.0,0.4185007574848094,-1.7097667819036164,0.9999999999999998,5.0,0.0013587686931324
42.0,32.0,0.2186126685958739,-0.6066787343967867,1.0,5.0,0.000709781391545
42.0,33.0,0.413489911874849,-1.7097667819036164,1.0,5.0,0.0013424997138793
42.0,34.0,0.2728702033517808,-0.6697503512935686,1.0,5.0,0.0008859422186746
42.0,35.0,0.2321749054640673,-1.7594129519820607,1.0,5.0,0.00075381462813
42.0,36.0,0.4487024925378567,-1.2341131252295894,1.0,5.0,0.0014568262744735
42.0,37.0,0.2755937025126784,-1.807778648621136,1.0,5.0,0.0008947847484177
42.0,38.0,0.4094791702964268,-1.162919931288255,1.0,5.0,0.0013294778256377
42.0,39.0,0.3200992121900434,-1.083486917655292,1.3075773898831409,5.0,0.0010392831564611
42.0,40.0,0.3585289959439063,-1.064082971703905,1.0000000000000002,5.0,0.001164055181636
42.0,41.0,0.3154341729861204,-0.7702260909126447,1.0,5.0,0.0010241369252796
42.0,42.0,0.057271533014737,-0.0572715328956124,0.0,0.0,0.0001859465357621
42.0,43.0,0.1145430660294741,0.2071453318760077,1.0,5.0,0.0003718930715242
42.0,44.0,0.2707267093715519,-1.1380899775123388,1.754322570443713,5.0,0.0008789828226349
42.0,45.0,0.2636411969278613,-0.2057421481636986,1.0,5.0,0.0008559779121034
42.0,46.0,0.1177207232280571,-1.0541490156511566,1.0,5.0,0.0003822101403508
42.0,47.0,0.2209829625404431,-1.7668991475309437,1.0,5.0,0.0007174771511053
42.0,48.0,0.1673383874868242,-1.458390286247334,1.0,5.0,0.0005433064528792
42.0,49.0,0.363181537443546,-0.7479036737328447,1.0,5.0,0.0011791608358556
42.0,50.0,0.2595253923259176,-1.7941313400594985,1.0,5.0,0.000842614910149
43.0,1.0,0.3983579216710788,-2.4768660729284577,1.500824315246173,5.0,0.0012933698755554
43.0,2.0,0.5544843958636069,-3.263090129434324,1.5564946240518878,5.0,0.0018002740125441
43.0,3.0,0.334049879999379,-2.1945394243515284,1.5972845616711522,5.0,0.0010845775324655
43.0,4.0,0.548296844501443,-3.2631107399021646,1.5627708432157243,5.0,0.0017801845600696
43.0,5.0,0.4640009859819365,-3.218414373224192,1.4299447535135053,5.0,0.0015064967077335
43.0,6.0,0.6221467053937981,-3.821284843668913,1.4960104630531066,5.0,0.0020199568356941
43.0,7.0,0.3149797186650885,-2.2311651287181435,1.0,5.0,0.0010226614242373
43.0,8.0,0.3390568959591377,-2.3541260210667145,1.0000000000000002,5.0,0.0011008340777894
43.0,9.0,0.315098321474474,-2.2311651287181435,1.0,5.0,0.0010230464982937
43.0,10.0,0.3304228339013777,-2.3541260210667145,1.0,5.0,0.0010728014087707
43.0,11.0,0.4456926973366991,-1.695890565717541,1.7071026131695315,5.0,0.0014470542121321
43.0,12.0,0.2633844380760707,-1.7579320960723364,1.0,5.0,0.0008551442794677
43.0,13.0,0.2792685634351687,-1.8018597924878736,1.0,5.0,0.0009067161150492
43.0,14.0,0.4531220085446836,-2.788985496860572,1.684713447901674,5.0,0.0014711753524178
43.0,15.0,0.2603797450284314,-1.7904421156076378,1.0,5.0,0.0008453887825598
43.0,16.0,0.4491738248076836,-2.7890869936498865,1.690728259104795,5.0,0.0014583565740509
43.0,17.0,0.4463418291878652,-1.6959128410635835,1.7060465819916208,5.0,0.0014491617830774
43.0,18.0,0.2639493023522659,-1.7579320960723364,1.0,5.0,0.0008569782543904
43.0,19.0,0.1660673627345353,-1.46036020557734,1.0,5.0,0.0005391797491381
43.0,20.0,0.3149730466458589,-2.268935125027996,1.6233231912889536,5.0,0.0010226397618372
43.0,21.0,0.4442987161436232,-2.5806366241056917,1.4628886919871704,5.0,0.0014425282991676
43.0,22.0,0.4113438527072122,-0.9507197443902418,1.0,5.0,0.0013355319893091
43.0,23.0,0.5122022538724286,-1.2371352833203109,1.0000000000000002,5.0,0.0016629943307546
43.0,24.0,0.5464924165894928,-1.4442521653594915,1.1038377795198728,5.0,0.0017743260278879
43.0,25.0,0.4642507133191427,-1.1612212550220344,1.2097430776739917,5.0,0.0015073075107764
43.0,26.0,0.517807147791986,-1.125102507064682,1.0,5.0,0.0016811920382856
43.0,27.0,0.2207196880278066,-1.7671988481952854,1.0,5.0,0.0007166223637266
43.0,28.0,0.2717491097125861,-2.033177590135618,1.0,5.0,0.0008823023042616
43.0,29.0,0.4709945063576362,-1.552734284675566,1.8663086173217212,5.0,0.0015292029427195
43.0,30.0,0.372311310309959,-0.7484342365986186,1.0,5.0,0.0012088029555518
43.0,31.0,0.5219106876894942,-2.2230015822267206,1.7790832385727875,5.0,0.001694515219771
43.0,32.0,0.3730215138315654,-0.5958565064402768,1.0,5.0,0.0012111088111414
43.0,33.0,0.5170774356139386,-2.2217352889968534,1.7866113551967877,5.0,0.0016788228429023
43.0,34.0,0.4272790485874722,-0.7846949233571576,1.0000000000000002,5.0,0.001387269638271
43.0,35.0,0.3851026911500601,-1.4549435759010612,1.3977962403304964,5.0,0.0012503334128248
43.0,36.0,0.5698249520319395,-1.9540605068725136,1.872253124664614,5.0,0.0018500810130907
43.0,37.0,0.426127780383865,-1.2194744861483937,1.0,5.0,0.001383531754493
43.0,38.0,0.5638880155321182,-1.3777464154825456,1.0000000000000002,5.0,0.0018308052452341
43.0,39.0,0.4730453304776303,-1.1611286879536609,1.2057984412086242,5.0,0.0015358614625897
43.0,40.0,0.5129378411795977,-1.2449912680920614,1.0,5.0,0.0016653826012324
43.0,41.0,0.2634991737712528,-0.6571703187158412,1.0,5.0,0.0008555167979586
43.0,42.0,0.2147021176886315,-1.7418623043211725,1.0,5.0,0.0006970847976903
43.0,43.0,0.0830336813672676,-0.0830336811945577,0.0,0.0,0.000269589874569
43.0,44.0,0.2150079621329304,-1.7418623043211725,1.0,5.0,0.0006980777991328
43.0,45.0,0.2117061977129937,-0.0144422027844172,1.0000000000000002,5.0,0.0006873577847824
43.0,46.0,0.2721295684637485,-0.2186987303456123,1.0000000000000002,5.0,0.0008835375599472
43.0,47.0,0.2659620524517117,-0.6730322857188082,1.0,5.0,0.0008635131573107
43.0,48.0,0.3205577582366158,-0.9161430448052436,1.477278523276261,5.0,0.0010407719423266
43.0,49.0,0.3112465382286784,-0.5834166970927362,1.0,5.0,0.0010105407085346
43.0,50.0,0.3451586516356147,-0.6982946910127907,1.0,5.0,0.0011206449728429
44.0,1.0,0.4504777981084817,-2.2942177076847194,1.6707412286237586,5.0,0.0014625902535989
44.0,2.0,0.5961849798102231,-2.4656813554974084,1.0000000000000002,5.0,0.0019356655188643
44.0,3.0,0.3861909826101641,-1.970629619430541,1.7823382334051483,5.0,0.0012538668266563
44.0,4.0,0.5899955580936177,-2.4656813554974084,1.0000000000000002,5.0,0.0019155699938104
44.0,5.0,0.5161024432440627,-3.0149854490936576,1.5854868931608612,5.0,0.0016756572832599
44.0,6.0,0.6638610183565627,-3.0913119842644656,1.0,5.0,0.002155392916742
44.0,7.0,0.3672205623242551,-2.1383806150646176,1.0,5.0,0.0011922745530008
44.0,8.0,0.3912977396183043,-2.2786872287490567,1.0,5.0,0.0012704472065529
44.0,9.0,0.3673391651336405,-2.1383806150646176,1.0,5.0,0.0011926596270572
44.0,10.0,0.3826636775605441,-2.2786872287490567,1.0,5.0,0.0012424145375342
44.0,11.0,0.4937833386921487,-1.7844576031004626,1.6317515708557442,5.0,0.0016031926580913
44.0,12.0,0.3156252817352371,-1.6656951142759626,1.0,5.0,0.0010247574082312
44.0,13.0,0.3315094070943352,-1.7450764129353875,1.0,5.0,0.0010763292438127
44.0,14.0,0.4977425106015556,-1.959441510667899,0.9999999999999998,5.0,0.0016160471123427
44.0,15.0,0.3126475777162801,-1.295359112810096,1.0,5.0,0.0010150895380398
44.0,16.0,0.4937934561395153,-1.959441510667899,0.9999999999999998,5.0,0.0016032255069464
44.0,17.0,0.4944319925007617,-1.784476034598164,1.6309118473310054,5.0,0.0016052986769505
44.0,18.0,0.3161901460114323,-1.6656951142759628,1.0000000000000002,5.0,0.001026591383154
44.0,19.0,0.2183082063937018,-1.1903774347613931,1.0,5.0,0.0007087928779016
44.0,20.0,0.3667511983903229,-1.6424920176933833,1.0,5.0,0.0011907506441244
44.0,21.0,0.2927858287915021,-3.669508305448595,1.0,5.0,0.0009506033402321
44.0,22.0,0.2572408519158197,-0.985757720669576,1.0,5.0,0.0008351975711552
44.0,23.0,0.3580992530810361,-1.05776508758185,1.0,5.0,0.0011626599126007
44.0,24.0,0.3923894159692068,-1.2931810650862896,1.144617978212761,5.0,0.0012739916102896
44.0,25.0,0.3115928993337845,-1.0853881493067972,1.3161685970350618,5.0,0.0010116652575772
44.0,26.0,0.3637041470005934,-0.9018857990891892,1.0,5.0,0.0011808576201317
44.0,27.0,0.2729781994055661,-1.3012993884910338,1.754003628710009,5.0,0.0008862928552128
44.0,28.0,0.3240077148885765,-1.670568485665331,1.6352476990102816,5.0,0.0010519731002875
44.0,29.0,0.3662773536024402,-0.8949556146521913,1.0,5.0,0.0011892121870209
44.0,30.0,0.2182083095185666,-0.8868318255504211,1.0,5.0,0.0007084685373979
44.0,31.0,0.4188066019291083,-1.710918344531409,0.9999999999999998,5.0,0.001359761694575
44.0,32.0,0.2189185130401728,-0.6084923425058771,1.0,5.0,0.0007107743929875
44.0,33.0,0.4137957563191479,-1.710918344531409,1.0,5.0,0.0013434927153219
44.0,34.0,0.2731760477960797,-0.6716130200999333,1.0,5.0,0.0008869352201171
44.0,35.0,0.2324807499083662,-1.7596068080897966,1.0,5.0,0.0007548076295726
44.0,36.0,0.4490083369821555,-1.2356660893175344,1.0,5.0,0.001457819275916
44.0,37.0,0.2758995469569774,-1.8082382831887456,0.9999999999999998,5.0,0.0008957777498603
44.0,38.0,0.4097850147407257,-1.1645002276055638,1.0,5.0,0.0013304708270802
44.0,39.0,0.3204016816265803,-1.0849838032428205,1.3072761055059854,5.0,0.0010402652000862
44.0,40.0,0.3588348403882052,-1.0656943273884731,1.0000000000000002,5.0,0.0011650481830785
44.0,41.0,0.3157400174304193,-0.7720466856755458,1.0,5.0,0.0010251299267221
44.0,42.0,0.2707256959407744,-1.13940738909731,1.7543225704437142,5.0,0.0008789795322752
44.0,43.0,0.1148489104737731,0.2033854664658985,1.0,5.0,0.0003728860729667
44.0,44.0,0.0574244552368865,-0.0574244551174438,0.0,0.0,0.0001864430364833
44.0,45.0,0.2639470413721602,-0.2082006856300187,1.0,5.0,0.0008569709135459
44.0,46.0,0.118026567672356,-1.0532921167726317,1.0,5.0,0.0003832031417933
44.0,47.0,0.221288806984742,-1.7668352838179937,1.0000000000000002,5.0,0.0007184701525478
44.0,48.0,0.1676442319311232,-1.4580020914364606,1.0,5.0,0.0005442994543218
44.0,49.0,0.3634873818878448,-0.7497941959082004,1.0,5.0,0.0011801538372981
44.0,50.0,0.2598312367702166,-1.7945320720137847,1.0,5.0,0.0008436079115916
45.0,1.0,0.4520110922199146,-2.16827354995942,1.6715694995953063,5.0,0.0014675684812334
45.0,2.0,0.6012197142059561,-2.2860416065123568,1.0,5.0,0.0019520120591102
45.0,3.0,0.3877357222843475,-1.8269496239960683,1.7845311690120482,5.0,0.0012588822152089
45.0,4.0,0.5950302924893506,-2.2860416065123568,1.0,5.0,0.0019319165340563
45.0,5.0,0.5176739700297922,-2.9009242572348315,1.5855124672887482,5.0,0.0016807596429538
45.0,6.0,0.6688957527522957,-2.927563434543868,1.0,5.0,0.0021717394569879
45.0,7.0,0.3607515775764223,-2.283979169979533,1.0,5.0,0.0011712713557676
45.0,8.0,0.3848287548704714,-2.411977152568123,1.0000000000000002,5.0,0.0012494440093197
45.0,9.0,0.3608701803858077,-2.283979169979533,1.0,5.0,0.001171656429824
45.0,10.0,0.3761946928127114,-2.411977152568123,1.0,5.0,0.001221411340301
45.0,11.0,0.4885755226232848,-1.872684960041192,1.6401851062879795,5.0,0.0015862841643613
45.0,12.0,0.3091562969874044,-1.836341744182968,0.9999999999999998,5.0,0.001003754210998
45.0,13.0,0.3250404223465025,-1.89746991690597,1.0,5.0,0.0010553260465795
45.0,14.0,0.5027772449972885,-1.7422646105278226,0.9999999999999998,5.0,0.0016323936525885
45.0,15.0,0.3176823121120131,-0.9268145209337538,1.0,5.0,0.0010314360782857
45.0,16.0,0.4988281905352482,-1.7422646105278226,1.0,5.0,0.0016195720471923
45.0,17.0,0.4892242404456687,-1.8727050479509508,1.6393224646672742,5.0,0.0015883903910573
45.0,18.0,0.3097211612635996,-1.836341744182968,1.0,5.0,0.0010055881859207
45.0,19.0,0.211839221645869,-1.4619686973468795,1.0,5.0,0.0006877896806684
45.0,20.0,0.3717859327860557,-1.326842052423154,1.0,5.0,0.0012070971843703
45.0,21.0,0.297820563187235,-3.2322156456708,1.0,5.0,0.000966949880478
45.0,22.0,0.2622755863115525,-0.5340906297825999,0.9999999999999998,5.0,0.0008515441114011
45.0,23.0,0.3631339874767689,-0.7607997422141111,1.0,5.0,0.0011790064528466
45.0,24.0,0.397424150346343,-1.0185810708122072,1.1427858969718367,5.0,0.0012903381504751
45.0,25.0,0.3162427028338923,-0.7316748670031079,1.3110078961086826,5.0,0.0010267620221879
45.0,26.0,0.3687388813963264,-0.6042348884435962,1.0,5.0,0.0011972041603776
45.0,27.0,0.2780222551113882,-0.6748106422427297,1.0000000000000002,5.0,0.0009026696594525
45.0,28.0,0.3290516767961678,-1.1611338358564594,1.0,5.0,0.0010683495999875
45.0,29.0,0.371312087998173,-0.5948865672899714,1.0,5.0,0.0012055587272667
45.0,30.0,0.2232430439142994,-0.3253411499863782,1.0,5.0,0.0007248150776438
45.0,31.0,0.4238413363248411,-1.4451421847782528,1.0,5.0,0.0013761082348209
45.0,32.0,0.2239532474359057,-0.0542584946863937,1.0000000000000002,5.0,0.0007271209332334
45.0,33.0,0.4188304907148807,-1.4451421847782528,1.0,5.0,0.0013598392555677
45.0,34.0,0.2782107821918125,-0.244162471565396,1.0,5.0,0.000903281760363
45.0,35.0,0.2375154843040992,-1.239921726116546,1.0,5.0,0.0007711541698185
45.0,36.0,0.4540430713778885,-0.99410496290484,1.0,5.0,0.0014741658161619
45.0,37.0,0.2809342813527102,-1.3698757185809889,1.0,5.0,0.0009121242901062
45.0,38.0,0.4148197491364586,-0.9043377894238516,1.0,5.0,0.0013468173673261
45.0,39.0,0.3250511147017823,-0.7313264455864735,1.3024001504967186,5.0,0.0010553607620187
45.0,40.0,0.3638695747839381,-0.7700449503992145,1.0000000000000002,5.0,0.0011813947233244
45.0,41.0,0.3092710326825865,-0.9192406170946844,1.0000000000000002,5.0,0.0010041267294889
45.0,42.0,0.277404465272192,-0.456777674815967,1.0,5.0,0.0009006638482863
45.0,43.0,0.1083799257259403,-0.3875842801465011,1.0,5.0,0.0003518828757335
45.0,44.0,0.2777103097164909,-0.456777674815967,1.0,5.0,0.0009016568497288
45.0,45.0,0.0541899628629701,-0.0541899627502551,0.0,0.0,0.0001759414378667
45.0,46.0,0.1230613020680888,0.2227736666745062,1.0000000000000002,5.0,0.0003995496820392
45.0,47.0,0.2263235413804749,-1.1874469860987262,1.0,5.0,0.0007348166927937
45.0,48.0,0.1726789663268561,-0.6565687421608707,1.0,5.0,0.0005606459945677
45.0,49.0,0.3326162400651111,-1.0927678873817424,1.816234814264882,5.0,0.0010799228573542
45.0,50.0,0.2648659711659493,-1.3372863434451083,1.0,5.0,0.0008599544518374
46.0,1.0,0.4011619917161545,-1.912726740118919,1.0,5.0,0.0013024739990784
46.0,2.0,0.5470931461367686,-2.208610940783557,1.0,5.0,0.001776276448496
46.0,3.0,0.3368681880716513,-1.522156812204985,1.0,5.0,0.0010937278833495
46.0,4.0,0.5409037244201632,-2.208610940783557,1.0,5.0,0.001756180923442
46.0,5.0,0.4667932101769104,-2.729371907328668,1.0000000000000002,5.0,0.0015155623707042
46.0,6.0,0.6147691846831084,-2.8858937879113693,1.0,5.0,0.0019960038463737
46.0,7.0,0.5248245419311072,-2.4855928255228323,2.1748181460826146,5.0,0.0017039757854906
46.0,8.0,0.5488684442796666,-2.617669035423536,2.1232428932170757,5.0,0.0017820404035054
46.0,9.0,0.5249431187764827,-2.48558906634823,2.17455248291082,5.0,0.0017043607752483
46.0,10.0,0.540236184166886,-2.617918800246556,2.141208595579079,5.0,0.0017540135849574
46.0,11.0,0.6350129071784815,-2.252095300688396,1.827895353285612,5.0,0.0020617302181119
46.0,12.0,0.4711496393709274,-2.031863349262967,1.6362924574608724,5.0,0.0015297066213341
46.0,13.0,0.4863445551009882,-2.2248944746758093,2.0322755776934915,5.0,0.0015790407633148
46.0,14.0,0.448650676928101,-1.6501870777142422,0.9999999999999998,5.0,0.0014566580419743
46.0,15.0,0.2635557440428256,-0.863886948380955,1.0,5.0,0.0008557004676715
46.0,16.0,0.4447016224660608,-1.6501870777142422,1.0,5.0,0.0014438364365781
46.0,17.0,0.6356693329769814,-2.252080075360892,1.8270223737472784,5.0,0.0020638614707044
46.0,18.0,0.4717147697714609,-2.0318450813826496,1.635528943773933,5.0,0.0015315414602969
46.0,19.0,0.3734398275832623,-1.6739504682520705,2.08841708006502,5.0,0.0012124669726729
46.0,20.0,0.3176593647168684,-1.2844034652510328,1.0,5.0,0.001031361573756
46.0,21.0,0.2436939951180477,-3.769883729689841,1.0,5.0,0.0007912142698637
46.0,22.0,0.2081490182423652,-0.4549598064167162,1.0,5.0,0.0006758085007869
46.0,23.0,0.3090074194075816,-0.6019000897481535,1.0,5.0,0.0010032708422324
46.0,24.0,0.343297582571012,-0.8855421588791892,1.1652984740804389,5.0,0.0011146025408149
46.0,25.0,0.2629116662664112,-0.6143861938209267,1.3772430947777543,5.0,0.0008536093060597
46.0,26.0,0.3146123133271389,-0.4183481126859225,1.0,5.0,0.0010214685497634
46.0,27.0,0.2238956870422008,-0.6208736406808809,1.0000000000000004,5.0,0.0007269340488383
46.0,28.0,0.2749251087269804,-1.1381752696272909,1.0,5.0,0.0008926139893733
46.0,29.0,0.3171855199289857,-0.408971878774681,1.0,5.0,0.0010298231166525
46.0,30.0,0.169116475845112,-0.2788642914394855,1.0000000000000002,5.0,0.0005490794670295
46.0,31.0,0.3697147682556537,-1.366483711086211,1.0,5.0,0.0012003726242066
46.0,32.0,0.1698266793667184,0.0987182943675242,1.0,5.0,0.0005513853226192
46.0,33.0,0.3647039226456934,-1.366483711086211,1.0,5.0,0.0011841036449535
46.0,34.0,0.2240842141226252,-0.0665624150744005,1.0,5.0,0.0007275461497487
46.0,35.0,0.1833889162349118,-1.4477795588491793,1.0000000000000002,5.0,0.0005954185592042
46.0,36.0,0.3999165033087011,-0.8290181027728575,1.0,5.0,0.0012984302055477
46.0,37.0,0.2268077132835229,-1.4937968602080247,1.0,5.0,0.0007363886794919
46.0,38.0,0.3606931810672712,-0.7404668589564932,1.0,5.0,0.0011710817567119
46.0,39.0,0.2717304879132606,-0.6137273864867868,1.3646371328360032,5.0,0.0008822418438742
46.0,40.0,0.3097430067147507,-0.6117364959681854,1.0000000000000002,5.0,0.0010056591127102
46.0,41.0,0.4731736742957529,-1.3216603197280752,1.0,5.0,0.0015362781632978
46.0,42.0,0.2232778972030046,-0.339564108967807,1.0,5.0,0.000724928237672
46.0,43.0,0.2711093015651483,-0.8268509937589091,1.7545343204478758,5.0,0.0008802250050816
46.0,44.0,0.2235837416473035,-0.3395641089678075,1.0000000000000002,5.0,0.0007259212391146
46.0,45.0,0.2211406212227202,-1.48734398273245,1.0000000000000002,5.0,0.0007179890299438
46.0,46.0,0.0592761991288343,-0.05927619900554,0.0,0.0,0.0001924551919767
46.0,47.0,0.1721969733112875,-1.471198882169148,1.0,5.0,0.0005590810821795
46.0,48.0,0.1185523982576687,-1.065242714515792,1.0,5.0,0.0003849103839534
46.0,49.0,0.2339618088142819,-1.5121707293154556,1.0000000000000002,5.0,0.000759616262384
46.0,50.0,0.210739403096762,-1.4800972405274069,1.0000000000000002,5.0,0.0006842188412232
47.0,1.0,0.5040221477892486,-2.316425045905032,1.6014918706277386,5.0,0.0016364355447702
47.0,2.0,0.6532443341694611,-2.4624846781369456,1.0000000000000002,5.0,0.0021209231628878
47.0,3.0,0.4397214880564329,-1.9919654963679456,1.6905432267152751,5.0,0.0014276671690143
47.0,4.0,0.6470549124528556,-2.4624846781369456,1.0000000000000002,5.0,0.0021008276378339
47.0,5.0,0.5696949656652824,-2.9960079668334414,1.5315230620266889,5.0,0.0018496589794327
47.0,6.0,0.7209203727158008,-3.0642228849812003,1.0,5.0,0.0023406505607655
47.0,7.0,0.4127761975399274,-2.374603967127987,1.0,5.0,0.0013401824595452
47.0,8.0,0.4368533748339766,-2.5036063857650253,1.0,5.0,0.0014183551130973
47.0,9.0,0.4128948003493129,-2.374603967127987,1.0,5.0,0.0013405675336016
47.0,10.0,0.4282193127762165,-2.5036063857650253,1.0,5.0,0.0013903224440786
47.0,11.0,0.5378848600736441,-2.0646636070003903,1.5781946569435128,5.0,0.0017463794158235
47.0,12.0,0.3611809169509095,-1.9553935940461376,1.0,5.0,0.0011726653147756
47.0,13.0,0.3770650423100076,-2.02675658798921,1.0,5.0,0.0012242371503571
47.0,14.0,0.5548018649607935,-1.951565281279214,1.0,5.0,0.0018013047563662
47.0,15.0,0.3697069320755181,-1.1938062668434553,1.0,5.0,0.0012003471820633
47.0,16.0,0.5508528104987533,-1.951565281279214,1.0,5.0,0.0017884831509699
47.0,17.0,0.5385334415386516,-2.0646805704551867,1.5774929734650611,5.0,0.0017484851998008
47.0,18.0,0.3617457812271047,-1.9553935940461376,1.0000000000000002,5.0,0.0011744992896983
47.0,19.0,0.2638638416093741,-1.55262108368662,1.0,5.0,0.000856700784446
47.0,20.0,0.4238105527495608,-1.5511651009781715,1.0,5.0,0.0013760082881479
47.0,21.0,0.2427719416632547,-3.780955202399575,0.9999999999999998,5.0,0.0007882205898157
47.0,22.0,0.3143002062750577,-0.8525557716896427,1.0,5.0,0.0010204552151787
47.0,23.0,0.4151586074402741,-1.0620804693195267,1.0,5.0,0.0013479175566242
47.0,24.0,0.4494487701870787,-1.2899025537236544,1.1262581311527853,5.0,0.0014592492538541
47.0,25.0,0.3678915167022679,-1.029392147200312,1.266140337579038,5.0,0.001194452976306
47.0,26.0,0.4207635013598316,-0.9258009466992424,1.0,5.0,0.0013661152641552
47.0,27.0,0.3300468750748934,-0.9703573062150738,1.0,5.0,0.0010715807632301
47.0,28.0,0.3810762967596729,-1.3955942788472653,1.0,5.0,0.0012372607037651
47.0,29.0,0.4233367079616781,-0.9175452329631916,1.0000000000000002,5.0,0.0013744698310444
47.0,30.0,0.2752676638778046,-0.6743978440843768,1.0,5.0,0.0008937261814214
47.0,31.0,0.4758659562883462,-1.6699613578760215,1.0,5.0,0.0015450193385985
47.0,32.0,0.2759778673994109,-0.4611424961567261,1.0,5.0,0.000896032037011
47.0,33.0,0.4708551106783859,-1.6699613578760215,1.0,5.0,0.0015287503593454
47.0,34.0,0.3302354021553176,-0.6154309047822368,1.0,5.0,0.0010721928641406
47.0,35.0,0.1824668627801188,-1.4520638193775115,1.0,5.0,0.0005924248791562
47.0,36.0,0.5060676913413936,-1.2740647336424216,1.0000000000000002,5.0,0.0016430769199395
47.0,37.0,0.2258856598287298,-1.496062535624871,1.0,5.0,0.0007333949994439
47.0,38.0,0.4668443690999636,-1.192159786792236,1.0,5.0,0.0015157284711037
47.0,39.0,0.3766933134322806,-1.02917528604152,1.259816339906464,5.0,0.0012230302384164
47.0,40.0,0.4158941947474433,-1.070275426985545,1.0,5.0,0.001350305827102
47.0,41.0,0.3612956526460916,-1.184907094131374,1.0000000000000002,5.0,0.0011730378332665
47.0,42.0,0.3259208550660332,-1.121623948354206,1.63225659850034,5.0,0.0010581845943702
47.0,43.0,0.1604045456894455,-0.6338192325239073,1.0,5.0,0.0005207939795111
47.0,44.0,0.3262282859320582,-1.1214965570681774,1.631644911470076,5.0,0.0010591827465326
47.0,45.0,0.1146625512808392,-0.4178723340815607,1.0,5.0,0.000372281010652
47.0,46.0,0.1750859220315941,-0.2672725338026591,1.0,5.0,0.0005684607858168
47.0,47.0,0.0573312756404196,-0.0573312755211706,0.0,0.0,0.000186140505326
47.0,48.0,0.1176303448028756,-1.0760240961975605,1.0,5.0,0.0003819167039054
47.0,49.0,0.2165598759316502,-0.9195123988440842,1.0,5.0,0.0007031164802975
47.0,50.0,0.2343962972301633,-1.1790213913301402,1.7660752674412277,5.0,0.0007610269390589
48.0,1.0,0.442134474143509,-2.29951362773389,1.0000000000000002,5.0,0.0014355015394269
48.0,2.0,0.5880656285641233,-2.537288847214209,1.0000000000000002,5.0,0.0019093039888445
48.0,3.0,0.3778406704990059,-1.9731702574236192,1.0000000000000002,5.0,0.001226755423698
48.0,4.0,0.5818762068475178,-2.537288847214209,1.0000000000000002,5.0,0.0018892084637906
48.0,5.0,0.507765692604265,-3.029320751948772,1.0,5.0,0.0016485899110528
48.0,6.0,0.6557416671104627,-3.159215316044903,1.0,5.0,0.0021290313867222
48.0,7.0,0.4646876389733966,-2.612338945702572,0.9999999999999998,5.0,0.0015087261005629
48.0,8.0,0.4887648162674457,-2.732097944251389,0.9999999999999998,5.0,0.001586898754115
48.0,9.0,0.464806241782782,-2.612338945702572,0.9999999999999998,5.0,0.0015091111746194
48.0,10.0,0.4801307542096856,-2.732097944251389,0.9999999999999998,5.0,0.0015588660850963
48.0,11.0,0.5882087633947934,-2.347586678071888,1.5273688606582674,5.0,0.0019097687123207
48.0,12.0,0.4130923583843786,-2.2365554665572063,0.9999999999999998,5.0,0.0013412089557934
48.0,13.0,0.4289764837434768,-2.303071105340712,0.9999999999999996,5.0,0.0013927807913749
48.0,14.0,0.4896231593554556,-2.04716733702024,0.9999999999999996,5.0,0.0015896855823229
48.0,15.0,0.3045282264701802,-1.4599002384968571,1.0,5.0,0.00098872800802
48.0,16.0,0.4856741048934154,-2.04716733702024,1.0,5.0,0.0015768639769266
48.0,17.0,0.588857425286951,-2.347601590111391,1.5267863183552983,5.0,0.0019118747574251
48.0,18.0,0.413657222660574,-2.2365554665572063,0.9999999999999996,5.0,0.0013430429307161
48.0,19.0,0.3157752830428433,-1.8784313856719597,0.9999999999999998,5.0,0.0010252444254637
48.0,20.0,0.3586318471442229,-1.7825238563154908,1.0,5.0,0.0011643891141046
48.0,21.0,0.1891273666096358,-4.114743595964302,1.0,5.0,0.0006140498915897
48.0,22.0,0.2491215006697198,-1.1917681104477833,0.9999999999999998,5.0,0.0008088360411354
48.0,23.0,0.3499799018349361,-1.1776253102475644,1.0,5.0,0.0011362983825809
48.0,24.0,0.3842700647562661,-1.4045031899711606,1.1476736534753251,5.0,0.0012476300803774
48.0,25.0,0.303737333735864,-1.2371866213446328,1.3248629764769495,5.0,0.000986160174467
48.0,26.0,0.3555847957544935,-1.0195481067661707,1.0,5.0,0.0011544960901119
48.0,27.0,0.2648681694695555,-1.313591556998032,1.0,5.0,0.0008599615891868
48.0,28.0,0.315897591154335,-1.6854630023853243,1.0,5.0,0.0010256415297218
48.0,29.0,0.3581580023563403,-1.0138151362222902,1.0,5.0,0.0011628506570011
48.0,30.0,0.2100889582724666,-1.1547791452340497,1.0000000000000002,5.0,0.0006821070073781
48.0,31.0,0.4106872506830084,-1.8231789336606228,0.9999999999999998,5.0,0.0013334001645552
48.0,32.0,0.210799161794073,-0.863820795120009,1.0,5.0,0.0006844128629677
48.0,33.0,0.405676405073048,-1.8231789336606228,0.9999999999999998,5.0,0.0013171311853021
48.0,34.0,0.2650566965499798,-0.8563292532108356,1.0,5.0,0.0008605736900973
48.0,35.0,0.1288222877264999,-1.025854833175588,1.0000000000000002,5.0,0.0004182541809301
48.0,36.0,0.4408889857360556,-1.327887755836823,1.0,5.0,0.0014314577458962
48.0,37.0,0.172241084775111,-1.0789292955076288,1.0,5.0,0.0005592243012178
48.0,38.0,0.4016656634946257,-1.2658448813434011,1.0,5.0,0.0013041092970604
48.0,39.0,0.312547188474978,-1.2367266500482927,1.315480503504655,5.0,0.0010147635989447
48.0,40.0,0.3507154891421052,-1.184959917791989,1.0000000000000002,5.0,0.0011386866530587
48.0,41.0,0.4132070940795607,-1.5710134803593716,1.0,5.0,0.0013415814742842
48.0,42.0,0.2642503796303592,-1.0809765146339263,1.0000000000000002,5.0,0.0008579557780206
48.0,43.0,0.2123159871229146,-1.174610606283769,1.0,5.0,0.0006893376205289
48.0,44.0,0.2645562240746581,-1.0809765146339263,1.0,5.0,0.0008589487794631
48.0,45.0,0.1665739927143083,-1.0719168248282265,1.0,5.0,0.0005408246516698
48.0,46.0,0.2269973634650631,-0.9005471117652389,1.0,5.0,0.0007370044268346
48.0,47.0,0.1176303448028756,-1.0784708358922277,1.0,5.0,0.0003819167039054
48.0,48.0,0.0548307664869646,-0.0548307663729167,0.0,0.0,0.0001780219691135
48.0,49.0,0.17939518030587,-1.1014041850493608,1.0,5.0,0.0005824518841099
48.0,50.0,0.1561727745883502,-1.0625063022176915,1.0,5.0,0.0005070544629491
49.0,1.0,0.5461499237778376,-2.327387638648455,1.3663192674815154,5.0,0.0017732140382397
49.0,2.0,0.6923786579352216,-2.645808979713604,1.288010843254354,5.0,0.0022479826556338
49.0,3.0,0.4816579614695977,-1.997987714211567,1.4161769769945023,5.0,0.0015638245502259
49.0,4.0,0.6861711234458268,-2.6459101014333903,1.2906459571359998,5.0,0.002227828322876
49.0,5.0,0.6120095234483686,-2.983521246437384,1.3264049320190898,5.0,0.0019870439072998
49.0,6.0,0.760225551774787,-3.2153162879860404,1.2620348017674765,5.0,0.0024682647784895
49.0,7.0,0.4580611975808347,-2.469327363939529,1.0,5.0,0.0014872116804572
49.0,8.0,0.4821383748748837,-2.5971476880998603,1.0,5.0,0.0015653843340093
49.0,9.0,0.4581798003902201,-2.469327363939529,1.0,5.0,0.0014875967545137
49.0,10.0,0.4735043128171237,-2.5971476880998603,1.0,5.0,0.0015373516649906
49.0,11.0,0.5811890119855799,-2.225049500083472,1.5333480417047023,5.0,0.0018869773116414
49.0,12.0,0.4064659169918167,-2.0728035906095035,1.0,5.0,0.0013196945356877
49.0,13.0,0.4223500423509148,-2.1488410517726493,0.9999999999999998,5.0,0.0013712663712692
49.0,14.0,0.5937018403183631,-2.167907274475009,1.3365414358290113,5.0,0.001927603377657
49.0,15.0,0.4081085585926461,-1.4872889283941546,1.4926392576117848,5.0,0.0013250277876384
49.0,16.0,0.589738162828796,-2.168004328065215,1.3388318493326328,5.0,0.0019147342948986
49.0,17.0,0.5818376425297042,-2.225063846736211,1.532752077702404,5.0,0.0018890832549665
49.0,18.0,0.407030781268012,-2.0728035906095035,0.9999999999999998,5.0,0.0013215285106104
49.0,19.0,0.3091488416502814,-1.6650873612070094,1.0,5.0,0.001003730005358
49.0,20.0,0.4624147494493759,-1.8046565421768133,1.4338183342341504,5.0,0.0015013465891213
49.0,21.0,0.1838722264578632,-3.854686780449536,1.0,5.0,0.0005969877482398
49.0,22.0,0.3524923673583811,-1.1957067101615897,1.5720844600304371,5.0,0.0011444557381765
49.0,23.0,0.4535901142766489,-1.3586732401614208,1.4422624660731098,5.0,0.0014726951762228
49.0,24.0,0.4881162402476639,-1.5456061293434753,1.525531031544359,5.0,0.001584792987817
49.0,25.0,0.4043458118486124,-1.3718903255065074,1.757123007173366,5.0,0.0013128110774305
49.0,26.0,0.4592088561172229,-1.2345463028545969,1.4367551539844514,5.0,0.0014909378445364
49.0,27.0,0.3683403092749742,-1.2967900669483057,1.5470127568637824,5.0,0.0011959100950486
49.0,28.0,0.4195544919990717,-1.6675141750875406,1.4789910144644898,5.0,0.0013621899090878
49.0,29.0,0.4618022163818879,-1.2273064102934896,1.4342724400802145,5.0,0.0014993578453957
49.0,30.0,0.3133786095871859,-1.056712741492708,1.645418294678218,5.0,0.0010174630181402
49.0,31.0,0.5145782466691219,-1.910089189086272,1.3891197310242118,5.0,0.0016707085930815
49.0,32.0,0.3140338136023086,-0.8719491148026121,1.6439163246595114,5.0,0.0010195903039035
49.0,33.0,0.5095444350614594,-1.910278594766112,1.393017643299778,5.0,0.0016543650489008
49.0,34.0,0.3684394422499215,-0.9820069138398472,1.546725897641342,5.0,0.0011962319553568
49.0,35.0,0.2222271988900993,-1.1679016015771095,1.6771545993903028,5.0,0.0007215168795133
49.0,36.0,0.5447846540490843,-1.5425774378139605,1.3671713484540575,5.0,0.0017687813443152
49.0,37.0,0.1669859446233384,-0.6705782861476905,0.9999999999999998,5.0,0.0005421621578679
49.0,38.0,0.50543791308241,-1.4707735672697442,1.3961943175408122,5.0,0.0016410321853325
49.0,39.0,0.4132415227532777,-1.370689054137718,1.7402647674945286,5.0,0.0013416932556924
49.0,40.0,0.4543267259004355,-1.3659283779407116,1.4415317781466903,5.0,0.001475086772404
49.0,41.0,0.4065806526869988,-1.3966903764663237,1.0000000000000002,5.0,0.0013200670541785
49.0,42.0,0.3654137337241255,-1.3358332435494984,2.1023505459614915,5.0,0.001186408226377
49.0,43.0,0.2056895457303527,-0.8390891221884489,1.0,5.0,0.0006678232004232
49.0,44.0,0.3657214311949671,-1.3357832941559062,2.101413441395969,5.0,0.0011874072441395
49.0,45.0,0.1599475513217464,-0.631636989322429,1.0000000000000004,5.0,0.0005193102315641
49.0,46.0,0.2203709220725012,-0.572703599056424,1.0000000000000002,5.0,0.0007154900067289
49.0,47.0,0.1110039034103138,-0.3927604381916529,1.0,5.0,0.0003604022837997
49.0,48.0,0.1629153448437829,-1.065515960083226,1.0,5.0,0.0005289459248174
49.0,49.0,0.0522031964110783,-0.0522031963024957,0.0,0.0,0.0001694908974385
49.0,50.0,0.1509176344365776,-0.6258189352904882,1.0,5.0,0.0004899923195992
50.0,1.0,0.567521273795755,-2.498967086880252,1.5335429214190153,5.0,0.0018426015382979
50.0,2.0,0.7167396040047658,-2.6692567079537244,1.0000000000000002,5.0,0.0023270766363791
50.0,3.0,0.5032035605195223,-2.1929354900833857,1.602456798792098,5.0,0.0016337777938945
50.0,4.0,0.7105501822881604,-2.6692567079537244,1.0000000000000002,5.0,0.0023069811113251
50.0,5.0,0.6331997589464246,-3.1241515173376317,1.4777571692561515,5.0,0.0020558433732026
50.0,6.0,0.7844156425511053,-3.2293101473150507,1.0,5.0,0.0025468040342568
50.0,7.0,0.476271467375232,-2.510163038924873,1.0,5.0,0.0015463359330364
50.0,8.0,0.5003486446692813,-2.6371997016886093,1.0,5.0,0.0016245085865885
50.0,9.0,0.4763900701846176,-2.510163038924873,1.0,5.0,0.0015467210070929
50.0,10.0,0.4917145826115211,-2.6371997016886093,1.0,5.0,0.0015964759175698
50.0,11.0,0.5986853780079676,-2.28795052741707,1.5172355933473531,5.0,0.001943783694831
50.0,12.0,0.4246761867862141,-2.1221550204592683,1.0,5.0,0.0013788187882669
50.0,13.0,0.4405603121453122,-2.199385639671571,1.0,5.0,0.0014303906238484
50.0,14.0,0.6182971347960983,-2.192064983496332,1.0,5.0,0.0020074582298574
50.0,15.0,0.4263750647426351,-1.5633117540526988,1.471137472733794,5.0,0.0013843346257877
50.0,16.0,0.6143480803340581,-2.192064983496332,1.0,5.0,0.0019946366244612
50.0,17.0,0.5993340557313522,-2.2879639016384505,1.516675437673903,5.0,0.0019458897913355
50.0,18.0,0.4252410510624094,-2.1221550204592683,1.0,5.0,0.0013806527631896
50.0,19.0,0.3273591114446788,-1.7150104748975483,1.0,5.0,0.0010628542579372
50.0,20.0,0.4806740401357213,-1.8721011269003056,1.4170586080094183,5.0,0.0015606300004406
50.0,21.0,0.2020824962522606,-3.615546412812415,0.9999999999999998,5.0,0.000656112000819
50.0,22.0,0.3777954761103623,-1.1883272002945773,1.0,5.0,0.00122660868867
50.0,23.0,0.4786538772755787,-1.3884862302235792,1.0,5.0,0.0015540710301155
50.0,24.0,0.5129440399842821,-1.5895899102603226,1.1106291436460718,5.0,0.0016654027272216
50.0,25.0,0.431049766114899,-1.350685570725178,1.226318447310274,5.0,0.0013995122276457
50.0,26.0,0.4842587711951361,-1.2706120075665093,1.0,5.0,0.0015722687376465
50.0,27.0,0.3866068531631317,-1.3768903356531097,1.5206276322606322,5.0,0.0012552170557244
50.0,28.0,0.4378164417331366,-1.7363673854505377,1.4586398924589592,5.0,0.001421481953679
50.0,29.0,0.4868319777969828,-1.2632171068816809,0.9999999999999998,5.0,0.0015806233045356
50.0,30.0,0.3316449152232197,-1.1428146542215722,1.6089962220880318,5.0,0.0010767692052701
50.0,31.0,0.5393612261236509,-1.9259542244438927,1.0,5.0,0.0017511728120897
50.0,32.0,0.3394731372347155,-0.8610882388770503,1.0,5.0,0.0011021855105023
50.0,33.0,0.5343503805136905,-1.9259542244438927,1.0,5.0,0.0017349038328366
50.0,34.0,0.3937306719906222,-0.9955635518754872,1.0,5.0,0.0012783463376318
50.0,35.0,0.2404946249922785,-1.229564137119873,1.6263148863013954,5.0,0.0007808267045203
50.0,36.0,0.5695629611766981,-1.5826864726760583,1.0000000000000002,5.0,0.0018492303934308
50.0,37.0,0.1851962144177357,-0.7535139597183487,1.0,5.0,0.0006012864104471
50.0,38.0,0.5303396389352683,-1.5075411892836623,1.0,5.0,0.001721881944595
50.0,39.0,0.4398462955560206,-1.350554420262251,1.221731581278745,5.0,0.0014280723881688
50.0,40.0,0.4793894645827479,-1.3957763169382782,1.0,5.0,0.0015564593005933
50.0,41.0,0.4247909224813962,-1.4778355726204184,1.0,5.0,0.0013791913067577
50.0,42.0,0.3836164420726486,-1.4150114270304477,2.0492004481910127,5.0,0.0012455079288073
50.0,43.0,0.2238998155247501,-0.919410402361347,1.0,5.0,0.0007269474530024
50.0,44.0,0.3839240355804496,-1.414966522943805,2.04835152628514,5.0,0.0012465066090274
50.0,45.0,0.1781578211161438,-0.7151887343729105,1.0,5.0,0.0005784344841433
50.0,46.0,0.2385811918668986,-0.680561880742218,1.0,5.0,0.0007746142593081
50.0,47.0,0.1292141732047111,-0.4801919091006624,1.0,5.0,0.0004195265363789
50.0,48.0,0.1811256146381802,-1.0972137449395811,1.0,5.0,0.0005880701773966
50.0,49.0,0.0703149722625492,-0.2260834749960138,1.0,5.0,0.0002282953644887
50.0,50.0,0.0351574861312746,-0.0351574860581471,0.0,0.0,0.0001141476822443
2100.0,2100.0,0.0727058712243514,-0.0727058710731234,0.0,0.0,0.0002360580234556
2100.0,2101.0,0.2250643766763161,-0.9121861913620812,1.561819481290239,5.0,0.0007307284957023
2100.0,2102.0,0.2724010922774188,-1.211980219258126,2.014737891255652,5.0,0.0008844191307708
2100.0,2103.0,0.2257042175714946,-1.1535320012482608,1.6400577428166168,5.0,0.0007328059012061
2100.0,2104.0,0.2971910339812985,-1.7914181164976883,1.0,5.0,0.0009649059544847
2100.0,2105.0,0.25914620340565,-1.7914181164976883,1.0,5.0,0.000841383777291
2101.0,2100.0,0.2249104812227447,-0.9248097126347428,1.562889256110231,5.0,0.0007302288351387
2101.0,2101.0,0.0562760183471963,-0.0562760182301423,0.0,0.0,0.0001827143452831
2101.0,2102.0,0.1464494886613456,-0.4871070702316509,1.0,5.0,0.0004754853527965
2101.0,2103.0,0.3226430675345534,-1.3354319128505103,1.7608356900352875,5.0,0.0010475424270602
2101.0,2104.0,0.2746443960106605,-1.0578928201559867,1.0,5.0,0.0008917025844501
2101.0,2105.0,0.2365995654350121,-1.0578928201559867,1.0,5.0,0.0007681804072565
2102.0,2100.0,0.2721095455979827,-1.097935824189372,1.4637828204211794,5.0,0.0008834725506428
2102.0,2101.0,0.1464494886613456,-0.4815891601258039,1.0,5.0,0.0004754853527965
2102.0,2102.0,0.0732247443306728,-0.0732247441783655,0.0,0.0,0.0002377426763982
2102.0,2103.0,0.3686150360867548,-1.5177644699347284,1.669843636262521,5.0,0.0011968020652167
2102.0,2104.0,0.2254777391317689,-0.8440012136100253,1.0,5.0,0.0007320705815966
2102.0,2105.0,0.1874329085561205,-0.8440012136100253,1.0,5.0,0.0006085484044029
2103.0,2100.0,0.2254537899033047,-1.0931495991150466,1.6417396750260873,5.0,0.0007319928243613
2103.0,2101.0,0.2988618343060969,-1.1608848056657193,1.0,5.0,0.0009703306308639
2103.0,2102.0,0.3469087636117902,-1.445428172280426,1.4303673323626205,5.0,0.0011263271545837
2103.0,2103.0,0.0865668726365534,-0.0865668724564945,0.0,0.0,0.000281061274794
2103.0,2104.0,0.3984499499356818,-1.791013005724014,1.6167118059424053,5.0,0.0012936686686223
2103.0,2105.0,0.3606000142514832,-1.7904263079277831,1.681235184027071,5.0,0.0011707792670502
2104.0,2100.0,0.2971910339812985,-1.7936306509064994,0.9999999999999998,5.0,0.0009649059544847
2104.0,2101.0,0.2746443960106605,-1.0586827142853954,1.0000000000000002,5.0,0.0008917025844501
2104.0,2102.0,0.2254777391317689,-0.8499713260104109,1.0,5.0,0.0007320705815966
2104.0,2103.0,0.3958719153629525,-1.853210648475338,1.6264293676742825,5.0,0.001285298426503
2104.0,2104.0,0.0796610323644827,-0.079661032198788,0.0,0.0,0.000258639715469
2104.0,2105.0,0.3085816177446679,-1.436999763539622,1.7993128768619862,5.0,0.0010018883693008
2105.0,2100.0,0.2591462034056501,-1.7468114112491622,0.9999999999999998,5.0,0.000841383777291
2105.0,2101.0,0.2365995654350121,-0.8939729114850361,1.0,5.0,0.0007681804072565
2105.0,2102.0,0.1874329085561205,-0.6784309030880641,1.0,5.0,0.0006085484044029
2105.0,2103.0,0.3589530269163057,-1.731898540547239,1.690184463435739,5.0,0.0011654319055724
2105.0,2104.0,0.3085816177446678,-1.293459489833569,1.799312876861986,5.0,0.0010018883693008
2105.0,2105.0,0.0606386170766585,-0.0606386169505303,0.0,0.0,0.0001968786268722
