OMAZ,DMAZ,distance_commute,logsum_commute,path_size_sum_commute,iterations_commute,time_commute
1.0,1.0,0.060043913087261,-0.0600439129623698,0.0,0.0,0.0001949477697638
1.0,2.0,0.4090430759222306,-4.477928506414226,1.5082010319924133,5.0,0.0013280619348124
1.0,3.0,0.1910109749576618,-2.659550956916978,1.0000000000000002,5.0,0.0006201655031092
1.0,4.0,0.4028285525354886,-4.478796168329686,1.516143468284616,5.0,0.0013078849108295
1.0,5.0,0.3209359970629209,-4.187079922650659,1.0000000000000002,5.0,0.001041999990464
1.0,6.0,0.4808312012101479,-5.341564789935992,1.0,5.0,0.0015611402636693
1.0,7.0,0.183190854271051,-2.234956208400517,1.0,5.0,0.00059477550088
1.0,8.0,0.2072680315651002,-2.7389973951194007,1.0,5.0,0.0006729481544321
1.0,9.0,0.1833094570804365,-2.234956208400517,1.0,5.0,0.0005951605749364
1.0,10.0,0.1986339695073402,-2.7389973951194007,1.0,5.0,0.0006449154854134
1.0,11.0,0.4297194296415433,-5.104836275932322,1.0000000000000002,5.0,0.0013951929533816
1.0,12.0,0.1200878261745221,-2.233944726991516,1.0,5.0,0.0003898955395276
1.0,13.0,0.1359719515336202,-2.1000095070306566,1.0,5.0,0.0004414673751091
1.0,14.0,0.3089301365787565,-3.5886885239084023,1.0000000000000002,5.0,0.001003019923957
1.0,15.0,0.3318443667317187,-4.29375178810478,1.6382694958466584,5.0,0.0010774167751029
1.0,16.0,0.3049810821167163,-3.5886885239084023,1.0000000000000002,5.0,0.0009901983185607
1.0,17.0,0.4303731621503318,-5.104836275932322,1.0,5.0,0.001397315461527
1.0,18.0,0.1206526904507174,-2.233944726991516,1.0000000000000002,5.0,0.0003917295144503
1.0,19.0,0.2267604215225349,-5.134395581507564,1.0,5.0,0.0007362351348134
1.0,20.0,0.1728641030202416,-4.992630324114009,1.0000000000000002,5.0,0.000561247087728
1.0,21.0,0.5580460597276472,-7.091500574449833,1.79626245201763,5.0,0.0018118378562585
1.0,22.0,0.4613275883988532,-4.48113450697344,1.658011809599312,5.0,0.0014978168454508
1.0,23.0,0.561706231734052,-4.808271304059648,2.258451904108395,5.0,0.001823721531604
1.0,24.0,0.5959496238019744,-5.0043533693141935,2.2810795384008715,5.0,0.0019349013759804
1.0,25.0,0.5101774507877289,-4.763325988303949,1.7988118682390395,5.0,0.0016564202947653
1.0,26.0,0.5673272354773655,-4.576574790680151,2.0603114576565376,5.0,0.0018419715437576
1.0,27.0,0.2739330841988474,-5.332999130576951,1.0000000000000002,5.0,0.0008893931305157
1.0,28.0,0.3274248594391674,-3.3125478949633385,1.0,5.0,0.0010630677254518
1.0,29.0,0.3783381338346426,-4.383990671858786,1.547851399109495,5.0,0.0012283705643981
1.0,30.0,0.432073347933533,-4.108740633221771,1.7223786169022268,5.0,0.0014028355452387
1.0,31.0,0.4297954565495397,-4.598522219394564,1.471385809463928,5.0,0.001395439793992
1.0,32.0,0.4229900006036257,-4.164404461390609,1.7181689865125578,5.0,0.0013733441578039
1.0,33.0,0.4247870957740622,-4.599128581731921,1.4769342540891943,5.0,0.0013791788823833
1.0,34.0,0.4771901788002567,-4.247200302627384,1.6363472470756817,5.0,0.0015493187623384
1.0,35.0,0.4345520234303677,-6.095077627448483,1.0000000000000002,5.0,0.0014108831929557
1.0,36.0,0.4778365017986418,-4.71628703182791,1.4240793147978823,5.0,0.0015514172136319
1.0,37.0,0.4779708204789787,-6.089764751827324,1.0,5.0,0.0015518533132434
1.0,38.0,0.6133881614450883,-4.797678867022214,1.9805349621112096,5.0,0.0019915200046918
1.0,39.0,0.5189515135064242,-4.76278755424435,1.7852303899392852,5.0,0.0016849075113844
1.0,40.0,0.5624409780765324,-4.814721294429448,2.256804326181745,5.0,0.001826107071677
1.0,41.0,0.33344167043315,-5.067363852610447,1.0000000000000002,5.0,0.0010826028260816
1.0,42.0,0.2679155138596724,-5.31046937909604,1.0000000000000004,5.0,0.0008698555644794
1.0,43.0,0.3169201839957745,-4.884830900552594,1.0,5.0,0.0010289616363499
1.0,44.0,0.2682213583039713,-5.31046937909604,1.0,5.0,0.0008708485659219
1.0,45.0,0.4671265611031527,-4.699517367230788,1.4334744099468453,5.0,0.0015166446789063
1.0,46.0,0.3200978411943574,-5.565221118581588,1.0000000000000002,5.0,0.0010392787051764
1.0,47.0,0.4233600805067434,-6.13806103592094,1.0000000000000002,5.0,0.0013745457159309
1.0,48.0,0.3697155054531246,-5.8464748223660745,1.0000000000000002,5.0,0.0012003750177049
1.0,49.0,0.5558726535785518,-5.2102767446978,1.8379543390190447,5.0,0.0018047813427875
1.0,50.0,0.461902510292218,-6.090596397389966,1.0,5.0,0.0014996834749747
2.0,1.0,0.1189697109471342,-0.794267197594569,1.0,5.0,0.0003862652952829
2.0,2.0,0.0594848554735671,-0.0594848553498387,0.0,0.0,0.0001931326476414
2.0,3.0,0.2569971602223363,-2.80040359176935,1.0,5.0,0.0008344063643582
2.0,4.0,0.2569714300081765,-3.758667047223488,0.9999999999999998,5.0,0.0008343228247018
2.0,5.0,0.1846009294078901,-3.0716433534014422,1.0,5.0,0.0005993536669087
2.0,6.0,0.3417879237511024,-5.2019179122014565,1.6116662031813551,5.0,0.0011097010511399
2.0,7.0,0.2491770395357255,-2.438035833860781,1.0,5.0,0.0008090163621289
2.0,8.0,0.2732542168297748,-2.886605007907974,1.0,5.0,0.000887189015681
2.0,9.0,0.2492956423451109,-2.438035833860781,1.0,5.0,0.0008094014361854
2.0,10.0,0.2646201547720146,-2.886605007907974,1.0,5.0,0.0008591563466623
2.0,11.0,0.4991404269981819,-5.496164144875159,1.7895575389682012,5.0,0.0016205858019421
2.0,12.0,0.1860740114391966,-2.1213702439620614,1.0,5.0,0.0006041364007766
2.0,13.0,0.2019581367982947,-2.2058247333342047,1.0,5.0,0.000655708236358
2.0,14.0,0.3724532140886682,-3.975035018810613,1.5505069090451924,5.0,0.001209263682106
2.0,15.0,0.3950834963585405,-4.503038369251383,2.0458708070518843,5.0,0.0012827386245407
2.0,16.0,0.3685068886568949,-3.97483975937954,1.5564039660451108,5.0,0.0011964509371977
2.0,17.0,0.4997935930140949,-5.496125572778558,1.7885303864133146,5.0,0.0016227064708249
2.0,18.0,0.1866388757153919,-2.1213702439620614,1.0,5.0,0.0006059703756993
2.0,19.0,0.2927466067872094,-4.72126794905466,1.0,5.0,0.0009504759960623
2.0,20.0,0.2388502882849162,-4.2534959034342,1.0,5.0,0.000775487948977
2.0,21.0,0.6194518055589653,-7.141354904677928,1.7119065427759117,5.0,0.0020112071609057
2.0,22.0,0.5245599250170667,-4.808376573053843,1.9666744077523264,5.0,0.0017031166396658
2.0,23.0,0.6250547203885195,-5.158865790589903,2.4542720630153134,5.0,0.0020293984428198
2.0,24.0,0.6594571287811299,-5.34887884881359,2.465000319151681,5.0,0.0021410945739647
2.0,25.0,0.571206075712375,-5.10268174640063,2.0695798956726685,5.0,0.0018545651808843
2.0,26.0,0.6311362206785176,-4.924493158763807,2.274232700541749,5.0,0.0020491435736315
2.0,27.0,0.3399192694635219,-5.0645877131934105,1.0,5.0,0.0011036339917646
2.0,28.0,0.390905457780927,-3.763352112141317,1.524474021630851,5.0,0.0012691735642237
2.0,29.0,0.441942521803812,-4.341331806346084,1.4638265931778087,5.0,0.0014348783175448
2.0,30.0,0.4952141279568606,-4.452159123015661,2.03881026990919,5.0,0.001607838077782
2.0,31.0,0.4940189314520664,-5.079847130267526,2.2367386517913,5.0,0.0016039575696495
2.0,32.0,0.4862852691470125,-4.468712417187662,2.042764010850864,5.0,0.0015788482764513
2.0,33.0,0.4890072235112302,-5.080365121851312,2.2494310734542617,5.0,0.0015876857906208
2.0,34.0,0.5406232229723751,-4.598080548865787,1.9377008927070705,5.0,0.0017552702044557
2.0,35.0,0.5005382086950423,-6.090137680560583,1.0,5.0,0.0016251240542046
2.0,36.0,0.5420341825874304,-5.206083581997468,2.126964097504779,5.0,0.0017598512421669
2.0,37.0,0.5439570057436532,-6.134975890770685,1.0000000000000002,5.0,0.0017660941744923
2.0,38.0,0.6772137675199653,-5.141964350547822,2.1875584755701407,5.0,0.0021987459984414
2.0,39.0,0.5799892962340932,-5.102682997599487,2.053348182627221,5.0,0.0018830821306301
2.0,40.0,0.625791570322578,-5.1651457963014735,2.452564728710003,5.0,0.0020317908127356
2.0,41.0,0.3994278556978244,-5.031141007098757,1.0,5.0,0.0012968436873305
2.0,42.0,0.3339016991243468,-5.029742755816898,1.0000000000000002,5.0,0.0010840964257283
2.0,43.0,0.3829063692604489,-4.840966384506008,1.0,5.0,0.0012432024975988
2.0,44.0,0.3342075435686457,-5.029742755816898,1.0,5.0,0.0010850894271709
2.0,45.0,0.5331133847287812,-4.911829944250848,1.3798713405138423,5.0,0.0017308876127557
2.0,46.0,0.3860840264590319,-5.393705073611278,1.0,5.0,0.0012535195664254
2.0,47.0,0.4893462657714178,-6.095063669913431,1.0000000000000004,5.0,0.0015887865771799
2.0,48.0,0.4357016907177991,-5.750327155314662,1.0000000000000002,5.0,0.0014146158789538
2.0,49.0,0.620294388714353,-5.432602291463978,1.7444711463034568,5.0,0.0020139428205011
2.0,50.0,0.5278886955568927,-6.123603945433377,0.9999999999999998,5.0,0.0017139243362236
3.0,1.0,0.1078092181483503,-1.5039038035882195,1.0,5.0,0.000350029929053
3.0,2.0,0.2520003589259981,-4.060761710210983,0.9999999999999996,5.0,0.0008181829835259
3.0,3.0,0.0539046090741751,-0.0539046089620536,0.0,0.0,0.0001750149645265
3.0,4.0,0.2458109372093927,-4.060761710210983,0.9999999999999996,5.0,0.000798087458472
3.0,5.0,0.1734404366091061,-3.590838003197001,1.0,5.0,0.0005631183006789
3.0,6.0,0.3306687250319347,-5.445472737724831,1.6326176972257955,5.0,0.0010735997565971
3.0,7.0,0.2380165467369415,-2.7098531270825337,1.0,5.0,0.0007727809958991
3.0,8.0,0.2620937240309908,-3.129533741307536,1.0,5.0,0.0008509536494512
3.0,9.0,0.2381351495463269,-2.7098531270825337,1.0,5.0,0.0007731660699556
3.0,10.0,0.2534596619732307,-3.129533741307536,1.0,5.0,0.0008229209804325
3.0,11.0,0.4879659370652205,-5.61643956024064,1.8075152765634344,5.0,0.0015843049904714
3.0,12.0,0.1749135186404126,-2.5609066580630824,1.0,5.0,0.0005679010345467
3.0,13.0,0.1907976439995108,-2.552070829024053,1.0,5.0,0.0006194728701282
3.0,14.0,0.3610080312754409,-4.161757853878481,1.5688903335432365,5.0,0.0011721039976475
3.0,15.0,0.3886044217337517,-4.422944810307267,1.5285153131202072,5.0,0.0012617026679667
3.0,16.0,0.3570679344658622,-4.161101204362612,1.5751543336862022,5.0,0.0011593114755385
3.0,17.0,0.4886190912052115,-5.61639948568546,1.8064408962007652,5.0,0.0015864256207961
3.0,18.0,0.1754783829166079,-2.5609066580630824,1.0,5.0,0.0005697350094695
3.0,19.0,0.2815861139884255,-5.021076438539135,0.9999999999999996,5.0,0.0009142406298325
3.0,20.0,0.2276897954861322,-4.6597589548870655,1.0,5.0,0.0007392525827471
3.0,21.0,0.6092741396562059,-7.24200509998822,1.7248913177281222,5.0,0.0019781627910915
3.0,22.0,0.5134142888431985,-4.901318523831589,1.9876627913484808,5.0,0.0016669295092311
3.0,23.0,0.6130276594628861,-5.302490716272624,2.484898744198097,5.0,0.0019903495437106
3.0,24.0,0.6473726730042021,-5.476218654587564,2.4941192891429957,5.0,0.0021018593279357
3.0,25.0,0.5597705501712772,-5.145561411514107,2.104203659516463,5.0,0.0018174368512054
3.0,26.0,0.6192743953036677,-5.0155664125256845,2.302006757516304,5.0,0.0020106311535833
3.0,27.0,0.3287587766647381,-5.309830793697955,0.9999999999999996,5.0,0.0010673986255348
3.0,28.0,0.3794290250061732,-3.932641468641949,1.5412817338877614,5.0,0.0012319124188512
3.0,29.0,0.4303893050969272,-4.492151065122728,1.4772415865913868,5.0,0.0013973678736913
3.0,30.0,0.4841944140707304,-4.523555862135219,2.061801798264651,5.0,0.0015720597859439
3.0,31.0,0.4819103914418792,-5.295427476938317,2.2681503673094263,5.0,0.001564644128058
3.0,32.0,0.4751423645594022,-4.573288231944794,2.067228408491517,5.0,0.0015426700148032
3.0,33.0,0.4769080917071108,-5.295686874306621,2.2814484763708918,5.0,0.0015484028951529
3.0,34.0,0.5293303406056369,-4.654534611130141,1.9579651166791616,5.0,0.0017186050019663
3.0,35.0,0.4893777158962581,-6.2239653717558445,1.0,5.0,0.0015888886879748
3.0,36.0,0.5298634734619777,-5.39455541876411,2.1533823044922986,5.0,0.0017203359527986
3.0,37.0,0.5327965129448693,-6.251683540227544,1.0,5.0,0.0017298588082625
3.0,38.0,0.6653046212710289,-5.223621393741545,2.2117660929191603,5.0,0.0021600799391916
3.0,39.0,0.5685708912810317,-5.144643676517746,2.086935442928512,5.0,0.001846009387276
3.0,40.0,0.6137640224328428,-5.30825756846075,2.483121011826338,5.0,0.0019927403325741
3.0,41.0,0.3882673628990405,-5.208297511694907,1.0,5.0,0.0012606083211007
3.0,42.0,0.3227412063255629,-5.279853003272624,1.0,5.0,0.0010478610594985
3.0,43.0,0.3717458764616652,-5.028039065271479,0.9999999999999998,5.0,0.001206967131369
3.0,44.0,0.3230470507698619,-5.279853003272624,0.9999999999999998,5.0,0.0010488540609411
3.0,45.0,0.52195333885719,-5.006466112550467,1.387986037868358,5.0,0.0016946536975882
3.0,46.0,0.374923533660248,-5.598883749718714,1.0,5.0,0.0012172842001956
3.0,47.0,0.478185772972634,-6.240532392987059,1.0,5.0,0.0015525512109501
3.0,48.0,0.4245411979190152,-5.921655843099316,1.0,5.0,0.001378380512724
3.0,49.0,0.6095538893604241,-5.505819080765543,1.7587810807704365,5.0,0.001979071069352
3.0,50.0,0.5167282027581086,-6.244536369693492,0.9999999999999998,5.0,0.0016776889699938
4.0,1.0,0.1127802892305287,-0.7432464414179043,1.0,5.0,0.0003661697702289
4.0,2.0,0.2569714300081766,-3.7638402860200175,0.9999999999999998,5.0,0.0008343228247018
4.0,3.0,0.2508077385057308,-2.7797019633182325,0.9999999999999998,5.0,0.0008143108393043
4.0,4.0,0.0563901446152643,-0.056390144497973,0.0,0.0,0.0001830848851144
4.0,5.0,0.1784115076912846,-3.0998714463823958,1.0,5.0,0.0005792581418548
4.0,6.0,0.3356180246684237,-5.215432375217758,1.623110924002284,5.0,0.0010896689112611
4.0,7.0,0.24298761781912,-2.4122120823833653,1.0,5.0,0.000788920837075
4.0,8.0,0.2670647951131692,-2.8658287774573266,1.0,5.0,0.0008670934906271
4.0,9.0,0.2431062206285055,-2.4122120823833653,1.0,5.0,0.0007893059111315
4.0,10.0,0.2584307330554092,-2.8658287774573266,1.0,5.0,0.0008390608216084
4.0,11.0,0.4929394252156966,-5.484608586948463,1.799416708686366,5.0,0.0016004526792717
4.0,12.0,0.1798845897225912,-2.1086778154402026,1.0,5.0,0.0005840408757226
4.0,13.0,0.1957687150816893,-2.183946788423388,0.9999999999999998,5.0,0.0006356127113041
4.0,14.0,0.3662798825199193,-3.9569330244516663,1.55980598406531,5.0,0.0011892203977919
4.0,15.0,0.3889642153517689,-4.490496852209112,2.0626528396908617,5.0,0.0012628708290641
4.0,16.0,0.3623336087048087,-3.956729725189685,1.5659050639265095,5.0,0.0011764078204701
4.0,17.0,0.4935925850099046,-5.484569096693691,1.7983637583657774,5.0,0.0016025733279542
4.0,18.0,0.1804494539987864,-2.1086778154402026,1.0,5.0,0.0005858748506454
4.0,19.0,0.286557185070604,-4.741350459236829,0.9999999999999998,5.0,0.0009303804710084
4.0,20.0,0.2326608665683107,-4.288574281430043,1.0,5.0,0.000755392423923
4.0,21.0,0.6136722609705816,-7.1347372092645625,1.7190494763638895,5.0,0.0019924424057486
4.0,22.0,0.5183776466687605,-4.7855739799784125,1.978202722103181,5.0,0.0016830443073661
4.0,23.0,0.618860726901288,-5.133135710776483,2.468798570318964,5.0,0.0020092880743548
4.0,24.0,0.6532648393914005,-5.323723947278586,2.4788695687083364,5.0,0.0021209897382837
4.0,25.0,0.5650442727889217,-5.07915359667134,2.081325036805741,5.0,0.0018345593272367
4.0,26.0,0.6249472876650201,-4.896628387119805,2.286847833706782,5.0,0.002029049635276
4.0,27.0,0.3337298477469165,-5.077036541970597,0.9999999999999998,5.0,0.0010835384667107
4.0,28.0,0.3847307990246126,-3.7395352478111663,1.532907621269753,5.0,0.0012491259708591
4.0,29.0,0.4357648772606097,-4.3205237199144175,1.4704102074782817,5.0,0.0014148210300669
4.0,30.0,0.4890573044474341,-4.426226662260001,2.052032462781201,5.0,0.001587848391063
4.0,31.0,0.4878345934202165,-5.0634147603329325,2.2524543319626598,5.0,0.0015838785500656
4.0,32.0,0.4801042501493948,-4.444998354165697,2.0561912380497254,5.0,0.0015587800329525
4.0,33.0,0.4828228747186405,-5.06394524991952,2.265473088515472,5.0,0.0015676067360994
4.0,34.0,0.5344374777594573,-4.571307610188731,1.948558959439792,5.0,0.0017351866161021
4.0,35.0,0.4943487869784367,-6.086440843718057,1.0000000000000002,5.0,0.0016050285291507
4.0,36.0,0.5358491250312638,-5.187293249642147,2.139998915011309,5.0,0.0017397698864651
4.0,37.0,0.5377675840270477,-6.127563853418122,1.0,5.0,0.0017459986494384
4.0,38.0,0.6710247725362258,-5.11418554158533,2.198508410842443,5.0,0.0021786518588838
4.0,39.0,0.5738276033178086,-5.079154413018211,2.064737379083624,5.0,0.0018630766341487
4.0,40.0,0.6195976038281256,-5.13940636500658,2.4670569771388084,5.0,0.0020116805319094
4.0,41.0,0.3932384339812191,-5.028053814124182,1.0,5.0,0.0012767481622766
4.0,42.0,0.3277122774077414,-5.042867540856919,1.0,5.0,0.0010640009006744
4.0,43.0,0.3767169475438436,-4.838013216675577,1.0,5.0,0.0012231069725449
4.0,44.0,0.3280181218520404,-5.042867540856919,1.0,5.0,0.001064993902117
4.0,45.0,0.5269239529765297,-4.890512192150603,1.38432919910653,5.0,0.0017107920551186
4.0,46.0,0.3798946047424265,-5.400653113934176,1.0,5.0,0.0012334240413715
4.0,47.0,0.4831568440548125,-6.094185423618393,1.0,5.0,0.001568691052126
4.0,48.0,0.4295122690011936,-5.75276169014758,1.0,5.0,0.0013945203538999
4.0,49.0,0.6142361418749405,-5.410999010877009,1.7523394954690192,5.0,0.0019942731879056
4.0,50.0,0.521699273840287,-6.117102907754015,1.0,5.0,0.0016938288111697
5.0,1.0,0.4063182166687495,-4.393908017925691,1.7628889230557792,5.0,0.0013192149891842
5.0,2.0,0.3464612408746652,-4.3361132289804845,1.5993005608903432,5.0,0.0011248741586839
5.0,3.0,0.3381083652930307,-4.524823653345313,1.0,5.0,0.0010977544327695
5.0,4.0,0.3402838907538785,-4.338821689442487,1.6100234600940753,5.0,0.0011048178271229
5.0,5.0,0.0573092937217033,-0.0573092936025001,0.0,0.0,0.00018606913546
5.0,6.0,0.2239858072483896,-4.019459063614959,1.0,5.0,0.0007272266469103
5.0,7.0,0.3275786149363875,-4.553959044565623,1.6403504446321755,5.0,0.0010635669316116
5.0,8.0,0.3515264486623634,-4.803012128922009,1.596690370068937,5.0,0.0011413196385141
5.0,9.0,0.3276969030306904,-4.553984624848869,1.6401197233175409,5.0,0.0010639509838658
5.0,10.0,0.3429139935952663,-4.801426945703476,1.6116449679162947,5.0,0.0011133571220625
5.0,11.0,0.387013754830566,-5.145776205869225,1.0000000000000002,5.0,0.0012565381650343
5.0,12.0,0.267185216509891,-4.31212974214852,1.0,5.0,0.0008674844691879
5.0,13.0,0.2830693418689891,-4.254500867227762,1.0,5.0,0.0009190563047694
5.0,14.0,0.4534246003486059,-4.86820632512656,1.9139128476574665,5.0,0.0014721577933396
5.0,15.0,0.4811634752243227,-5.0902413996156834,1.8615712441396672,5.0,0.0015622190754036
5.0,16.0,0.4494800816260948,-4.868783304758269,1.9218973996914697,5.0,0.0014593509143704
5.0,17.0,0.3876674873393545,-5.145776205869225,1.0,5.0,0.0012586606731797
5.0,18.0,0.2677500807860863,-4.31212974214852,1.0,5.0,0.0008693184441106
5.0,19.0,0.3738578118579039,-5.936349960494811,1.0,5.0,0.0012138240644737
5.0,20.0,0.3199614933556106,-5.640629265610894,1.0,5.0,0.0010388360173883
5.0,21.0,0.7058717967982024,-7.540918204101247,2.0519650602474364,5.0,0.0022917915480461
5.0,22.0,0.6064435351047597,-5.330583264492615,1.6844683049735112,5.0,0.0019689725165738
5.0,23.0,0.7064532083995152,-5.745502136180314,2.1592053864950373,5.0,0.0022936792480503
5.0,24.0,0.7405571430868689,-5.912137373507456,2.1816738405268232,5.0,0.0024044063087236
5.0,25.0,0.6534698905876409,-5.57221061200806,1.794146554106263,5.0,0.0021216554889209
5.0,26.0,0.7123066656651192,-5.503211549667045,2.0027923662397087,5.0,0.0023126839794322
5.0,27.0,0.4210304745342164,-6.178629551046532,1.0,5.0,0.001366982060176
5.0,28.0,0.4719297018019742,-4.694444837952457,1.87828756001142,5.0,0.0015322392915648
5.0,29.0,0.5231468816323762,-5.169556926049724,1.7928333043067122,5.0,0.0016985288364687
5.0,30.0,0.5788775648939115,-4.95762686162252,1.716884606791493,5.0,0.0018794726132919
5.0,31.0,0.574210486707122,-5.901248956387764,2.595545089966972,5.0,0.0018643197620361
5.0,32.0,0.5680755927387862,-5.02266341859752,1.7304468530876735,5.0,0.0018444012751259
5.0,33.0,0.569200080456598,-5.901342892625799,2.6095782504008644,5.0,0.0018480522092746
5.0,34.0,0.6223752641214872,-5.129344041659442,1.6670099534634302,5.0,0.0020206989094853
5.0,35.0,0.5816494137657366,-6.979110341528178,1.0,5.0,0.001888472122616
5.0,36.0,0.6222951530778175,-6.009173840871645,2.4724490663699945,5.0,0.0020204388086942
5.0,37.0,0.6250682108143477,-7.011266005581411,1.0000000000000002,5.0,0.0020294422429037
5.0,38.0,0.7584053947528604,-5.703801468530514,1.9418923669777028,5.0,0.002462355177769
5.0,39.0,0.662245060713312,-5.571716097182431,1.783622806914189,5.0,0.0021501463010172
5.0,40.0,0.7071903595899565,-5.751386101613151,2.1580016335677947,5.0,0.0022960725960712
5.0,41.0,0.4785402932632417,-5.748772040618721,1.6375317603392494,5.0,0.0015537022508546
5.0,42.0,0.4150129041950412,-6.153254653383678,1.0,5.0,0.0013474444941397
5.0,43.0,0.4640175743311434,-5.976521282475588,1.0,5.0,0.0015065505660102
5.0,44.0,0.4153187486393401,-6.153254653383678,1.0,5.0,0.0013484374955822
5.0,45.0,0.6137885222975507,-5.7418812097280565,1.4973718350346608,5.0,0.0019928198775894
5.0,46.0,0.4671952315297264,-6.425645930860532,1.0,5.0,0.0015168676348367
5.0,47.0,0.6389558082786874,-6.394713216273766,1.816468755837811,5.0,0.0020745318450606
5.0,48.0,0.5168128957884935,-6.705885716410925,1.0,5.0,0.0016779639473652
5.0,49.0,0.7133202969170576,-5.98862437517074,1.4281063831142096,5.0,0.0023159749899904
5.0,50.0,0.6089999006275869,-7.003172626343736,1.0,5.0,0.001977272404635
6.0,1.0,0.2465779661604582,-1.7863152020720767,1.0,5.0,0.0008005778122092
6.0,2.0,0.1833484525931282,-1.2977394687644976,1.0,5.0,0.0005952871837439
6.0,3.0,0.3901373168226106,-3.99093118440724,1.789234766987198,5.0,0.0012666796000734
6.0,4.0,0.1771590308765228,-1.2977394687644976,1.0,5.0,0.00057519165869
6.0,5.0,0.1167173661763152,-2.49724763362554,1.0,5.0,0.0003789524875854
6.0,6.0,0.0583586830881576,-0.0583586829667716,0.0,0.0,0.0001894762437927
6.0,7.0,0.3770571875686933,-3.8359914443657166,2.095827111050602,5.0,0.0012242116479503
6.0,8.0,0.4011549646816094,-4.170894479534748,2.030116396633057,5.0,0.0013024511840311
6.0,9.0,0.3771757801973505,-3.835987316597197,2.095482883220383,5.0,0.0012245966889524
6.0,10.0,0.3925216827358445,-4.171163058246544,2.052753974571504,5.0,0.0012744210478436
6.0,11.0,0.4381435818001801,-5.543695024660186,1.0,5.0,0.0014225440967538
6.0,12.0,0.3142361989808007,-3.290414015681266,1.6508159987913231,5.0,0.0010202473992883
6.0,13.0,0.3302213887195589,-3.422381629407747,1.6196233422457174,5.0,0.0010721473659725
6.0,14.0,0.2893345003455366,-2.436484906220663,1.0,5.0,0.0009393977283945
6.0,15.0,0.3170346681098991,-2.8315636278344,1.0,5.0,0.0010293333380191
6.0,16.0,0.2853854458834964,-2.436484906220663,1.0000000000000002,5.0,0.0009265761229983
6.0,17.0,0.4387973143089686,-5.543695024660186,1.0,5.0,0.0014246666048992
6.0,18.0,0.31480123349255,-3.290554441436198,1.6496529769726886,5.0,0.0010220819269238
6.0,19.0,0.425034607286235,-4.146312470999716,1.0,5.0,0.001379982491189
6.0,20.0,0.3711382887839418,-3.487734223213482,1.0,5.0,0.0012049944441037
6.0,21.0,0.5542779504419407,-5.9870985569739625,1.0000000000000004,5.0,0.0017996037352011
6.0,22.0,0.4421808633639573,-3.3200679541334965,1.0000000000000004,5.0,0.001435652153779
6.0,23.0,0.5425469054396341,-3.9761223987051344,1.7446373314412194,5.0,0.001761515926752
6.0,24.0,0.576819986521351,-4.210297764794818,1.7986406494700873,5.0,0.0018727921640303
6.0,25.0,0.4925496704755229,-3.658632147912922,1.2074318038430865,5.0,0.0015991872418036
6.0,26.0,0.5481232633142961,-3.7217726883333753,1.5447771786104567,5.0,0.0017796209847866
6.0,27.0,0.4694304793370435,-3.1099878254211584,1.0,5.0,0.0015241249329124
6.0,28.0,0.3078292232059474,-2.1852155792630006,1.0,5.0,0.0009994455298894
6.0,29.0,0.3589678153492633,-3.0026927429158627,1.0,5.0,0.0011654799199651
6.0,30.0,0.4146512681399547,-2.7596052499481027,1.0,5.0,0.0013462703511037
6.0,31.0,0.4104043291867637,-4.050023844598477,1.987628476504576,5.0,0.0013324815882687
6.0,32.0,0.4038585244883105,-2.838440250539578,1.0000000000000002,5.0,0.0013112289756113
6.0,33.0,0.4053959308421445,-4.051132055189179,1.9998130555199616,5.0,0.0013162205546822
6.0,34.0,0.4581160592442172,-3.049412535940142,1.0000000000000002,5.0,0.0014873898027409
6.0,35.0,0.6354491990685426,-4.80755909446469,0.9999999999999996,5.0,0.0020631467502225
6.0,36.0,0.4584627005997458,-4.214525128220562,1.884293127615773,5.0,0.0014885152616874
6.0,37.0,0.6554214398228096,-5.412238830948476,1.4457413876039753,5.0,0.0021279916877363
6.0,38.0,0.5941971915072962,-4.0046466757711165,1.5024480997752268,5.0,0.0019292116607379
6.0,39.0,0.501310357133123,-3.658901611631136,1.203821075494696,5.0,0.0016276310296529
6.0,40.0,0.5432820255491025,-3.984610249306152,1.7436280819851435,5.0,0.0017639026803542
6.0,41.0,0.5310703895423132,-5.189491717055623,1.7741982045132376,5.0,0.001724254511501
6.0,42.0,0.4688126894978471,-2.989824125040868,1.0,5.0,0.0015221191217462
6.0,43.0,0.5178173596339495,-3.2201255610978183,1.0,5.0,0.0016812251936167
6.0,44.0,0.4691185339421461,-2.989824125040868,1.0,5.0,0.0015231121231887
6.0,45.0,0.6669154905323366,-3.9165023203384783,1.0,5.0,0.0021653100341958
6.0,46.0,0.5209950168325324,-3.6196839876949256,0.9999999999999998,5.0,0.0016915422624432
6.0,47.0,0.6242572561449181,-4.721334492389213,1.0,5.0,0.0020268092731977
6.0,48.0,0.5706126810912994,-4.195947621698622,1.0,5.0,0.0018526385749717
6.0,49.0,0.7664558310480212,-4.4728861817474055,1.0,5.0,0.0024884929579481
6.0,50.0,0.662799685930393,-4.943261801442099,0.9999999999999996,5.0,0.0021519470322415
7.0,1.0,0.3549310147143439,-4.488964930855872,1.5885078541263362,5.0,0.0011523734243972
7.0,2.0,0.3021561473140908,-4.9545090691206255,1.0,5.0,0.0009810264523184
7.0,3.0,0.2863682509674725,-4.015762123365591,1.0,5.0,0.0009297670485956
7.0,4.0,0.2959667255974855,-4.9545090691206255,0.9999999999999998,5.0,0.0009609309272645
7.0,5.0,0.223596224997199,-4.70048154577055,1.0,5.0,0.0007259617694714
7.0,6.0,0.3767118231598416,-6.4482747851222015,2.090975837016872,5.0,0.0012230903349345
7.0,7.0,0.0404864868600366,-0.0404864867758248,0.0,0.0,0.0001314496326624
7.0,8.0,0.0896070357778333,-1.826725093422912,1.0,5.0,0.0002909319343436
7.0,9.0,0.2738670195884862,-4.0201587773295415,1.762315310065817,5.0,0.0008891786350275
7.0,10.0,0.0809729737200732,-1.826725093422912,1.0,5.0,0.0002628992653249
7.0,11.0,0.3294872544375244,-4.673455544410084,1.0000000000000002,5.0,0.0010697638131088
7.0,12.0,0.2154451021843328,-3.815615482491994,1.0,5.0,0.000699497085014
7.0,13.0,0.2313292275434309,-3.717861459825258,1.0,5.0,0.0007510689205955
7.0,14.0,0.4058894063224489,-4.888430436770322,1.5130684576136786,5.0,0.0013178227478001
7.0,15.0,0.4288773540936797,-5.324335023174643,1.9708773238736808,5.0,0.0013924589418625
7.0,16.0,0.4019386902026357,-4.888222176302538,1.5181101035819986,5.0,0.0013049957474111
7.0,17.0,0.330140986946313,-4.673455544410084,1.0,5.0,0.0010718863212542
7.0,18.0,0.216009966460528,-3.815615482491994,1.0,5.0,0.0007013310599367
7.0,19.0,0.3221176975323456,-5.66859331381965,1.0,5.0,0.0010458366802998
7.0,20.0,0.2682213790300523,-5.399184277795127,1.0,5.0,0.0008708486332144
7.0,21.0,0.647945693051847,-7.6497141689682,1.67986304567858,5.0,0.0021037197826358
7.0,22.0,0.5584069154602178,-5.514067095246627,1.9175597824742443,5.0,0.0018130094657799
7.0,23.0,0.6592597844598399,-5.864528048767057,2.389007234626217,5.0,0.0021404538456488
7.0,24.0,0.6934625774317417,-6.017666598586872,2.4018254555913874,5.0,0.0022515018747783
7.0,25.0,0.6050919917669239,-5.733321409335709,2.0288669612033488,5.0,0.0019645843888536
7.0,26.0,0.6646567368012514,-5.590431796800002,2.2182051724524268,5.0,0.0021579764181858
7.0,27.0,0.3692903602086581,-5.90247272267252,1.0,5.0,0.0011989946760021
7.0,28.0,0.4244035672201814,-4.676932117180506,1.4907056884922243,5.0,0.0013779336598057
7.0,29.0,0.4756115916512451,-5.148104896360656,1.437927757380051,5.0,0.0015441934793871
7.0,30.0,0.5291286341647095,-5.185094160142214,1.9810968479490096,5.0,0.0017179501109243
7.0,31.0,0.5269804751673551,-5.81618394198377,2.163997034045418,5.0,0.0017109755687251
7.0,32.0,0.5200843598995075,-5.231216001447148,1.985397811745412,5.0,0.0016885855840893
7.0,33.0,0.5219695081132802,-5.816407133891106,2.1751548761423907,5.0,0.0016947061951729
7.0,34.0,0.5743456938220733,-5.285100125669546,1.8920243710744769,5.0,0.0018647587461755
7.0,35.0,0.5299092994401784,-6.694041280557269,1.0,5.0,0.0017204847384421
7.0,36.0,0.5750734831641148,-5.902715784197639,2.066866516851684,5.0,0.0018671216985847
7.0,37.0,0.5733280964887894,-6.715108254011095,1.0000000000000002,5.0,0.0018614548587298
7.0,38.0,0.7107399133309296,-5.77247272671755,2.1391373127973763,5.0,0.0023075971212043
7.0,39.0,0.6139011261428283,-5.732589967279655,2.013930049581927,5.0,0.0019931854744897
7.0,40.0,0.6599942890670958,-5.8695020207068405,2.387456838860851,5.0,0.0021428386008671
7.0,41.0,0.4226456162787028,-5.341498993513957,1.7162777198687915,5.0,0.0013722260268789
7.0,42.0,0.3632727898694831,-5.877654663075967,1.0,5.0,0.0011794571099658
7.0,43.0,0.4122774600055853,-5.636600742877114,0.9999999999999998,5.0,0.0013385631818363
7.0,44.0,0.363578634313782,-5.877654663075967,1.0,5.0,0.0011804501114083
7.0,45.0,0.5578979142752214,-5.294264795064341,1.543989551537844,5.0,0.0018113568645299
7.0,46.0,0.4154551172041681,-6.146710383204907,1.0,5.0,0.0013488802506628
7.0,47.0,0.587005608768246,-5.983688029914466,1.888586798948856,5.0,0.0019058623661306
7.0,48.0,0.4650727814629353,-6.427733773107769,1.0,5.0,0.0015099765631913
7.0,49.0,0.6574234621123071,-5.552916836649442,1.46217728484646,5.0,0.0021344917601048
7.0,50.0,0.5572597863020285,-6.709700151020576,1.0,5.0,0.0018092850204611
8.0,1.0,0.3231402126399157,-4.216426651118612,1.6450704920487629,5.0,0.0010491565345451
8.0,2.0,0.2703789923379928,-4.766983792610198,0.9999999999999998,5.0,0.0008778538712272
8.0,3.0,0.2545910959913743,-3.7093314855364663,1.0,5.0,0.0008265944675044
8.0,4.0,0.2641895706213873,-4.766983792610198,0.9999999999999998,5.0,0.0008577583461733
8.0,5.0,0.1918190700211008,-4.588272968200127,1.0,5.0,0.0006227891883801
8.0,6.0,0.3485381776201658,-6.073422345750817,1.6022927767706985,5.0,0.0011316174598057
8.0,7.0,0.2467709753047635,-3.425673028029764,1.0,5.0,0.0008012044652752
8.0,8.0,0.0918339736041173,-0.0918339734131028,0.0,0.0,0.0002981622519614
8.0,9.0,0.246889578114149,-3.425673028029764,1.0,5.0,0.0008015895393316
8.0,10.0,0.2622140905410527,-3.7610168277723375,1.0,5.0,0.0008513444498086
8.0,11.0,0.49929050725167,-5.95099719877522,1.795799209718665,5.0,0.0016210730754924
8.0,12.0,0.1836679472082346,-3.535947893035189,1.0,5.0,0.0005963245039228
8.0,13.0,0.1995520725673327,-3.39461068463224,1.0,5.0,0.0006478963395043
8.0,14.0,0.3740591297191585,-4.63092187374217,1.5566557157712746,5.0,0.0012144776938933
8.0,15.0,0.397245994494238,-5.099895258500302,2.0500021614141435,5.0,0.0012897597223838
8.0,16.0,0.3701082421060139,-4.630669821817712,1.562595346758953,5.0,0.0012016501367078
8.0,17.0,0.4999410931576704,-5.950872382362134,1.7947787628240215,5.0,0.001623185367395
8.0,18.0,0.1842328114844299,-3.535947893035189,1.0,5.0,0.0005981584788455
8.0,19.0,0.2903405425562474,-5.555885198982004,1.0,5.0,0.0009426640992085
8.0,20.0,0.2364442240539541,-5.329563610267444,1.0,5.0,0.0007676760521232
8.0,21.0,0.6179764498947258,-7.501288874060472,1.7146662975468974,5.0,0.0020064170451127
8.0,22.0,0.5266254348991868,-5.272955788858703,1.973110093483077,5.0,0.0017098228405817
8.0,23.0,0.6274980003952162,-5.633170054332799,2.459459710853958,5.0,0.0020373311701143
8.0,24.0,0.6616929612717657,-5.7918657233119575,2.469220972612423,5.0,0.0021483537703628
8.0,25.0,0.5734807664428229,-5.499287280687396,2.0868088991857263,5.0,0.0018619505403987
8.0,26.0,0.632876702163653,-5.343436783106608,2.279445965605824,5.0,0.0020547944875443
8.0,27.0,0.3375132052325599,-5.772889472056974,1.0,5.0,0.0010958220949109
8.0,28.0,0.3925761647135659,-4.397136341155654,1.5304289570976437,5.0,0.0012745979373817
8.0,29.0,0.4437943307262292,-4.896476035888076,1.4692924276216326,5.0,0.001440890684176
8.0,30.0,0.4974409149641104,-4.925499473082977,2.0445829101174877,5.0,0.0016150679057276
8.0,31.0,0.4951654414991141,-5.598925282246081,2.238575219964684,5.0,0.0016076800048672
8.0,32.0,0.4883035969228603,-4.976985692982368,2.0497540686345976,5.0,0.0015854012887105
8.0,33.0,0.4901544488807124,-5.599172594455493,2.251216436799756,5.0,0.001591410548314
8.0,34.0,0.5425640294485637,-5.028581190212763,1.9444374335923735,5.0,0.0017615715241836
8.0,35.0,0.4981321444640803,-6.538487139440535,1.0,5.0,0.0016173121573509
8.0,36.0,0.5432631685476091,-5.683011587017042,2.129184209351971,5.0,0.0017638414563234
8.0,37.0,0.5415509415126915,-6.549372588970633,1.0,5.0,0.0017582822776386
8.0,38.0,0.678959566095797,-5.532379562474777,2.1925121571132213,5.0,0.0022044141756357
8.0,39.0,0.5822917160595076,-5.498470620964771,2.0701545729482467,5.0,0.0018905575196737
8.0,40.0,0.6282323648077176,-5.638283193178624,2.457748144494973,5.0,0.0020397154701549
8.0,41.0,0.3970217914668625,-5.61135564580087,1.0,5.0,0.0012890317904768
8.0,42.0,0.3314956348933849,-5.74940192955283,1.0,5.0,0.0010762845288746
8.0,43.0,0.380500305029487,-5.451175683876348,1.0,5.0,0.001235390600745
8.0,44.0,0.3318014793376839,-5.74940192955283,1.0,5.0,0.0010772775303171
8.0,45.0,0.5307088073041214,-5.331104309298932,1.3815919377508477,5.0,0.0017230805431951
8.0,46.0,0.38367796222807,-6.007696576391027,1.0,5.0,0.0012457076695716
8.0,47.0,0.486940201540456,-6.564872016536877,1.0000000000000002,5.0,0.0015809746803261
8.0,48.0,0.4332956264868371,-6.283237364476086,1.0,5.0,0.0014068039821001
8.0,49.0,0.6185138245162263,-5.78574859514792,1.7475101444308572,5.0,0.0020081617679098
8.0,50.0,0.5254826313259305,-6.546422175084333,0.9999999999999996,5.0,0.0017061124393699
9.0,1.0,0.3550495165238169,-4.489057100749532,1.5883153229083875,5.0,0.0011527581705318
9.0,2.0,0.3022747501234764,-4.954144181580376,0.9999999999999998,5.0,0.0009814115263749
9.0,3.0,0.286486853776858,-4.015749656910142,1.0,5.0,0.0009301521226521
9.0,4.0,0.296085328406871,-4.954144181580376,0.9999999999999998,5.0,0.000961316001321
9.0,5.0,0.2237148278065845,-4.699430055607054,1.0,5.0,0.0007263468435278
9.0,6.0,0.376829343057959,-6.447819526248191,2.090630680607628,5.0,0.0012234718930453
9.0,7.0,0.2738659906199929,-4.020007146185281,1.762315310065817,5.0,0.0008891752942207
9.0,8.0,0.0897256385872187,-1.825198343017231,1.0,5.0,0.0002913170084
9.0,9.0,0.0405457882647293,-0.0405457881803942,0.0,0.0,0.0001316421696906
9.0,10.0,0.0810915765294587,-1.825198343017231,1.0,5.0,0.0002632843393813
9.0,11.0,0.3296058572469099,-4.67338378596785,1.0000000000000002,5.0,0.0010701488871652
9.0,12.0,0.2155637049937183,-3.815011587604763,1.0,5.0,0.0006998821590705
9.0,13.0,0.2314478303528163,-3.7176101290298336,1.0,5.0,0.000751453994652
9.0,14.0,0.406008185890038,-4.888589983792036,1.5129185580201976,5.0,0.0013182083957468
9.0,15.0,0.4289952712316476,-5.324420206034002,1.970604354555838,5.0,0.0013928417897131
9.0,16.0,0.4020574703718663,-4.888381863351408,1.517957243923673,5.0,0.0013053813973112
9.0,17.0,0.3302595897556984,-4.67338378596785,1.0,5.0,0.0010722713953107
9.0,18.0,0.2161285692699135,-3.815011587604763,1.0,5.0,0.0007017161339932
9.0,19.0,0.3222363003417311,-5.668035866706116,0.9999999999999998,5.0,0.0010462217543562
9.0,20.0,0.2683399818394378,-5.398254324400694,1.0,5.0,0.0008712337072709
9.0,21.0,0.6480567211441377,-7.649789481623898,1.679739513469821,5.0,0.0021040802634549
9.0,22.0,0.5585255283558757,-5.514394461850655,1.917364327917776,5.0,0.001813394572584
9.0,23.0,0.65937832987556,-5.864917129836,2.3887570214856715,5.0,0.0021408387333622
9.0,24.0,0.6935811505979308,-6.018055932023247,2.4015854931877088,5.0,0.0022518868525906
9.0,25.0,0.6052097167605155,-5.733674571419771,2.028662281042808,5.0,0.0019649666128588
9.0,26.0,0.6647753467204264,-5.590873631538783,2.21798758120388,5.0,0.002158361515326
9.0,27.0,0.3694089630180436,-5.902100924983875,1.0,5.0,0.0011993797500585
9.0,28.0,0.4245223376127786,-4.677195071291051,1.4905685697758742,5.0,0.0013783192779635
9.0,29.0,0.4757303294119054,-5.148360820617026,1.437818545268122,5.0,0.001544578991597
9.0,30.0,0.529246877551676,-5.185447378800768,1.980874351907159,5.0,0.0017183340180249
9.0,31.0,0.5270992083954316,-5.816388330297031,2.163735502980328,5.0,0.0017113610662189
9.0,32.0,0.5202029689495726,-5.23153887771594,1.985172390551055,5.0,0.0016889706784077
9.0,33.0,0.5220882414307855,-5.816611437986209,2.174888307578885,5.0,0.001695091692957
9.0,34.0,0.5744643075227139,-5.2854907605994645,1.8918396431314133,5.0,0.0018651438555932
9.0,35.0,0.5300279022495639,-6.694042425582757,1.0,5.0,0.0017208698124985
9.0,36.0,0.5751922005414388,-5.90297685924944,2.06664680834696,5.0,0.001867507144615
9.0,37.0,0.5734466992981749,-6.715183437684567,1.0,5.0,0.0018618399327862
9.0,38.0,0.7108585248453175,-5.772922897550507,2.1389470485910627,5.0,0.0023079822235237
9.0,39.0,0.614018844688264,-5.732943448408304,2.0137312726743297,5.0,0.0019935676775592
9.0,40.0,0.6601128349853219,-5.869891683958135,2.387207183935896,5.0,0.002143223490212
9.0,41.0,0.4227642599582014,-5.341540643014908,1.7160788485736298,5.0,0.0013726112336305
9.0,42.0,0.3633913926788685,-5.8772665317318,1.0,5.0,0.0011798421840223
9.0,43.0,0.4123960628149707,-5.636519840586819,0.9999999999999998,5.0,0.0013389482558927
9.0,44.0,0.3636972371231675,-5.8772665317318,1.0,5.0,0.0011808351854648
9.0,45.0,0.5580165036945035,-5.29461877700872,1.543874839991167,5.0,0.001811741895112
9.0,46.0,0.4155737200135536,-6.146470784445029,1.0,5.0,0.0013492653247193
9.0,47.0,0.5871150085786623,-5.983986855456927,1.8884080150665843,5.0,0.0019062175603203
9.0,48.0,0.4651913842723207,-6.427601784437541,1.0,5.0,0.0015103616372477
9.0,49.0,0.6575420339120288,-5.553346703017902,1.4620944806417993,5.0,0.0021348767334806
9.0,50.0,0.5573783891114141,-6.709757133116468,1.0,5.0,0.0018096700945175
10.0,1.0,0.3145100637164724,-4.213646320619151,1.6623683978677444,5.0,0.001021136570508
10.0,2.0,0.2617449302802327,-4.808366261518284,0.9999999999999998,5.0,0.0008498212022085
10.0,3.0,0.2459570339336143,-3.716681671811928,0.9999999999999998,5.0,0.0007985617984857
10.0,4.0,0.2555555085636273,-4.808366261518284,0.9999999999999996,5.0,0.0008297256771546
10.0,5.0,0.1831850079633407,-4.708458395156125,1.0,5.0,0.0005947565193614
10.0,6.0,0.3399633471263082,-6.108320605430401,1.6176523139175405,5.0,0.0011037771010594
10.0,7.0,0.2381369132470034,-3.43238516340004,1.0,5.0,0.0007731717962565
10.0,8.0,0.2622140905410526,-3.765551440445353,1.0,5.0,0.0008513444498086
10.0,9.0,0.2382555160563889,-3.43238516340004,1.0,5.0,0.0007735568703129
10.0,10.0,0.0875169425752373,-0.0875169423932022,0.0,0.0,0.000284145917452
10.0,11.0,0.4906581718466744,-5.944419045174793,1.8095267427836637,5.0,0.0015930460124892
10.0,12.0,0.1750338851504746,-3.607030472761635,1.0,5.0,0.0005682918349041
10.0,13.0,0.1909180105095727,-3.426318450769932,1.0,5.0,0.0006198636704856
10.0,14.0,0.3654098667933795,-4.621715945570479,1.5698083990038223,5.0,0.001186395671407
10.0,15.0,0.3886750659974239,-5.097042313856375,2.0737819613161586,5.0,0.0012619320324591
10.0,16.0,0.3614589283690176,-4.621450223543016,1.5760336069121776,5.0,0.00117356794925
10.0,17.0,0.4913087012201135,-5.944290168578267,1.8084708008144104,5.0,0.0015951581208445
10.0,18.0,0.1755987494266699,-3.607030472761635,1.0,5.0,0.0005701258098268
10.0,19.0,0.2817064804984874,-5.614938129065641,0.9999999999999998,5.0,0.0009146314301898
10.0,20.0,0.2278101619961941,-5.430301477079059,1.0,5.0,0.0007396433831045
10.0,21.0,0.6099260996984319,-7.497376932195946,1.724748742363377,5.0,0.0019802795444754
10.0,22.0,0.5179908037951239,-5.249020770356503,1.989384993272657,5.0,0.0016817883240101
10.0,23.0,0.618868931111307,-5.604211254954424,2.4798541224003863,5.0,0.0020093147114003
10.0,24.0,0.6530615415512533,-5.762904054314473,2.4886671914015537,5.0,0.0021203296803612
10.0,25.0,0.5649195939344982,-5.473210492623485,2.1036980214155934,5.0,0.0018341545257613
10.0,26.0,0.6242421896466608,-5.310102553697365,2.2971640089510745,5.0,0.0020267603559956
10.0,27.0,0.3288791431747999,-5.812583178579229,0.9999999999999998,5.0,0.0010677894258922
10.0,28.0,0.3839277474004153,-4.378766156295133,1.5423581534879458,5.0,0.0012465186603909
10.0,29.0,0.4351489126757814,-4.8787596449379285,1.4786060203924691,5.0,0.0014128211450512
10.0,30.0,0.4888370351546717,-4.899259313153307,2.063277776370898,5.0,0.0015871332310216
10.0,31.0,0.4865207248451723,-5.58538185318339,2.260518927549241,5.0,0.0015796127430038
10.0,32.0,0.4796692438945386,-4.953371349318582,2.0687186665336466,5.0,0.0015573676749822
10.0,33.0,0.4815097245090324,-5.585636323465035,2.2736144141889483,5.0,0.0015633432613929
10.0,34.0,0.5339293242216306,-4.999362045567497,1.9597598124209796,5.0,0.0017335367669533
10.0,35.0,0.4894980824063202,-6.542272128147176,1.0,5.0,0.0015892794883322
10.0,36.0,0.5346198042934937,-5.664626792490148,2.14739440328983,5.0,0.0017357785853684
10.0,37.0,0.5329168794549313,-6.546662729965337,1.0,5.0,0.0017302496086199
10.0,38.0,0.6703249213151623,-5.498430346086299,2.2078897470227257,5.0,0.0021763796146596
10.0,39.0,0.5737310741450079,-5.47236619769223,2.08652574762176,5.0,0.0018627632277435
10.0,40.0,0.6196032513267606,-5.609277309612821,2.478094415322009,5.0,0.002011698867944
10.0,41.0,0.3883877294091025,-5.621959476906995,1.0,5.0,0.0012609991214581
10.0,42.0,0.3228615728356248,-5.790762031959094,1.0,5.0,0.0010482518598559
10.0,43.0,0.371866242971727,-5.463537035334214,1.0,5.0,0.0012073579317263
10.0,44.0,0.3231674172799237,-5.790762031959094,1.0,5.0,0.0010492448612984
10.0,45.0,0.522074777153074,-5.309088497512876,1.3878966714804768,5.0,0.0016950479777697
10.0,46.0,0.3750439001703099,-6.034161715431876,1.0,5.0,0.0012176750005529
10.0,47.0,0.4783061394826959,-6.5734749185642025,1.0,5.0,0.0015529420113074
10.0,48.0,0.4246615644290771,-6.299271849711298,1.0,5.0,0.0013787713130814
10.0,49.0,0.6100756661348844,-5.760969007011372,1.7586237987609254,5.0,0.0019807651497885
10.0,50.0,0.5168485692681707,-6.545298887021029,0.9999999999999996,5.0,0.0016780797703512
11.0,1.0,0.2714675927109395,-2.574447332943682,1.0,5.0,0.0008813882880225
11.0,2.0,0.4251705570362599,-4.191929226510546,1.488568713065243,5.0,0.0013804238864813
11.0,3.0,0.2071737890664363,-1.9774763958194013,1.0,5.0,0.0006726421722936
11.0,4.0,0.4189571303480004,-4.1926897287574585,1.495904820052313,5.0,0.0013602504232077
11.0,5.0,0.3370988111716954,-3.773396606860112,1.0,5.0,0.0010944766596483
11.0,6.0,0.4969940153189225,-5.0945143543307445,1.0,5.0,0.0016136169328536
11.0,7.0,0.1878459208723145,-3.159915270741253,1.0,5.0,0.0006098893534815
11.0,8.0,0.2119230981663638,-3.5201408898470854,1.0,5.0,0.0006880620070336
11.0,9.0,0.1879645236817,-3.159915270741253,1.0,5.0,0.0006102744275379
11.0,10.0,0.2032890361086037,-3.5201408898470854,1.0,5.0,0.0006600293380149
11.0,11.0,0.0681253201416483,-0.0681253199999478,0.0,0.0,0.000221186104356
11.0,12.0,0.1362506402832966,-0.880143468628509,1.0,5.0,0.000442372208712
11.0,13.0,0.1521347656423947,-1.1046801330262368,1.0,5.0,0.0004939440442934
11.0,14.0,0.3250929506875311,-3.1939810644544595,1.0,5.0,0.0010554965931413
11.0,15.0,0.3527931184518936,-3.5205700160252125,1.0,5.0,0.0011454322027658
11.0,16.0,0.3211438962254909,-3.1939810644544595,1.0,5.0,0.0010426749877451
11.0,17.0,0.4483307625656633,-5.080685772501237,1.7718147943960183,5.0,0.0014556193589794
11.0,18.0,0.1368155045594919,-0.8801434686285093,1.0000000000000002,5.0,0.0004442061836347
11.0,19.0,0.2429232356313094,-4.371433491704597,1.0,5.0,0.0007887118039977
11.0,20.0,0.1890269171290161,-3.874353353049812,1.0,5.0,0.0006137237569123
11.0,21.0,0.5725440287183973,-6.862032996794014,1.7737973361330757,5.0,0.0018589091841506
11.0,22.0,0.4774803807359994,-4.25126384626105,1.635667139797902,5.0,0.0015502609764155
11.0,23.0,0.5778619987182962,-4.646947643203663,2.223217676426457,5.0,0.0018761753205139
11.0,24.0,0.6121078392572517,-4.852681690770762,2.24722808101353,5.0,0.0019873631144715
11.0,25.0,0.5277362158712515,-4.487933769809328,1.7857995779313467,5.0,0.0017134292723092
11.0,26.0,0.583482635318215,-4.419073487006655,2.030892872068802,5.0,0.0018944241406435
11.0,27.0,0.290095898307622,-4.730515318518827,1.0,5.0,0.0009418697997
11.0,28.0,0.3435876735479419,-2.95794214115264,1.0,5.0,0.0011155443946361
11.0,29.0,0.3947262656912577,-3.645116937510857,1.0,5.0,0.0012815787847118
11.0,30.0,0.4504097184819492,-3.391500993087321,1.0,5.0,0.0014623692158504
11.0,31.0,0.44595604191064,-4.328526134625569,1.454336898427074,5.0,0.0014479092269825
11.0,32.0,0.4391878329461658,-3.867725216850143,1.691329339837378,5.0,0.0014259345225524
11.0,33.0,0.4409475637031831,-4.329083287914084,1.4594890582515962,5.0,0.0014316479341012
11.0,34.0,0.4934133011545525,-3.988592044251008,1.6150746718037303,5.0,0.0016019912375147
11.0,35.0,0.4507148375391422,-5.781724708221203,1.0000000000000002,5.0,0.00146335986214
11.0,36.0,0.4939970554044121,-4.484538144456763,1.4102303665015272,5.0,0.0016038865435208
11.0,37.0,0.4941336345877533,-5.815211833081362,1.0000000000000002,5.0,0.0016043299824277
11.0,38.0,0.6295451553880697,-4.65867607510592,1.95532405659463,5.0,0.0020439777772339
11.0,39.0,0.5365294205726392,-4.486104427108862,1.7726406979147649,5.0,0.0017419786382228
11.0,40.0,0.5785968039054085,-4.654040130659614,2.2216610082333745,5.0,0.0018785610516409
11.0,41.0,0.3496044845419246,-4.6386944891489605,1.0,5.0,0.0011350794952659
11.0,42.0,0.2840783279684469,-4.694195271906652,1.0,5.0,0.0009223322336637
11.0,43.0,0.3330829981045491,-4.428651598996044,0.9999999999999998,5.0,0.0010814383055342
11.0,44.0,0.2843841724127459,-4.694195271906652,1.0,5.0,0.0009233252351063
11.0,45.0,0.4832885580139765,-4.462549623811754,1.4189925708684188,5.0,0.0015691186948505
11.0,46.0,0.336260655303132,-5.072633991850989,1.0,5.0,0.0010917553743608
11.0,47.0,0.4395228946155179,-5.798240733915607,1.0,5.0,0.0014270223851153
11.0,48.0,0.3858783195618991,-5.4420137073467885,1.0,5.0,0.0012528516868892
11.0,49.0,0.5712195741959433,-5.025578437452566,1.812938009693471,5.0,0.0018546090071296
11.0,50.0,0.4780653244009925,-5.806541463219434,1.0,5.0,0.001552160144159
12.0,1.0,0.2017672456938943,-2.298372724561484,0.9999999999999998,5.0,0.0006550884600451
12.0,2.0,0.3554961328110068,-3.993068955015655,1.586233014792204,5.0,0.0011542082234123
12.0,3.0,0.1374734420493911,-1.7043826751324007,1.0,5.0,0.0004463423443162
12.0,4.0,0.3492767448127008,-3.9943011621650224,1.5968278345288571,5.0,0.001134015405236
12.0,5.0,0.2673984641546502,-3.692493798414337,1.0,5.0,0.0008681768316709
12.0,6.0,0.4272936683018773,-4.9491427286424985,1.0,5.0,0.0013873171048762
12.0,7.0,0.3311691905981671,-3.899733465948079,1.6376298691153317,5.0,0.0010752246447992
12.0,8.0,0.3550940788568132,-4.223515676730616,1.593781384947992,5.0,0.0011529028534312
12.0,9.0,0.3312878466568174,-3.8997050625453142,1.6373980044599012,5.0,0.0010756098917429
12.0,10.0,0.3464558177517277,-4.225337838099054,1.6087941976096256,5.0,0.0011248565511419
12.0,11.0,0.3761818967332727,-4.701214915217463,1.0,5.0,0.0012213697945885
12.0,12.0,0.0412172093126747,-0.041217209226943,0.0,0.0,0.000133822108158
12.0,13.0,0.0824344186253495,-0.5334296504921097,0.9999999999999998,5.0,0.000267644216316
12.0,14.0,0.2553926036704858,-2.9591289062384893,1.0,5.0,0.0008291967651639
12.0,15.0,0.2795440298641948,-3.756107286325774,1.7613417425214657,5.0,0.000907610486572
12.0,16.0,0.2514435492084456,-2.9591289062384893,1.0,5.0,0.0008163751597676
12.0,17.0,0.3768356292420611,-4.701214915217463,1.0,5.0,0.0012234923027339
12.0,18.0,0.2694364104621519,-3.078391423402784,1.0,5.0,0.0008747935404615
12.0,19.0,0.1732228886142642,-5.150700689086597,1.0,5.0,0.0005624119760203
12.0,20.0,0.1193265701119709,-5.471823518963985,1.0,5.0,0.0003874239289349
12.0,21.0,0.5079583370919226,-6.823637022899917,1.8810309776582352,5.0,0.0016492153801685
12.0,22.0,0.4078269956509087,-3.973255626104804,1.7447242436376484,5.0,0.0013241136222432
12.0,23.0,0.5081942421612385,-4.321567051758577,2.3911877883196517,5.0,0.0016499813057183
12.0,24.0,0.5424282120331216,-4.537950972153356,2.407629304785934,5.0,0.001761130558549
12.0,25.0,0.4571156566145347,-4.270159319995062,1.8929944150549236,5.0,0.0014841417422549
12.0,26.0,0.513816556780218,-4.069492435947081,2.171001125202688,5.0,0.0016682355739617
12.0,27.0,0.2203955512905767,-5.221696403801214,1.0,5.0,0.0007155699717226
12.0,28.0,0.2738873265308967,-2.618775611383712,1.0,5.0,0.0008892445666587
12.0,29.0,0.3250259186742125,-3.377111631599524,1.0,5.0,0.0010552789567344
12.0,30.0,0.3790401839437694,-3.497710378953458,1.8249796112183077,5.0,0.0012306499478693
12.0,31.0,0.3762616571823342,-4.12440074753024,1.5382940869810873,5.0,0.0012216287570855
12.0,32.0,0.3695468952270709,-3.5702133430770733,1.8222893845724728,5.0,0.001199827581906
12.0,33.0,0.3712537459540903,-4.125232631745753,1.5455415173320128,5.0,0.0012053693050457
12.0,34.0,0.4237100454561665,-3.691265692524568,1.7169456815338178,5.0,0.0013756819657667
12.0,35.0,0.381014490522097,-5.836478812538276,1.0,5.0,0.0012370600341626
12.0,36.0,0.424303840153694,-4.244700390903119,1.477471539828879,5.0,0.0013776098706288
12.0,37.0,0.424433287570708,-5.799629537660959,1.0,5.0,0.0013780301544503
12.0,38.0,0.5598714006320588,-4.312782094529807,2.074457178122996,5.0,0.0018177642877664
12.0,39.0,0.4658896700427542,-4.269482064815065,1.8760511825401087,5.0,0.0015126287988401
12.0,40.0,0.5089287618385331,-4.328662251854768,2.3891745990439666,5.0,0.0016523661098653
12.0,41.0,0.2799041375248793,-4.749932643644018,1.0,5.0,0.0009087796672885
12.0,42.0,0.2143779809514017,-5.208459317486334,0.9999999999999998,5.0,0.0006960324056863
12.0,43.0,0.2633826510875039,-4.5532739771813295,1.0,5.0,0.0008551384775568
12.0,44.0,0.2146838253957006,-5.208459317486334,1.0,5.0,0.0006970254071288
12.0,45.0,0.4135857000736739,-4.224337484078943,1.489518298206248,5.0,0.0013428107145249
12.0,46.0,0.2665603082860868,-5.390589882048726,1.0,5.0,0.0008654555463833
12.0,47.0,0.3698225475984728,-5.907419146879925,1.0,5.0,0.0012007225571378
12.0,48.0,0.3161779725448539,-5.634811276535508,1.0,5.0,0.0010265518589118
12.0,49.0,0.5034500536970397,-4.776262023558266,1.933155368065782,5.0,0.0016345780964189
12.0,50.0,0.4083649773839473,-5.807868906636704,1.0,5.0,0.0013258603161816
13.0,1.0,0.1617982212483928,-2.238184720996585,1.0,5.0,0.0005253189001571
13.0,2.0,0.3155892369514366,-3.925627240410877,1.6621395154315566,5.0,0.0010246403797124
13.0,3.0,0.0975044176038897,-1.7572871153076373,1.0000000000000002,5.0,0.0003165727844282
13.0,4.0,0.3093654530717949,-3.927317190725112,1.675688268224031,5.0,0.0010044332891941
13.0,5.0,0.2274294397091488,-3.766591286412085,1.0,5.0,0.0007384072717829
13.0,6.0,0.3873246438563759,-4.9073933264650265,1.0,5.0,0.0012575475449882
13.0,7.0,0.2920055498369841,-3.210025473149505,1.0000000000000002,5.0,0.0009480699670031
13.0,8.0,0.3160827271310333,-3.5703808031259725,1.0000000000000002,5.0,0.0010262426205553
13.0,9.0,0.2921241526463696,-3.210025473149505,1.0000000000000002,5.0,0.0009484550410596
13.0,10.0,0.3074486650732733,-3.5703808031259725,1.0000000000000002,5.0,0.0009982099515366
13.0,11.0,0.5527597765770048,-5.606794221625265,1.8249087726756563,5.0,0.0017946745992759
13.0,12.0,0.2289025217404552,-3.0239146259013143,1.0000000000000002,5.0,0.0007431900056508
13.0,13.0,0.0487522088019448,-0.0487522087005403,0.0,0.0,0.0001582863922141
13.0,14.0,0.2154235792249844,-2.8988377982382136,1.0,5.0,0.0006994272052759
13.0,15.0,0.2431237469893469,-3.261334606891703,1.0,5.0,0.0007893628149004
13.0,16.0,0.2114745247629442,-2.8988377982382136,1.0,5.0,0.0006866055998796
13.0,17.0,0.5534142120341123,-5.606639135275944,1.8239292593099616,5.0,0.0017967993897211
13.0,18.0,0.2294673860166505,-3.0239146259013143,1.0000000000000004,5.0,0.0007450239805735
13.0,19.0,0.3511236861656829,-4.439824640896676,0.9999999999999998,5.0,0.0011400119680703
13.0,20.0,0.2932782246745204,-4.152873809191832,1.7118095239003863,5.0,0.000952202028164
13.0,21.0,0.4803670293213887,-6.256649850739569,1.0,5.0,0.0015596332120824
13.0,22.0,0.3682699422434051,-3.35915579660396,1.0,5.0,0.0011956816306604
13.0,23.0,0.4686539374715959,-3.916384821804142,1.8622175344638952,5.0,0.0015216036930895
13.0,24.0,0.5029209665256837,-4.146397591735566,1.9161135452514524,5.0,0.0016328602809275
13.0,25.0,0.4200364448906831,-3.6313337958363214,1.2437908338469987,5.0,0.0013637546912035
13.0,26.0,0.4742283159085856,-3.6347449476965528,1.629891254432415,5.0,0.0015397023243785
13.0,27.0,0.3955195582164912,-3.0591678450941258,1.0,5.0,0.0012841544097938
13.0,28.0,0.2339183020853953,-2.458910599668025,1.0,5.0,0.0007594750067707
13.0,29.0,0.2850568942287111,-3.262033101469733,1.0,5.0,0.0009255093968464
13.0,30.0,0.3407403470194025,-2.7573908724864378,1.0,5.0,0.001106299827985
13.0,31.0,0.3362938335640771,-4.048141446179985,1.6020961621483218,5.0,0.0010918630959872
13.0,32.0,0.3299476033677583,-2.889150822787716,1.0,5.0,0.0010712584524927
13.0,33.0,0.3312863427915807,-4.049219487488664,1.6111779340207688,5.0,0.0010756050090635
13.0,34.0,0.3842051381236652,-3.009553218148252,1.0,5.0,0.0012474192796222
13.0,35.0,0.5615382779479905,-4.760894241940026,1.0,5.0,0.0018231762271038
13.0,36.0,0.3843376957627852,-4.133257190668756,1.5270065706652067,5.0,0.0012478496615674
13.0,37.0,0.5861082864769367,-5.409764284294844,1.503400991969657,5.0,0.0019029489820679
13.0,38.0,0.5202971212585452,-3.897327408213621,1.5739809266235751,5.0,0.0016892763677225
13.0,39.0,0.4287924518882446,-3.631784846877697,1.238816612589881,5.0,0.0013921832853514
13.0,40.0,0.469388853008488,-3.924065196525555,1.8608646828659776,5.0,0.001523989782495
13.0,41.0,0.4578049350762978,-4.952611583816947,1.0,5.0,0.0014863796593386
13.0,42.0,0.394901768377295,-2.9130316788639155,1.0,5.0,0.0012821485986275
13.0,43.0,0.4439064385133974,-3.096903404005696,0.9999999999999998,5.0,0.001441254670498
13.0,44.0,0.395207612821594,-2.9130316788639155,1.0,5.0,0.0012831416000701
13.0,45.0,0.5930045694117843,-3.725852976195055,1.0,5.0,0.0019253395110772
13.0,46.0,0.4470840957119802,-3.568011060391096,0.9999999999999998,5.0,0.0014515717393246
13.0,47.0,0.5503463350243661,-4.68814457078844,1.0000000000000002,5.0,0.0017868387500791
13.0,48.0,0.4967017599707473,-4.157083986850355,1.0,5.0,0.001612668051853
13.0,49.0,0.6925449099274689,-4.272324349633049,1.0,5.0,0.0022485224348294
13.0,50.0,0.5888887648098408,-4.883720731843855,0.9999999999999996,5.0,0.0019119765091228
14.0,1.0,0.2200088196205103,-2.7244761438111453,1.0,5.0,0.0007143143494172
14.0,2.0,0.3737469825109646,-4.242956570862668,1.5570874106955952,5.0,0.0012134642289317
14.0,3.0,0.1557150159760072,-2.283058616240715,1.0,5.0,0.0005055682336883
14.0,4.0,0.3675294356038195,-4.244051446841753,1.5666461184148217,5.0,0.001193277388324
14.0,5.0,0.2856400380812663,-3.975796889173981,1.0000000000000002,5.0,0.000927402721043
14.0,6.0,0.4455352422284934,-5.151499364368113,1.0,5.0,0.0014465429942483
14.0,7.0,0.3477825209126718,-4.1183904980525785,1.6025017057339292,5.0,0.0011291640289372
14.0,8.0,0.3716168640345166,-4.418652777376869,1.5632853357310266,5.0,0.0012065482598523
14.0,9.0,0.3479010061493933,-4.11840913659988,1.6022951465658837,5.0,0.0011295487212642
14.0,10.0,0.3629913807301809,-4.417460717830659,1.5767470356513174,5.0,0.0011785434439291
14.0,11.0,0.393361519242526,-4.205656300169951,1.0000000000000002,5.0,0.0012771477897484
14.0,12.0,0.2873201158241543,-3.6469484751869903,1.7013266912643783,5.0,0.0009328575189095
14.0,13.0,0.303233523535874,-3.708115429883336,1.6644707348629513,5.0,0.0009845244270645
14.0,14.0,0.0412012859735908,-0.0412012858878922,0.0,0.0,0.0001337704090051
14.0,15.0,0.0824025719471816,-1.813494389378999,1.0,5.0,0.0002675408180103
14.0,16.0,0.2696851231350617,-3.2979438196438444,1.0,5.0,0.0008756010491398
14.0,17.0,0.3940152517513144,-4.205656300169951,1.0000000000000002,5.0,0.0012792702978938
14.0,18.0,0.2878849283372475,-3.646894860209469,1.699951354257044,5.0,0.0009346913257702
14.0,19.0,0.1904025111235175,-3.651487306783437,1.0,5.0,0.0006181899711802
14.0,20.0,0.1365061926212242,-2.919419842567324,1.0,5.0,0.0004432019240948
14.0,21.0,0.4584991919144863,-7.4910714783817935,1.0,5.0,0.001488633739982
14.0,22.0,0.4252608023540207,-4.116162112278547,1.7105818317810209,5.0,0.0013807168907598
14.0,23.0,0.5249075608941478,-4.709466281206959,1.7752408811572835,5.0,0.0017042453275784
14.0,24.0,0.559207038840884,-4.888182304595116,1.8294811998822773,5.0,0.0018156072689639
14.0,25.0,0.4709630933180518,-4.450144830738305,1.859049175220328,5.0,0.0015291009523313
14.0,26.0,0.5313687432345998,-4.120926015520616,1.568828953042349,5.0,0.0017252231923201
14.0,27.0,0.23757517379983,-4.104396817666755,1.0,5.0,0.0007713479668825
14.0,28.0,0.2916290293838831,-3.417593284327836,1.706500111639124,5.0,0.0009468474979996
14.0,29.0,0.3426871334033396,-4.041466046406259,1.6003760258062754,5.0,0.0011126205629978
14.0,30.0,0.395189841162446,-3.667351704670812,1.7845713127420222,5.0,0.001283083899878
14.0,31.0,0.394502402482405,-4.366246710211974,1.5134618627535823,5.0,0.0012808519561117
14.0,32.0,0.3869447855735468,-3.740905960812823,1.7813934797123552,5.0,0.0012563142388751
14.0,33.0,0.3894943258935402,-4.366989984893841,1.520051953641693,5.0,0.0012645919671868
14.0,34.0,0.4410517093735839,-3.840628947418737,1.6854102922303116,5.0,0.0014319860693947
14.0,35.0,0.3981941130313501,-5.2998137003020425,1.0000000000000004,5.0,0.0012928380293225
14.0,36.0,0.4425440376865924,-4.477354731165537,1.4578315744890793,5.0,0.0014368312911902
14.0,37.0,0.4416129100799613,-5.329970501583107,1.0,5.0,0.0014338081496102
14.0,38.0,0.5773656169305061,-4.374485353041658,1.523504246480809,5.0,0.0018745636913328
14.0,39.0,0.479806202117055,-4.450561482769618,1.8430973031297329,5.0,0.0015578123445358
14.0,40.0,0.5256436791036747,-4.71540063735303,1.7741591753043395,5.0,0.0017066353217651
14.0,41.0,0.2970837600341326,-3.983924009461137,1.0000000000000002,5.0,0.0009645576624484
14.0,42.0,0.2315576034606549,-4.060173776657738,1.0000000000000002,5.0,0.0007518104008462
14.0,43.0,0.2805622735967572,-3.72951062264729,1.0,5.0,0.0009109164727167
14.0,44.0,0.2318634479049539,-4.060173776657738,1.0,5.0,0.0007528034022888
14.0,45.0,0.4311527340279095,-3.8330333018246954,1.468699731704408,5.0,0.0013998465390516
14.0,46.0,0.28373993079534,-4.509179769561106,1.0000000000000002,5.0,0.0009212335415433
14.0,47.0,0.3870021701077261,-5.324659142911028,1.0000000000000002,5.0,0.0012565005522978
14.0,48.0,0.3333575950541072,-4.929516114854268,1.0000000000000004,5.0,0.0010823298540717
14.0,49.0,0.5186959557646402,-4.48407096597624,1.9051193417881245,5.0,0.0016840777784566
14.0,50.0,0.4255445998932006,-5.321945165397523,1.0000000000000002,5.0,0.0013816383113415
15.0,1.0,0.1972384548264867,-2.2861964652660074,1.0000000000000002,5.0,0.0006403845935924
15.0,2.0,0.3509720829578662,-3.9832548670027257,1.593947811254071,5.0,0.0011395197498632
15.0,3.0,0.1329446511819836,-1.697229528215468,1.0,5.0,0.0004316384778635
15.0,4.0,0.3447522370461776,-3.984529902346901,1.6048259793749322,5.0,0.0011193254449551
15.0,5.0,0.2628696732872428,-3.6949227565380713,1.0,5.0,0.0008534729652183
15.0,6.0,0.4227648774344699,-4.942543516524296,1.0,5.0,0.0013726132384236
15.0,7.0,0.325229025444893,-3.82842118303493,1.6449691858181787,5.0,0.0010559383943016
15.0,8.0,0.3490444405523889,-4.153578971931019,1.6002335476348142,5.0,0.0011332611706246
15.0,9.0,0.3253475099426979,-3.828442384949514,1.644732479095515,5.0,0.0010563230842295
15.0,10.0,0.3404191248268287,-4.152227395525748,1.615543647907167,5.0,0.0011052568987884
15.0,11.0,0.3705911544485025,-3.940597605483988,1.0,5.0,0.0012032180339237
15.0,12.0,0.2643427553185492,-3.068517488733004,1.0000000000000002,5.0,0.0008582556990861
15.0,13.0,0.2804360078907595,-3.378593049915584,1.7185386146868775,5.0,0.0009105065191258
15.0,14.0,0.2508638128030784,-2.948532030100507,1.0000000000000002,5.0,0.0008144928987112
15.0,15.0,0.0568679139136003,-0.0568679137953152,0.0,0.0,0.000184636084135
15.0,16.0,0.2469147583410382,-2.948532030100507,1.0000000000000002,5.0,0.000801671293315
15.0,17.0,0.3712448869572909,-3.940597605483988,1.0,5.0,0.0012053405420691
15.0,18.0,0.2649076195947444,-3.068517488733004,1.0000000000000002,5.0,0.0008600896740089
15.0,19.0,0.167632146329494,-3.339907335207923,1.0,5.0,0.0005442602153555
15.0,20.0,0.1137358278272007,-2.420229555439698,0.9999999999999998,5.0,0.0003692721682701
15.0,21.0,0.4357288271204627,-7.410634321870208,1.0,5.0,0.0014147039841573
15.0,22.0,0.4025324870647782,-3.840679364004115,1.750801581376743,5.0,0.0013069236593012
15.0,23.0,0.502121314391659,-4.452595631404541,2.2120464831885505,5.0,0.0016302640077651
15.0,24.0,0.5364468054446521,-4.644739468902129,2.2406168495235272,5.0,0.0017417104072878
15.0,25.0,0.4467990851533113,-4.201786320833588,1.9087452937229292,5.0,0.0014506463803678
15.0,26.0,0.5086422329518971,-3.85243403132122,1.5942524626762866,5.0,0.0016514358212723
15.0,27.0,0.2148048090058065,-3.846653635830529,1.0,5.0,0.0006974182110578
15.0,28.0,0.2689021529237241,-3.0766281236817443,1.7668572697914091,5.0,0.000873058938064
15.0,29.0,0.3199473575929601,-3.762694064179753,1.6434098433252182,5.0,0.001038790122055
15.0,30.0,0.372576602519389,-3.361792448094968,1.8332425399374428,5.0,0.0012096642938941
15.0,31.0,0.3717331135503645,-4.113872418862719,1.544835824906304,5.0,0.0012069256933453
15.0,32.0,0.3643018394444227,-3.4161519713083512,1.8298530117052207,5.0,0.0011827981800143
15.0,33.0,0.3667252459418466,-4.114728069467974,1.5522616933691165,5.0,0.001190666382928
15.0,34.0,0.4183404861395487,-3.5457922097173213,1.7226641673840728,5.0,0.0013582483316219
15.0,35.0,0.3754237482373268,-5.105617705054442,1.0000000000000002,5.0,0.0012189082734978
15.0,36.0,0.4197754369849874,-4.230876445755624,1.4826114152557477,5.0,0.0013629072629382
15.0,37.0,0.4188425452859378,-5.131746617201372,1.0,5.0,0.0013598783937855
15.0,38.0,0.5546335764474256,-4.121561483437851,1.5449612026256956,5.0,0.001800758365089
15.0,39.0,0.4555931824568623,-4.2019941094607685,1.89116686599387,5.0,0.0014791986443404
15.0,40.0,0.5028574633489001,-4.45893363057403,2.210275797312474,5.0,0.0016326541017821
15.0,41.0,0.2743133952401091,-3.702979279584524,1.0000000000000002,5.0,0.0008906279066237
15.0,42.0,0.2087872386666314,-3.798278696021094,1.0,5.0,0.0006778806450215
15.0,43.0,0.2577919088027336,-3.4241472614235287,1.0000000000000002,5.0,0.0008369867168919
15.0,44.0,0.2090930831109303,-3.798278696021094,1.0,5.0,0.000678873646464
15.0,45.0,0.4083537938487984,-3.544063329631322,1.4948945810635896,5.0,0.0013258240060025
15.0,46.0,0.2609695660013165,-4.282197312645369,1.0,5.0,0.0008473037857185
15.0,47.0,0.3642318053137025,-5.13643113531549,1.0,5.0,0.001182570796473
15.0,48.0,0.3105872302600837,-4.72513065354261,1.0,5.0,0.001008400098247
15.0,49.0,0.4963189422756811,-4.237683896406175,1.9497102694263848,5.0,0.0016114251372587
15.0,50.0,0.4027742350991771,-5.124604474870729,1.0,5.0,0.0013077085555168
16.0,1.0,0.2160597651584702,-2.71837664007902,1.0,5.0,0.000701492744021
16.0,2.0,0.3698010378248155,-4.235218585986296,1.5631485278398238,5.0,0.0012006527202104
16.0,3.0,0.151765961513967,-2.2867886127316908,1.0,5.0,0.0004927466282921
16.0,4.0,0.3635831281586977,-4.236345223425399,1.5729182367068937,5.0,0.0011804647018139
16.0,5.0,0.2816909836192262,-3.978410219959102,1.0,5.0,0.0009145811156468
16.0,6.0,0.4415861877664532,-5.146001361195861,1.0,5.0,0.0014337213888521
16.0,7.0,0.3438726085031324,-4.1095062290786,1.6094612467250866,5.0,0.001116469508127
16.0,8.0,0.3677034592999381,-4.410483282005551,1.5693636200415184,5.0,0.0011938424003244
16.0,9.0,0.343991093605543,-4.1095253001032575,1.6092498876932133,5.0,0.0011168542000179
16.0,10.0,0.3590780045786,-4.40926431716334,1.5831210260923407,5.0,0.0011658376772032
16.0,11.0,0.3894124647804858,-4.194719985529581,1.0,5.0,0.0012643261843522
16.0,12.0,0.2833701792119257,-3.6438382009655776,1.7110949666949855,5.0,0.0009200330493893
16.0,13.0,0.299283033832867,-3.700558959831728,1.6732382366182452,5.0,0.000971698161795
16.0,14.0,0.2696851231350617,-3.2909686136090643,1.0,5.0,0.0008756010491398
16.0,15.0,0.0784535174851414,-1.88961691239632,1.0,5.0,0.000254719212614
16.0,16.0,0.0392267587425707,-0.0392267586609791,0.0,0.0,0.000127359606307
16.0,17.0,0.3900661972892743,-4.194719985529581,1.0,5.0,0.0012664486924976
16.0,18.0,0.2839349909991341,-3.643782902522545,1.709681089291517,5.0,0.0009218668538932
16.0,19.0,0.1864534566614774,-3.6805261119552304,1.0,5.0,0.000605368365784
16.0,20.0,0.1325571381591841,-2.970857865287104,1.0,5.0,0.0004303803186986
16.0,21.0,0.4545501374524461,-7.50563380854335,1.0,5.0,0.0014758121345858
16.0,22.0,0.4213190025459261,-4.10091251658336,1.7172453675125037,5.0,0.0013679188394348
16.0,23.0,0.5209587538211543,-4.694215506152841,1.7811001653759184,5.0,0.0016914245253933
16.0,24.0,0.5552585319900999,-4.872884744505889,1.8353675503562965,5.0,0.0018027874415262
16.0,25.0,0.4670016569275044,-4.435111490104292,1.8664216854990603,5.0,0.0015162391458685
16.0,26.0,0.527427243993814,-4.099980180608915,1.5730810541720088,5.0,0.001712426116863
16.0,27.0,0.2336261193377899,-4.123188226094829,1.0,5.0,0.0007585263614863
16.0,28.0,0.2876873453789487,-3.4094105498664704,1.716277388004895,5.0,0.0009340498226589
16.0,29.0,0.3387432805250343,-4.03472876881836,1.6074219070105091,5.0,0.0010998158458605
16.0,30.0,0.39127099510316,-3.650290681718535,1.7926004783447171,5.0,0.0012703603737115
16.0,31.0,0.3905536460005866,-4.3578444739857,1.5186414360161449,5.0,0.0012680313181837
16.0,32.0,0.3830078862627489,-3.72409079734918,1.789439801638539,5.0,0.0012435320982556
16.0,33.0,0.3855456042755728,-4.358605465177072,1.5253660243987053,5.0,0.0012517714424531
16.0,34.0,0.4371128347024979,-3.821497032209973,1.6915934271524726,5.0,0.0014191975152678
16.0,35.0,0.3942450585693102,-5.299990222756115,1.0,5.0,0.0012800164239263
16.0,36.0,0.4385953677424697,-4.466130021412705,1.461945101636557,5.0,0.0014240109342287
16.0,37.0,0.4376638556179213,-5.326447681841197,1.0,5.0,0.001420986544214
16.0,38.0,0.5734231686686505,-4.353925691567779,1.527103575412971,5.0,0.0018617635346384
16.0,39.0,0.4758454322900808,-4.435531747405255,1.850197236471784,5.0,0.0015449527022405
16.0,40.0,0.5216948846136081,-4.700125905970874,1.7800020581038534,5.0,0.0016938145604337
16.0,41.0,0.2931347055720925,-3.983749712676212,1.0,5.0,0.0009517360570522
16.0,42.0,0.2276085489986148,-4.079835342668583,1.0,5.0,0.00073898879545
16.0,43.0,0.276613219134717,-3.728945112466583,1.0,5.0,0.0008980948673205
16.0,44.0,0.2279143934429138,-4.079835342668583,1.0,5.0,0.0007399817968925
16.0,45.0,0.4271990432472374,-3.815445909146322,1.4730420934945658,5.0,0.0013870098806728
16.0,46.0,0.2797908763332999,-4.521161896111441,1.0,5.0,0.000908411936147
16.0,47.0,0.3830531156456859,-5.327777199480845,1.0,5.0,0.0012436789469015
16.0,48.0,0.3294085405920671,-4.936269802611585,1.0,5.0,0.0010695082486755
16.0,49.0,0.5148629766914319,-4.467577604235953,1.9125480069668512,5.0,0.0016716330412059
16.0,50.0,0.4215955454311604,-5.319310696643863,1.0,5.0,0.0013688167059453
17.0,1.0,0.272121325219728,-2.5775465312247148,1.0,5.0,0.0008835107961679
17.0,2.0,0.4258243523306451,-4.194122400636676,1.4878065222119763,5.0,0.0013825465984761
17.0,3.0,0.2078275215752247,-1.9808461794586856,1.0,5.0,0.000674764680439
17.0,4.0,0.4196109731041033,-4.194879725943207,1.4951195824217196,5.0,0.001362373289299
17.0,5.0,0.3377525436804838,-3.7749216293620975,1.0000000000000002,5.0,0.0010965991677937
17.0,6.0,0.4976477478277109,-5.096191764922005,1.0,5.0,0.001615739440999
17.0,7.0,0.188499653381103,-3.1571662972144923,1.0000000000000002,5.0,0.0006120118616269
17.0,8.0,0.2125768306751522,-3.517944011039063,1.0,5.0,0.000690184515179
17.0,9.0,0.1886182561904885,-3.1571662972144923,1.0,5.0,0.0006123969356834
17.0,10.0,0.2039427686173922,-3.517944011039063,1.0,5.0,0.0006621518461603
17.0,11.0,0.4483319652492121,-5.081943423490496,1.7718147943960183,5.0,0.0014556232637961
17.0,12.0,0.1369043727920851,-0.8854643292683618,1.0,5.0,0.0004444947168574
17.0,13.0,0.1527884981511832,-1.1098696379192508,1.0,5.0,0.0004960665524389
17.0,14.0,0.3257466831963195,-3.1966335591033737,1.0,5.0,0.0010576191012867
17.0,15.0,0.353446850960682,-3.5229717211278926,0.9999999999999998,5.0,0.0011475547109113
17.0,16.0,0.3217976287342793,-3.1966335591033737,1.0,5.0,0.0010447974958905
17.0,17.0,0.0684521863960425,-0.0684521862536621,0.0,0.0,0.0002222473584287
17.0,18.0,0.1374692370682804,-0.8854643292683618,1.0,5.0,0.0004463286917801
17.0,19.0,0.2435769681400979,-4.368072687398332,1.0,5.0,0.0007908343121431
17.0,20.0,0.1896806496378046,-3.8684450818103793,1.0,5.0,0.0006158462650578
17.0,21.0,0.5731515455643729,-6.862674096133623,1.7729154319730511,5.0,0.0018608816414427
17.0,22.0,0.4781337494808867,-4.253993320204285,1.63479525929876,5.0,0.0015523823035093
17.0,23.0,0.5785154784892798,-4.650000162898209,2.221834035456045,5.0,0.001878297008082
17.0,24.0,0.6127614123749632,-4.855640703140082,2.245896503941146,5.0,0.0019894851051135
17.0,25.0,0.5283800731469065,-4.4908567209961765,1.7848044953086122,5.0,0.0017155197180094
17.0,26.0,0.584136101646517,-4.422329671618127,2.029737297830573,5.0,0.0018965457845666
17.0,27.0,0.2907496308164105,-4.728353282064519,1.0,5.0,0.0009439923078454
17.0,28.0,0.3442414060567304,-2.9613188721314616,1.0,5.0,0.0011176669027815
17.0,29.0,0.3953799982000462,-3.6478830175589785,1.0000000000000002,5.0,0.0012837012928572
17.0,30.0,0.4510634509907376,-3.395249524580564,1.0,5.0,0.0014644917239959
17.0,31.0,0.4466097052900668,-4.330731775519685,1.4536732373336323,5.0,0.001450031510682
17.0,32.0,0.4398411056124716,-3.8706369176241866,1.6902982046711217,5.0,0.0014280555377028
17.0,33.0,0.4416012225647469,-4.331286982557802,1.4588102712430389,5.0,0.0014337702031322
17.0,34.0,0.4940666846422689,-3.991772532369106,1.6142583294905344,5.0,0.0016041126124748
17.0,35.0,0.4513685700479307,-5.7818842029909785,1.0,5.0,0.0014654823702854
17.0,36.0,0.4946507141461148,-4.4869759235067965,1.4096892293877217,5.0,0.0016060088121627
17.0,37.0,0.4947873670965418,-5.815858078008734,1.0,5.0,0.0016064524905731
17.0,38.0,0.6301986800358712,-4.661890220087227,1.9543316086203253,5.0,0.002046099610506
17.0,39.0,0.5371732780318434,-4.489032104029215,1.771678668319487,5.0,0.0017440690845189
17.0,40.0,0.5792502858391849,-4.657092214527568,2.2202808846933197,5.0,0.0018806827462311
17.0,41.0,0.3502582170507131,-4.638760796208693,1.0,5.0,0.0011372020034114
17.0,42.0,0.2847320604772353,-4.691929622503935,1.0000000000000002,5.0,0.0009244547418092
17.0,43.0,0.3337367306133376,-4.428706488171732,1.0,5.0,0.0010835608136796
17.0,44.0,0.2850379049215343,-4.691929622503935,1.0,5.0,0.0009254477432517
17.0,45.0,0.4839423030775373,-4.464979433991852,1.4184271613563677,5.0,0.0015712412437582
17.0,46.0,0.3369143878119204,-5.071297302300682,1.0,5.0,0.0010938778825062
17.0,47.0,0.4401766271243064,-5.798025006827627,1.0000000000000002,5.0,0.0014291448932607
17.0,48.0,0.3865320520706876,-5.441330987561816,1.0000000000000002,5.0,0.0012549741950347
17.0,49.0,0.5718574301317181,-5.028013503450469,1.8119577525614692,5.0,0.0018566799679601
17.0,50.0,0.478719056909781,-5.80706939996402,1.0,5.0,0.0015542826523044
18.0,1.0,0.2023321099700895,-2.2999633354821327,1.0,5.0,0.0006569224349678
18.0,2.0,0.3560604400481706,-3.9943264506141727,1.585284806494265,5.0,0.0011560403897667
18.0,3.0,0.1380383063255863,-1.705424942803944,1.0000000000000002,5.0,0.0004481763192389
18.0,4.0,0.3498411084867668,-3.995553450951545,1.5958450633645564,5.0,0.0011358477548271
18.0,5.0,0.2679633284308454,-3.692278062608236,1.0000000000000002,5.0,0.0008700108065936
18.0,6.0,0.4278585325780725,-4.949995346995729,1.0000000000000002,5.0,0.0013891510797989
18.0,7.0,0.3317308335079444,-3.9012558199648977,1.6365270869194295,5.0,0.00107704816074
18.0,8.0,0.3556558229491069,-4.224866088940992,1.5928249734302191,5.0,0.0011547266978867
18.0,9.0,0.3318494896380295,-3.9012275113251,1.6362960236188375,5.0,0.0010774334079156
18.0,10.0,0.3470175588996133,-4.226682338885367,1.6077888433318843,5.0,0.0011266803860377
18.0,11.0,0.3767467610094679,-4.701766196165511,1.0,5.0,0.0012232037695112
18.0,12.0,0.2694364104621519,-3.079676638556188,1.0,5.0,0.0008747935404615
18.0,13.0,0.0829992829015448,-0.538208319398641,1.0000000000000002,5.0,0.0002694781912387
18.0,14.0,0.255957467946681,-2.960504796689702,1.0,5.0,0.0008310307400866
18.0,15.0,0.2800996909744511,-3.756225564045961,1.7597189824769168,5.0,0.0009094145810858
18.0,16.0,0.2520084134846408,-2.960504796689702,1.0000000000000002,5.0,0.0008182091346903
18.0,17.0,0.3774004935182563,-4.701766196165511,1.0,5.0,0.0012253262776566
18.0,18.0,0.0414996414507724,-0.0414996413644532,0.0,0.0,0.0001347390956193
18.0,19.0,0.1737877528904595,-5.139324583789306,1.0,5.0,0.000564245950943
18.0,20.0,0.1198914343881662,-5.44468715038846,1.0,5.0,0.0003892579038576
18.0,21.0,0.508480823177864,-6.823674974490421,1.8800420588697309,5.0,0.0016509117635644
18.0,22.0,0.4083914051261932,-3.975377292309259,1.7436902310794369,5.0,0.0013259461205395
18.0,23.0,0.5087587902416195,-4.324196969260036,2.3896413223142985,5.0,0.0016518142540312
18.0,24.0,0.5429928739891471,-4.540488453736916,2.4061637331330106,5.0,0.0017629638765881
18.0,25.0,0.4576730654383609,-4.272543847021611,1.8918847784616573,5.0,0.0014859515111635
18.0,26.0,0.514381089332902,-4.072340571389769,2.169712760747498,5.0,0.00167006847186
18.0,27.0,0.220960415566772,-5.214826065858126,1.0000000000000002,5.0,0.0007174039466453
18.0,28.0,0.274452190807092,-2.6212837531328894,1.0000000000000002,5.0,0.0008910785415814
18.0,29.0,0.3255907829504078,-3.3789989488052177,1.0000000000000002,5.0,0.0010571129316571
18.0,30.0,0.379601557884305,-3.5002676057977298,1.8237202669349268,5.0,0.0012324725905334
18.0,31.0,0.3768264889910422,-4.125743115872483,1.5374891553170535,5.0,0.0012234626265942
18.0,32.0,0.3701111846037082,-3.5724913402374923,1.8210289452253143,5.0,0.0012016596902717
18.0,33.0,0.3718185723885306,-4.126572099142994,1.5447147815978142,5.0,0.0012072031571056
18.0,34.0,0.4242742378338686,-3.694047317843817,1.7159888734016593,5.0,0.0013775137592008
18.0,35.0,0.3815793547982923,-5.83533790791518,1.0,5.0,0.0012388940090853
18.0,36.0,0.4248686551773301,-4.24644327090295,1.4768381256178595,5.0,0.0013794436856406
18.0,37.0,0.4249981518469032,-5.799244060791631,1.0,5.0,0.001379864129373
18.0,38.0,0.5604360090626863,-4.315608022343511,2.0733723984927988,5.0,0.0018195974320217
18.0,39.0,0.4664470776997009,-4.27186825172197,1.8749832820186323,5.0,0.00151443856396
18.0,40.0,0.5094933127515541,-4.331292561741059,2.3876326031240684,5.0,0.0016541990673751
18.0,41.0,0.2804690018010746,-4.747801408914508,1.0,5.0,0.0009106136422112
18.0,42.0,0.2149428452275969,-5.201247881342158,1.0,5.0,0.000697866380609
18.0,43.0,0.2639475153636991,-4.550885063793151,1.0,5.0,0.0008569724524795
18.0,44.0,0.2152486896718958,-5.201247881342158,1.0,5.0,0.0006988593820516
18.0,45.0,0.4141505964944633,-4.226058940054963,1.488851448521848,5.0,0.0013446447938131
18.0,46.0,0.2671251725622819,-5.386168675667476,1.0,5.0,0.0008672895213061
18.0,47.0,0.370387411874668,-5.905690352535837,1.0,5.0,0.0012025565320606
18.0,48.0,0.3167428368210492,-5.632038146625886,1.0,5.0,0.0010283858338345
18.0,49.0,0.5039972625509826,-4.778183130418678,1.9320372911522536,5.0,0.0016363547485421
18.0,50.0,0.4089298416601425,-5.807303567868678,1.0,5.0,0.0013276942911043
19.0,1.0,0.2969075151028215,-3.176184829712823,1.0,5.0,0.0009639854386455
19.0,2.0,0.4506444809302324,-4.585779771623552,1.4605648125014512,5.0,0.0014631314315916
19.0,3.0,0.2326137114583183,-2.7258175622677365,1.0,5.0,0.0007552393229166
19.0,4.0,0.4444328916122437,-4.5864447983427885,1.467078303863785,5.0,0.0014429639338059
19.0,5.0,0.3625387335635774,-4.231120289822613,1.0,5.0,0.0011770738102713
19.0,6.0,0.5224339377108046,-5.425700842423427,0.9999999999999998,5.0,0.0016962140834766
19.0,7.0,0.2132858432641966,-3.8074791404092334,1.0,5.0,0.0006924865041045
19.0,8.0,0.2373630205582458,-4.084805954408433,1.0,5.0,0.0007706591576566
19.0,9.0,0.213404446073582,-3.8074791404092334,1.0,5.0,0.0006928715781609
19.0,10.0,0.2287289585004857,-4.084805954408433,1.0,5.0,0.0007426264886379
19.0,11.0,0.2673324954526518,-2.537936250466827,1.0,5.0,0.0008679626475735
19.0,12.0,0.1616905626751787,-2.089740082135342,1.0,5.0,0.0005249693593349
19.0,13.0,0.1775746880342767,-2.129788820699468,1.0,5.0,0.0005765411949164
19.0,14.0,0.3505328730794131,-3.700390307762445,1.0,5.0,0.0011380937437643
19.0,15.0,0.3689212011652762,-4.143462854586565,1.8320435138201403,5.0,0.0011977961076794
19.0,16.0,0.346583818617373,-3.700390307762445,1.0,5.0,0.001125272138368
19.0,17.0,0.2679862279614402,-2.537936250466827,1.0,5.0,0.0008700851557189
19.0,18.0,0.1622554269513739,-2.089740082135342,1.0,5.0,0.0005268033342577
19.0,19.0,0.0546113648117429,-0.0546113646981514,0.0,0.0,0.0001773096260121
19.0,20.0,0.2144668395208981,-4.422896491214498,1.0000000000000002,5.0,0.0006963209075353
19.0,21.0,0.5385727357862033,-5.562353711219801,1.3819017986399666,5.0,0.0017486127785266
19.0,22.0,0.5059480848809402,-3.322452041136967,1.0000000000000002,5.0,0.0016426885872757
19.0,23.0,0.6068064860461567,-3.6817548038910086,1.0000000000000002,5.0,0.0019701509287212
19.0,24.0,0.6410966540123018,-3.947650534807158,1.0885148242831555,5.0,0.002081482642897
19.0,25.0,0.5599339198329625,-3.64397709818484,1.173849795141661,5.0,0.0018179672721849
19.0,26.0,0.612411379965714,-3.581393963903013,1.0000000000000002,5.0,0.0019883486362523
19.0,27.0,0.3166786259652519,-4.295646842259817,1.0,5.0,0.00102817735703
19.0,28.0,0.3690275959398239,-3.474101756726056,1.0,5.0,0.0011981415452591
19.0,29.0,0.4198877828711482,-4.450694970135226,1.7240600543802542,5.0,0.0013632720223089
19.0,30.0,0.4669155424836871,-2.9620999383913205,1.0,5.0,0.0015159595535184
19.0,31.0,0.4713936395056164,-4.709864759717825,1.4298658924610197,5.0,0.0015304988295636
19.0,32.0,0.4676257460052934,-2.8426342741881787,1.0,5.0,0.001518265409108
19.0,33.0,0.466384995674201,-4.710351044575987,1.434475181876166,5.0,0.0015142369989422
19.0,34.0,0.5218832807612002,-3.099187683015173,1.0000000000000002,5.0,0.0016944262362376
19.0,35.0,0.4798626054020088,-4.038551900991198,1.3192087761888254,5.0,0.0015579954720844
19.0,36.0,0.5194344443032796,-4.847392911442848,1.3901751201528056,5.0,0.0016864754685171
19.0,37.0,0.5207320125575929,-3.4553274321177865,1.0,5.0,0.0016906883524597
19.0,38.0,0.6584922477058462,-3.893870244278622,1.0000000000000002,5.0,0.0021379618432008
19.0,39.0,0.5687240876474775,-3.6438782316074914,1.1711320550856743,5.0,0.0018465067780762
19.0,40.0,0.6075420733533258,-3.691466326310114,1.0,5.0,0.0019725391991991
19.0,41.0,0.1710547362442584,-2.0873091858020665,1.0,5.0,0.0005553725202735
19.0,42.0,0.3106610556260769,-4.249707263520317,1.0,5.0,0.0010086397909937
19.0,43.0,0.352052424295328,-2.465362806814987,1.0,5.0,0.0011430273516082
19.0,44.0,0.3109669000703758,-4.249707263520317,0.9999999999999998,5.0,0.0010096327924362
19.0,45.0,0.3063104298867218,-2.143268775843309,1.0,5.0,0.000994514382749
19.0,46.0,0.3667338006374765,-2.366927657832436,1.0,5.0,0.0011906941579138
19.0,47.0,0.3605662846254396,-2.9676157434662684,1.0,5.0,0.0011706697552774
19.0,48.0,0.4153844716182318,-3.282142587728208,1.36801769068889,5.0,0.0013486508818773
19.0,49.0,0.4058507704024064,-2.72214538433984,1.0,5.0,0.0013176973065013
19.0,50.0,0.4397628838093428,-2.883369251377552,0.9999999999999998,5.0,0.0014278015708095
20.0,1.0,0.3532583991948643,-3.881193323646323,1.574076400209349,5.0,0.0011469428545287
20.0,2.0,0.5091553739645945,-5.116027937151655,1.803727485972057,5.0,0.0016531018635214
20.0,3.0,0.2890502131891771,-3.524113374940614,1.7013456640734252,5.0,0.0009384747181466
20.0,4.0,0.5029754704239962,-5.115707007460731,1.8135931220303856,5.0,0.0016330372416363
20.0,5.0,0.4188454354340006,-4.776404900413908,1.4843585178048235,5.0,0.0013598877773831
20.0,6.0,0.5766818730840353,-5.981688306782544,1.709639274687599,5.0,0.0018723437437793
20.0,7.0,0.2739429613009831,-4.344354732983865,1.0,5.0,0.0008894251990291
20.0,8.0,0.2980201385950323,-4.587328253675135,1.0,5.0,0.0009675978525812
20.0,9.0,0.2740615641103685,-4.344354732983865,1.0000000000000002,5.0,0.0008898102730856
20.0,10.0,0.2893860765372722,-4.587328253675135,1.0,5.0,0.0009395651835625
20.0,11.0,0.3279896134894383,-3.381010643711164,1.0000000000000002,5.0,0.0010649013424981
20.0,12.0,0.2223476807119651,-3.0918407543863973,1.0,5.0,0.0007219080542596
20.0,13.0,0.2382318060710632,-3.102536542988773,1.0,5.0,0.0007734798898411
20.0,14.0,0.4068595884093133,-4.581088638897483,2.0112203160413054,5.0,0.0013209726896406
20.0,15.0,0.2118633250473671,-3.0906294709693265,1.0,5.0,0.0006878679384654
20.0,16.0,0.4029155248001621,-4.58097046449392,2.021116565930255,5.0,0.0013081672883122
20.0,17.0,0.3286433459982267,-3.3810106437111624,1.0,5.0,0.0010670238506435
20.0,18.0,0.2229125449881604,-3.0918407543863973,1.0,5.0,0.0007237420291823
20.0,19.0,0.1250306053704298,-2.536973147379915,1.0,5.0,0.0004059435239299
20.0,20.0,0.0625153026852149,-0.0625153025551832,0.0,0.0,0.0002029717619649
20.0,21.0,0.3931272861613986,-7.266204466555387,0.9999999999999998,5.0,0.0012763872927318
20.0,22.0,0.3575823092857161,-3.759766563709653,1.0,5.0,0.0011609815236549
20.0,23.0,0.4584407104509324,-3.744702403306129,1.0,5.0,0.0014884438651004
20.0,24.0,0.4927308798723156,-4.002409423409709,1.115167454528706,5.0,0.001599775584001
20.0,25.0,0.4134639016313096,-3.884581677857156,1.237635457920998,5.0,0.0013424152650367
20.0,26.0,0.4640456043704897,-3.621106386728692,1.0,5.0,0.0015066415726314
20.0,27.0,0.1722032680467423,-3.255764360033412,1.0000000000000002,5.0,0.0005591015196322
20.0,28.0,0.2232326897315219,-3.863578448014052,1.0000000000000002,5.0,0.0007247814601672
20.0,29.0,0.2743712818748378,-4.3667779801006645,1.0,5.0,0.0008908158502429
20.0,30.0,0.3185497668884628,-3.534276432596095,1.0,5.0,0.0010342524898976
20.0,31.0,0.3269005302015058,-5.320647567485972,1.0,5.0,0.001061365357797
20.0,32.0,0.3192599704100692,-3.353205350279511,1.0,5.0,0.0010365583454872
20.0,33.0,0.3218896845915455,-5.320647567485972,1.0,5.0,0.0010450963785439
20.0,34.0,0.3735175051659759,-3.3854724083896466,1.0,5.0,0.0012127191726168
20.0,35.0,0.3328222072782626,-4.70751567588615,1.0000000000000002,5.0,0.0010805915820722
20.0,36.0,0.3749481749643557,-5.234145871694396,1.0,5.0,0.0012173642044297
20.0,37.0,0.3762410043268737,-4.726628568067978,1.0,5.0,0.0012215617023599
20.0,38.0,0.5101264721106219,-3.882569922284332,1.0000000000000002,5.0,0.0016562547795799
20.0,39.0,0.422259854923775,-3.884263779437526,1.2325827592194942,5.0,0.0013709735549473
20.0,40.0,0.4591762977581015,-3.752499650381608,1.0,5.0,0.0014908321355782
20.0,41.0,0.2317118542810449,-3.081709336857122,1.0,5.0,0.0007523112151981
20.0,42.0,0.1661856977075672,-3.192847806588426,1.0,5.0,0.0005395639535959
20.0,43.0,0.2151903678436695,-2.7337254524338617,1.0,5.0,0.0006986700254664
20.0,44.0,0.1664915421518662,-3.192847806588426,1.0,5.0,0.0005405569550385
20.0,45.0,0.3655349057583019,-2.919860140023684,1.5533389116228815,5.0,0.0011868016420724
20.0,46.0,0.2183680250422523,-3.790555775403571,1.0,5.0,0.000708987094293
20.0,47.0,0.3216302643546384,-4.750794371365032,1.0,5.0,0.0010442541050475
20.0,48.0,0.2679856893010195,-4.2976231646353895,1.0,5.0,0.0008700834068214
20.0,49.0,0.4545099405739217,-3.731828943309249,2.046253965539086,5.0,0.00147568162524
20.0,50.0,0.3601726941401129,-4.720937972274708,1.0,5.0,0.0011693918640912
21.0,1.0,0.4582115213960913,-3.5670245658007245,1.0000000000000004,5.0,0.0014876997447925
21.0,2.0,0.6041426758167056,-4.203874766815445,1.0000000000000004,5.0,0.00196150219421
21.0,3.0,0.393917717751588,-3.065361633496829,1.0000000000000004,5.0,0.0012789536290635
21.0,4.0,0.5979532541001001,-4.203874766815445,1.0000000000000004,5.0,0.0019414066691561
21.0,5.0,0.5238427398568472,-4.447278227737948,1.0,5.0,0.0017007881164183
21.0,6.0,0.671818714363045,-5.119622730946835,1.0,5.0,0.0021812295920878
21.0,7.0,0.5839841576038467,-5.003962787438033,2.0520113735321,5.0,0.0018960524597527
21.0,8.0,0.6079797517563755,-5.2535311006147305,2.01029049839556,5.0,0.0019739602329752
21.0,9.0,0.5841026960781476,-5.003964588583813,2.0517974150654275,5.0,0.001896437324929
21.0,10.0,0.599350177749509,-5.2534147937444455,2.024865510560426,5.0,0.0019459421355503
21.0,11.0,0.6904544676658858,-4.881318079302101,2.029618293579916,5.0,0.0022417352846294
21.0,12.0,0.528086550584487,-4.371444605132536,1.9430560654145408,5.0,0.0017145667226769
21.0,13.0,0.5440003334703422,-4.4992871918500414,1.915501468204431,5.0,0.0017662348489296
21.0,14.0,0.5057002066080378,-3.7672361528368734,1.0,5.0,0.0016418837876884
21.0,15.0,0.3206052737227625,-2.292179044330139,1.0000000000000002,5.0,0.0010409262133855
21.0,16.0,0.5017511521459976,-3.7672361528368734,1.0,5.0,0.0016290621822922
21.0,17.0,0.6911081383357749,-4.881302710573471,2.0286447683373887,5.0,0.0022438575919992
21.0,18.0,0.5286519097703486,-4.371430562055187,1.9420477671915264,5.0,0.0017164023044491
21.0,19.0,0.431474408997636,-3.783808308436877,1.9325223195890735,5.0,0.001400890938304
21.0,20.0,0.3747088943968051,-3.0244766319041,1.0000000000000002,5.0,0.0012165873194701
21.0,21.0,0.0391497591236173,-0.0391497590421859,0.0,0.0,0.0001271096075442
21.0,22.0,0.265198547922302,-2.050274172668477,1.0,5.0,0.0008610342465009
21.0,23.0,0.3660569490875184,-2.229557411850519,1.0,5.0,0.0011884965879464
21.0,24.0,0.398678658101927,-3.4096039267134866,2.446342341446967,5.0,0.0012944112276036
21.0,25.0,0.3218787209586076,-2.331499678981951,1.3080885890166167,5.0,0.0010450607823331
21.0,26.0,0.3716618430070758,-2.068592524772667,1.0,5.0,0.0012066942954775
21.0,27.0,0.2809452167221377,-1.9813267184108057,1.0,5.0,0.0009121597945523
21.0,28.0,0.3319746384069171,-2.8503211751295163,1.0,5.0,0.0010778397350873
21.0,29.0,0.3742350496089224,-2.0545532084547222,1.0,5.0,0.0012150488623666
21.0,30.0,0.2261660055250488,-1.5980945490944525,1.0000000000000002,5.0,0.0007343052127436
21.0,31.0,0.4267642979355905,-3.235180788381591,1.0,5.0,0.0013855983699207
21.0,32.0,0.2268762090466552,-1.3310776460363207,1.0,5.0,0.0007366110683332
21.0,33.0,0.4217534523256302,-3.235180788381591,1.0,5.0,0.0013693293906676
21.0,34.0,0.2811337438025619,-1.5565528508665258,1.0,5.0,0.0009127718954628
21.0,35.0,0.1448993349790822,-1.0290443210290925,1.0000000000000002,5.0,0.0004704523862957
21.0,36.0,0.4569660329886379,-2.603798974801438,1.0,5.0,0.0014836559512618
21.0,37.0,0.0925785763264859,-0.5458651483453028,1.0,5.0,0.0003005797932678
21.0,38.0,0.417742710747208,-2.4589970259693663,1.0,5.0,0.0013563075024259
21.0,39.0,0.3306827273490583,-2.330869741165402,1.2996399072669522,5.0,0.0010736452186657
21.0,40.0,0.3667925363946875,-2.241528558360515,1.0000000000000004,5.0,0.0011908848584243
21.0,41.0,0.5302227887549033,-3.448435154908549,1.376235141470197,5.0,0.0017215025608925
21.0,42.0,0.2803274268829414,-1.7666765152103023,1.0000000000000004,5.0,0.0009101539833861
21.0,43.0,0.3293317074902361,-2.416617227859148,1.6057385061519915,5.0,0.0010692587905527
21.0,44.0,0.2806332713272403,-1.7666765152103023,1.0000000000000002,5.0,0.0009111469848287
21.0,45.0,0.2835880820047446,-3.174260934970702,1.0000000000000002,5.0,0.0009207405259894
21.0,46.0,0.3365235688612838,-2.8579190319001566,1.6080185198028574,5.0,0.0010926089898093
21.0,47.0,0.234644434093312,-3.0934935955675167,1.0,5.0,0.000761832578225
21.0,48.0,0.1809998590396931,-2.202435985245459,1.0000000000000002,5.0,0.000587661879999
21.0,49.0,0.2963932699808775,-3.8452971169863,1.686589211663216,5.0,0.0009623158116262
21.0,50.0,0.2731825795389661,-3.752677913708164,1.7430051739732968,5.0,0.0008869564270745
22.0,1.0,0.5780698635854553,-4.516646616116815,1.0,5.0,0.0018768502064462
22.0,2.0,0.5148403500181253,-4.210596571744381,1.0,5.0,0.0016715595779809
22.0,3.0,0.5172144008380151,-3.735540182179853,1.0,5.0,0.0016792675351883
22.0,4.0,0.5086509283015198,-4.210596571744381,1.0,5.0,0.001651464052927
22.0,5.0,0.6369501029447571,-5.614767762453793,1.0,5.0,0.0020680198147557
22.0,6.0,0.5825163885644649,-5.17560252440242,0.9999999999999998,5.0,0.0018912869758586
22.0,7.0,0.7068544690760132,-5.390868488902819,1.5820667630799774,5.0,0.0022949820424545
22.0,8.0,0.7309316006678099,-5.6211126639781135,1.562878966863456,5.0,0.0023731545476227
22.0,9.0,0.7069730972241652,-5.390867258052508,1.581969039484584,5.0,0.0022953671987797
22.0,10.0,0.7222957573946405,-5.621195703178914,1.5696124741835484,5.0,0.0023451160954371
22.0,11.0,0.8173139957022056,-5.478076758033093,1.782201743951483,5.0,0.002653616869163
22.0,12.0,0.6491648559973616,-4.915145976806872,1.6262219090856145,5.0,0.0021076781038875
22.0,13.0,0.6649981500449924,-5.0436393581083205,1.6113231088510267,5.0,0.0021590849027434
22.0,14.0,0.4163978808094575,-3.90365801924654,0.9999999999999998,5.0,0.0013519411714592
22.0,15.0,0.4439355668882092,-3.359908446884504,1.4591979674976552,5.0,0.0014413492431435
22.0,16.0,0.4124488263474173,-3.90365801924654,1.0,5.0,0.001339119566063
22.0,17.0,0.8179690924506304,-5.478036963321462,1.781559254152799,5.0,0.0026557438066578
22.0,18.0,0.6497286924168469,-4.915172636090417,1.6256796415955286,5.0,0.0021095087416131
22.0,19.0,0.5553212375299525,-4.411409998806376,1.5613631490291169,5.0,0.0018029910309414
22.0,20.0,0.4980407701836687,-3.929219815635312,1.409326138729637,5.0,0.0016170154876093
22.0,21.0,0.1944095354817143,-7.757859766749818,1.0,5.0,0.000631199790525
22.0,22.0,0.0570336343077749,-0.057033634189145,0.0,0.0,0.0001851741373629
22.0,23.0,0.2767546232889382,-2.409996450529442,1.0,5.0,0.0008985539717173
22.0,24.0,0.2025912905929104,-7.455063595542589,1.0,5.0,0.0006577639304964
22.0,25.0,0.1140672686155498,-2.4062611332598847,1.0,5.0,0.0003703482747258
22.0,26.0,0.2823595172084955,-2.208284867955344,1.0,5.0,0.0009167516792483
22.0,27.0,0.4042418998085648,-2.76557962055484,1.0,5.0,0.0013124737006771
22.0,28.0,0.444221288761291,-3.6189308371277935,1.462013642875286,5.0,0.0014422769115626
22.0,29.0,0.2849327238103423,-2.2018450053839027,1.0,5.0,0.0009251062461374
22.0,30.0,0.349462688611476,-2.407270941366229,1.0,5.0,0.0011346191188684
22.0,31.0,0.3374619721370103,-3.5178719706547907,1.0,5.0,0.0010956557536915
22.0,32.0,0.3386699449598319,-2.5181566142036096,1.0,5.0,0.001099577743376
22.0,33.0,0.33245112652705,-3.5178719706547907,1.0,5.0,0.0010793867744384
22.0,34.0,0.1918314180039817,-2.2133052857492306,1.0,5.0,0.0006228292792337
22.0,35.0,0.3705854800729198,-4.168118952486032,1.344825306097141,5.0,0.0012031996106263
22.0,36.0,0.3676637071900576,-2.615342561971821,1.0,5.0,0.0011937133350326
22.0,37.0,0.3233547892789475,-3.887988746656532,1.4025089567395774,5.0,0.0010498532119446
22.0,38.0,0.3284403849486277,-2.522553816550986,1.0,5.0,0.0010663648861968
22.0,39.0,0.1228483730556997,-2.4062611332598847,1.0,5.0,0.0003988583540769
22.0,40.0,0.2770858531217031,-2.916445101176622,1.5251884240873608,5.0,0.0008996293932522
22.0,41.0,0.653519887062117,-3.980487625808885,1.0,5.0,0.0021218178151367
22.0,42.0,0.4036241099693685,-2.623607905204889,1.0,5.0,0.0013104678895109
22.0,43.0,0.4526287801054707,-2.849930937783836,1.0,5.0,0.0014695739613813
22.0,44.0,0.4039299544136674,-2.623607905204889,1.0,5.0,0.0013114608909534
22.0,45.0,0.5936648084560936,-4.125273781926043,1.7923717102515693,5.0,0.0019274831443379
22.0,46.0,0.4558064373040537,-3.311297570612898,1.0,5.0,0.0014798910302079
22.0,47.0,0.4845893223726263,-5.034290535974497,1.6654032034284612,5.0,0.0015733419557552
22.0,48.0,0.4045766562081028,-4.686778147627628,1.3138653163647271,5.0,0.0013135605721042
22.0,49.0,0.4383625260259138,-4.241644020988923,1.0,5.0,0.0014232549546295
22.0,50.0,0.415140120308394,-4.169334843461382,1.0,5.0,0.0013478575334688
23.0,1.0,0.5764037427315584,-4.576988759641283,0.9999999999999998,5.0,0.0018714407231544
23.0,2.0,0.5131742291642284,-4.280097508545424,1.0,5.0,0.001666150094689
23.0,3.0,0.5155482799841182,-3.8019554482380897,1.0,5.0,0.0016738580518964
23.0,4.0,0.506984807447623,-4.280097508545424,0.9999999999999998,5.0,0.0016460545696351
23.0,5.0,0.6352839820908602,-5.671527532708147,0.9999999999999996,5.0,0.0020626103314638
23.0,6.0,0.5808502677105679,-5.237970127982534,0.9999999999999996,5.0,0.0018858774925667
23.0,7.0,0.7051885542395656,-5.439650974859965,1.5834430518228662,5.0,0.0022895732280505
23.0,8.0,0.729265657669575,-5.667934249165771,1.5641659119045828,5.0,0.0023677456417843
23.0,9.0,0.7053071824630408,-5.439649734838393,1.583344865585544,5.0,0.0022899583846202
23.0,10.0,0.7206298091897154,-5.668017888588711,1.570930430062799,5.0,0.0023397071726938
23.0,11.0,0.8159192465386055,-5.518009163436098,1.783844022129769,5.0,0.0026490884627876
23.0,12.0,0.6475048574230897,-4.9685456944331365,1.6278268678212824,5.0,0.0021022884981269
23.0,13.0,0.6633377929820681,-5.094414524669732,1.612852511967329,5.0,0.0021536941330586
23.0,14.0,0.4147317599555606,-3.993873400321205,0.9999999999999996,5.0,0.0013465316881674
23.0,15.0,0.4422693780684733,-3.441323679647547,1.4609273795999325,5.0,0.0014359395391833
23.0,16.0,0.4107827054935205,-3.993873400321205,0.9999999999999998,5.0,0.0013337100827711
23.0,17.0,0.8165743481001106,-5.517969079973623,1.7831988192237749,5.0,0.0026512154159094
23.0,18.0,0.6480686907505038,-4.968572622749685,1.627281818326923,5.0,0.0021041191258133
23.0,19.0,0.5536566074368282,-4.475611515588271,1.5630599013766096,5.0,0.0017975863877819
23.0,20.0,0.4963745965530916,-4.002321326334576,1.4106997376206092,5.0,0.0016116058329645
23.0,21.0,0.302733603506672,-7.192670408264407,1.760996215476602,5.0,0.0009829013100865
23.0,22.0,0.3753261629815818,-3.134103882866425,1.0,5.0,0.0012185914382518
23.0,23.0,0.0339830275814256,-0.0339830275107409,0.0,0.0,0.0001103345051344
23.0,24.0,0.0679660551628512,-5.396775849945416,1.0,5.0,0.0002206690102689
23.0,25.0,0.1415260719777979,-3.250210642780816,1.0,5.0,0.0004595002336941
23.0,26.0,0.125430032757326,-5.668697017270993,1.0,5.0,0.0004072403660952
23.0,27.0,0.4025757789546679,-2.856230254341583,1.0,5.0,0.0013070642173852
23.0,28.0,0.4425961312491638,-3.701846251584996,1.4637259232635047,5.0,0.0014370004261336
23.0,29.0,0.2832666029564453,-2.3396198671457005,1.0,5.0,0.0009196967628456
23.0,30.0,0.3477965677575791,-2.5141587179468123,1.0,5.0,0.0011292096355765
23.0,31.0,0.3357958512831134,-3.63541395483991,0.9999999999999998,5.0,0.0010902462703997
23.0,32.0,0.3370038241059349,-2.630447975627764,1.0,5.0,0.0010941682600842
23.0,33.0,0.330785005673153,-3.63541395483991,1.0,5.0,0.0010739772911466
23.0,34.0,0.1901652971500848,-2.4496236378891147,1.0,5.0,0.0006174197959418
23.0,35.0,0.5313454432693782,-5.434348406316754,2.277512980182291,5.0,0.0017251475430823
23.0,36.0,0.2107342227388881,-4.023646609805815,1.0,5.0,0.0006842020218795
23.0,37.0,0.4522033659968519,-4.868906242748388,2.3628046759104544,5.0,0.001468192746743
23.0,38.0,0.1715109004974583,-4.485356700261136,1.0,5.0,0.0005568535730436
23.0,39.0,0.1503071764179479,-3.250210642780816,1.0,5.0,0.0004880103130452
23.0,40.0,0.0896550091692432,-3.756507492253269,1.0,5.0,0.0002910876921079
23.0,41.0,0.6518537662082201,-4.030616659036337,1.0,5.0,0.0021164083318448
23.0,42.0,0.4019579891154716,-2.7134140971364484,1.0,5.0,0.001305058406219
23.0,43.0,0.4509626592515738,-2.927620853436376,0.9999999999999998,5.0,0.0014641644780895
23.0,44.0,0.4022638335597705,-2.7134140971364484,1.0,5.0,0.0013060514076615
23.0,45.0,0.6000607901499608,-3.611786233946103,1.0,5.0,0.0019482493186687
23.0,46.0,0.4541403164501567,-3.3908158688078984,0.9999999999999998,5.0,0.001474481546916
23.0,47.0,0.5501996852554263,-5.41746284426462,2.4542793430930856,5.0,0.0017863626144656
23.0,48.0,0.4999816871588514,-4.528606794211746,1.6751525256104811,5.0,0.0016233171661001
23.0,49.0,0.5618115584263736,-5.363063642410252,1.905271947512993,5.0,0.0018240635013843
23.0,50.0,0.5395221796955854,-5.2938804973027045,1.9461866746335463,5.0,0.001751695388622
24.0,1.0,0.5524443055610515,-4.029974625942162,1.0,5.0,0.0017936503427306
24.0,2.0,0.4892147919937215,-3.674373698960084,1.0,5.0,0.0015883597142653
24.0,3.0,0.4915888428136114,-3.1783789253338397,1.0,5.0,0.0015960676714727
24.0,4.0,0.483025370277116,-3.674373698960084,1.0,5.0,0.0015682641892114
24.0,5.0,0.6113245449203534,-5.199060375044531,1.0000000000000002,5.0,0.0019848199510401
24.0,6.0,0.556890830540061,-4.720955859474783,1.0,5.0,0.001808087112143
24.0,7.0,0.6812275878937639,-4.986658002713694,1.6039796868665386,5.0,0.0022117778827719
24.0,8.0,0.7053046322030988,-5.233254181447205,1.5833455796472626,5.0,0.0022899501045555
24.0,9.0,0.6813462172590444,-4.986656669082309,1.6038744674409022,5.0,0.0022121630430488
24.0,10.0,0.6966687049372909,-5.233343968049106,1.5905808076768302,5.0,0.0022619113796665
24.0,11.0,0.7911873050380019,-5.105778003649517,1.808251142178514,5.0,0.002568789951422
24.0,12.0,0.6236002198543318,-4.471165988560062,1.6518513912435857,5.0,0.002024676038488
24.0,13.0,0.6394308920285753,-4.614686701338765,1.6357237750796974,5.0,0.0020760743247681
24.0,14.0,0.3907723227850538,-3.2753971155345,0.9999999999999998,5.0,0.0012687413077436
24.0,15.0,0.4183088641192737,-2.7176445159382454,1.4873200239811566,5.0,0.0013581456627249
24.0,16.0,0.3868232683230137,-3.2753971155345,1.0,5.0,0.0012559197023474
24.0,17.0,0.7918424973321432,-5.105735369695036,1.807564934692096,5.0,0.0025709171991303
24.0,18.0,0.6241640077654365,-4.471194775477274,1.651263848064101,5.0,0.0020265065187189
24.0,19.0,0.5297125099003247,-3.906121268938553,1.588645690424653,5.0,0.0017198458113646
24.0,20.0,0.4724143245382014,-3.361470190893656,1.4315237930725462,5.0,0.0015338127420071
24.0,21.0,0.2788190528615871,-6.5858347399646,1.826268349347009,5.0,0.000905256665135
24.0,22.0,0.351366725811075,-2.2996407914984527,1.0,5.0,0.0011408010578281
24.0,23.0,0.0679660551628512,-4.936564012129301,1.0000000000000002,5.0,0.0002206690102689
24.0,24.0,0.0328477859993682,-0.0328477859310449,0.0,0.0,0.0001066486558421
24.0,25.0,0.1175666348072911,-1.2592369709223643,1.0,5.0,0.0003817098532704
24.0,26.0,0.1597200337592456,-6.424607592896645,1.0,5.0,0.0005185715381793
24.0,27.0,0.3786163417841611,-2.034225256390483,1.0,5.0,0.0012292738369615
24.0,28.0,0.4187550560977969,-2.989423842918305,1.4898322865539455,5.0,0.0013595943379798
24.0,29.0,0.2593071657859385,-1.1955886727460014,0.9999999999999998,5.0,0.0008419063824218
24.0,30.0,0.3238371305870723,-1.5681802127455315,1.0,5.0,0.0010514192551528
24.0,31.0,0.3118364141126065,-2.759273413408001,1.0,5.0,0.0010124558899759
24.0,32.0,0.3130443869354281,-1.66762595170443,1.0,5.0,0.0010163778796604
24.0,33.0,0.3068255685026462,-2.759273413408001,1.0,5.0,0.0009961869107228
24.0,34.0,0.1662058599795779,-0.7376093611300665,0.9999999999999998,5.0,0.0005396294155181
24.0,35.0,0.5069701532600631,-4.881813046141509,2.3478443389186845,5.0,0.0016460069911041
24.0,36.0,0.2450242237408078,-4.954026795080055,1.0,5.0,0.0007955331939636
24.0,37.0,0.3797230993461692,-4.843718973087014,1.7757244611873015,5.0,0.0012328672056693
24.0,38.0,0.2058009014993779,-5.397507935765557,0.9999999999999998,5.0,0.0006681847451278
24.0,39.0,0.1263477392474411,-1.2592369709223643,1.0,5.0,0.0004102199326215
24.0,40.0,0.0656955719987364,-0.4349287748425323,1.0,5.0,0.0002132973116842
24.0,41.0,0.6278943290377131,-3.5007022965635723,1.0,5.0,0.0020386179514211
24.0,42.0,0.3779985519449647,-1.882584450327532,1.0,5.0,0.0012272680257953
24.0,43.0,0.427003222081067,-2.18151220221171,0.9999999999999998,5.0,0.0013863740976658
24.0,44.0,0.3783043963892637,-1.882584450327532,1.0,5.0,0.0012282610272378
24.0,45.0,0.576101352979454,-3.0333171289008938,1.0,5.0,0.0018704589382449
24.0,46.0,0.4301808792796499,-2.672770030268161,0.9999999999999998,5.0,0.0013966911664923
24.0,47.0,0.5266199792624777,-4.876029455738864,2.52584963858748,5.0,0.0017098051274755
24.0,48.0,0.4762426379916909,-3.9154088334100816,1.714934325191633,5.0,0.0015462423311418
24.0,49.0,0.6373756675350843,-4.248811014613274,1.988228018684623,5.0,0.002069401517971
24.0,50.0,0.4795859722138485,-4.925775130847386,1.441436852437223,5.0,0.0015570973123826
25.0,1.0,0.5028025930280134,-3.843677473198753,1.0,5.0,0.0016324759513896
25.0,2.0,0.4395730794606834,-3.4960535423935664,1.0,5.0,0.0014271853229242
25.0,3.0,0.4419471302805735,-2.934474576951205,1.0,5.0,0.0014348932801317
25.0,4.0,0.433383657744078,-3.4960535423935664,1.0,5.0,0.0014070897978703
25.0,5.0,0.5616828323873153,-5.092989011174025,1.0,5.0,0.001823645559699
25.0,6.0,0.507249118007023,-4.606836362318442,1.0,5.0,0.001646912720802
25.0,7.0,0.6315863533273504,-4.822306428962105,1.651492488667569,5.0,0.0020506050432706
25.0,8.0,0.6556629285303516,-5.076213227122422,1.62754860498441,5.0,0.0021287757419816
25.0,9.0,0.6317049853036295,-4.822304828044352,1.6513700652413186,5.0,0.0020509902120247
25.0,10.0,0.6470268213742296,-5.076320440425007,1.6359297597613005,5.0,0.0021007364330332
25.0,11.0,0.7432557026723138,-4.908906692024761,1.864022310949485,5.0,0.0024131678658192
25.0,12.0,0.5741083558097885,-4.286856531396651,1.7079832613696504,5.0,0.0018639881682135
25.0,13.0,0.589931238127883,-4.4295029824558405,1.6889988678947323,5.0,0.0019153611627528
25.0,14.0,0.3411306102520157,-3.1509910072391625,1.0,5.0,0.0011075669164026
25.0,15.0,0.3686644179943931,-2.475986698529117,1.5529164292880353,5.0,0.0011969623960856
25.0,16.0,0.3371815557899756,-3.1509910072391625,1.0,5.0,0.0010947453110064
25.0,17.0,0.743911100822989,-4.90885644358342,1.8632375937088224,5.0,0.0024152957818928
25.0,18.0,0.574672040402078,-4.286891712867679,1.7072902233701726,5.0,0.0018658183129937
25.0,19.0,0.4801145719619867,-3.725939856788518,1.6498260551940866,5.0,0.0015588135453311
25.0,20.0,0.4227705129429511,-3.164974372571007,1.4821783783001037,5.0,0.001372631535529
25.0,21.0,0.2763247404246667,-3.635594313765703,1.8173792148089647,5.0,0.000897158248132
25.0,22.0,0.3017250132780369,-2.065073544605723,1.0,5.0,0.0009796266664871
25.0,23.0,0.2014873527314964,-1.176247218277882,0.9999999999999998,5.0,0.0006541797166607
25.0,24.0,0.1273240200354686,-9.693065843518037,1.0,5.0,0.0004133896754398
25.0,25.0,0.0434413173631557,-0.0434413172727979,0.0,0.0,0.000141043238192
25.0,26.0,0.2070922466510537,-0.887085489072277,1.0,5.0,0.0006723774241917
25.0,27.0,0.328974629251123,-1.7305569068803195,1.0,5.0,0.0010680994456205
25.0,28.0,0.3697766447172328,-2.7857385258576803,1.5545167938402964,5.0,0.0012005735218091
25.0,29.0,0.2096654532529005,-0.8734580638289648,1.0,5.0,0.0006807319910808
25.0,30.0,0.2741954180540342,-1.2352171816217974,1.0,5.0,0.0008902448638117
25.0,31.0,0.2621947015795685,-2.695748547379724,0.9999999999999998,5.0,0.0008512814986349
25.0,32.0,0.2634026744023902,-1.3709682013823834,1.0,5.0,0.0008552034883194
25.0,33.0,0.2571838559696083,-2.695748547379724,1.0,5.0,0.0008350125193818
25.0,34.0,0.1165641474465399,-0.6023306059375636,1.0,5.0,0.000378455024177
25.0,35.0,0.3659393533316905,-3.735585921499222,1.6568301100563294,5.0,0.0011881147835444
25.0,36.0,0.2923964366326159,-1.5179730162653753,1.0,5.0,0.000949339079976
25.0,37.0,0.3152326138925679,-3.488341498739369,1.7792106940376766,5.0,0.0010234825126382
25.0,38.0,0.253173114391186,-1.375640424517873,0.9999999999999996,5.0,0.0008219906311402
25.0,39.0,0.1374606419029415,-0.9449307751117254,1.0,5.0,0.0004463007853991
25.0,40.0,0.2021734124215192,-1.8427837236481448,1.787017174788046,5.0,0.0006564071831867
25.0,41.0,0.5782526165046752,-3.2280280375607155,0.9999999999999996,5.0,0.0018774435600801
25.0,42.0,0.3283568394119268,-1.5527756045850982,1.0,5.0,0.0010660936344543
25.0,43.0,0.377361509548029,-1.858429681677529,0.9999999999999998,5.0,0.0012251997063247
25.0,44.0,0.3286626838562257,-1.5527756045850982,1.0,5.0,0.0010670866358968
25.0,45.0,0.5242136174991439,-3.367515511354632,1.8827765186367007,5.0,0.0017019922646076
25.0,46.0,0.3805391667466118,-2.420145289434364,1.0,5.0,0.0012355167751513
25.0,47.0,0.4817175154780539,-4.402250757654862,2.6209524913141804,5.0,0.0015640179073962
25.0,48.0,0.4270347050725141,-3.772102241704427,1.8441728349802364,5.0,0.0013864763151705
25.0,49.0,0.4282914832645563,-4.276548411987634,1.3106350402804294,5.0,0.0013905567638459
25.0,50.0,0.4050624969657959,-4.210298642157248,1.3284659236272935,5.0,0.0013151379771616
26.0,1.0,0.5240625894827367,-3.738622084563223,1.5853003402499324,5.0,0.0017015019139049
26.0,2.0,0.4590739079583143,-3.5546607133803336,1.0,5.0,0.0014904997011633
26.0,3.0,0.4614479587782044,-3.0208910378742733,1.0,5.0,0.0014982076583707
26.0,4.0,0.4528844862417089,-3.5546607133803336,1.0,5.0,0.0014704041761094
26.0,5.0,0.5875391390936697,-4.7338919622464255,1.6820685133199949,5.0,0.0019075946074469
26.0,6.0,0.5267499465046539,-4.640553695145702,1.0,5.0,0.001710227099041
26.0,7.0,0.6510868513813359,-4.879413925656225,1.6319631955785203,5.0,0.0021139183486407
26.0,8.0,0.6751636335215612,-5.1307316414305655,1.6094084509221689,5.0,0.0021920897192258
26.0,9.0,0.6512054822876993,-4.8794124379747545,1.6318480011279457,5.0,0.0021143035139211
26.0,10.0,0.6665276000250453,-5.130831488110744,1.6173090183890075,5.0,0.0021640506494319
26.0,11.0,0.7567416885921988,-4.826976222494357,1.6894161502933058,5.0,0.0024569535343902
26.0,12.0,0.5938581107551573,-4.3423824648380815,1.683939855432642,5.0,0.001928110749205
26.0,13.0,0.6097057733539103,-4.485789176382283,1.666136686261443,5.0,0.001979564199201
26.0,14.0,0.3606314387496465,-3.182152895725939,1.0,5.0,0.0011708812946417
26.0,15.0,0.3881355147493787,-2.208409694833657,0.9999999999999998,5.0,0.0012601802426927
26.0,16.0,0.3566823842876064,-3.182152895725939,1.0,5.0,0.0011580596892454
26.0,17.0,0.7573969690967389,-4.8269681917699145,1.688812302933049,5.0,0.0024590810684959
26.0,18.0,0.5944226074936052,-4.342393042668691,1.6832904429684512,5.0,0.0019299435308233
26.0,19.0,0.4989701828041524,-3.501529935422452,1.4074127701044776,5.0,0.0016200330610524
26.0,20.0,0.4422391354234213,-2.9222159692836334,1.0,5.0,0.0014358413487773
26.0,21.0,0.4280095113882081,-5.649400001322903,1.4436756897156815,5.0,0.0013896412707409
26.0,22.0,0.3212258417756677,-2.141117002747964,1.0,5.0,0.0010429410447261
26.0,23.0,0.2196164785261401,-1.5161702160794253,1.0,5.0,0.0007130405146952
26.0,24.0,0.2539066553525084,-1.9651586223396047,1.2234938528050303,5.0,0.000824372257638
26.0,25.0,0.2722231286418639,-2.072749869241494,1.0000000000000002,5.0,0.0008838413267592
26.0,26.0,0.0485640085405456,-0.0485640084395326,0.0,0.0,0.0001576753524043
26.0,27.0,0.3484754577487538,-1.8376007609009652,1.0,5.0,0.0011314138238595
26.0,28.0,0.3889950023458452,-2.85232737583448,1.5271689425312571,5.0,0.0012629707868371
26.0,29.0,0.2291662817505313,-0.9791821598369664,1.0,5.0,0.0007440463693199
26.0,30.0,0.2936962465516651,-1.3518582446687104,1.0,5.0,0.0009535592420508
26.0,31.0,0.2816955300771994,-2.693037427243583,1.0,5.0,0.000914595876874
26.0,32.0,0.282903502900021,-1.4707856012225948,1.0,5.0,0.0009185178665585
26.0,33.0,0.2766846844672391,-2.693037427243583,1.0,5.0,0.0008983268976209
26.0,34.0,0.3371610376559277,-1.7565143063812585,1.0,5.0,0.001094678693688
26.0,35.0,0.5144941774802531,-3.9600547082818975,0.9999999999999998,5.0,0.0016704356411696
26.0,36.0,0.1363513393225212,-0.587881143006106,1.0,5.0,0.0004426991536445
26.0,37.0,0.5380895804007471,-4.737040285020468,1.9371782752985576,5.0,0.0017470440922102
26.0,38.0,0.0971280170810913,-0.6399256603029351,1.0,5.0,0.0003153507048087
26.0,39.0,0.2810042330820138,-2.072749869241494,1.0000000000000002,5.0,0.0009123514061104
26.0,40.0,0.2203520658333092,-1.528429428367286,1.0,5.0,0.000715428785173
26.0,41.0,0.5977534450023061,-3.329079735672639,0.9999999999999998,5.0,0.0019407579383191
26.0,42.0,0.3478576679095576,-1.671105585639823,1.0,5.0,0.0011294080126933
26.0,43.0,0.3968623380456599,-1.9759522609347784,0.9999999999999996,5.0,0.0012885140845638
26.0,44.0,0.3481635123538565,-1.671105585639823,0.9999999999999998,5.0,0.0011304010141358
26.0,45.0,0.5459604689440468,-2.846131726953661,1.0,5.0,0.001772598925143
26.0,46.0,0.4000399952442426,-2.5077083269593654,1.0,5.0,0.0012988311533903
26.0,47.0,0.5033022345566287,-3.865461045706022,1.0,5.0,0.0016340981641448
26.0,48.0,0.4496576595030098,-3.2318085398891983,1.0,5.0,0.0014599274659188
26.0,49.0,0.6455008094597315,-3.509701096905117,1.0,5.0,0.0020957818488952
26.0,50.0,0.5418446643421033,-4.112109158904575,0.9999999999999996,5.0,0.0017592359231886
27.0,1.0,0.2454134759639476,-2.4567390270291023,1.0,5.0,0.0007967969998829
27.0,2.0,0.4019652494195716,-4.155281951769086,1.5104606235673956,5.0,0.0013050819786349
27.0,3.0,0.1811196723194444,-1.8514808559703948,1.0,5.0,0.000588050884154
27.0,4.0,0.3957778961147328,-4.154990597391452,1.5184419157307625,5.0,0.0012849931692036
27.0,5.0,0.3110446944247035,-3.722136560773864,1.0,5.0,0.0010098853715087
27.0,6.0,0.4695764066509875,-5.210398814586337,1.436915416922967,5.0,0.0015245987228928
27.0,7.0,0.373365165573454,-3.911782362662089,1.558679469757604,5.0,0.0012122245635501
27.0,8.0,0.3972907777828173,-4.220864819800505,1.5244645863105462,5.0,0.0012899051226714
27.0,9.0,0.3734838774095275,-3.911766347455012,1.5584999893800002,5.0,0.0012126099915893
27.0,10.0,0.3886489634778356,-4.221880730648534,1.536241152598137,5.0,0.0012618472840189
27.0,11.0,0.4187661755859632,-4.1009007430291335,1.0000000000000002,5.0,0.0013596304402141
27.0,12.0,0.3125177764560101,-3.2059033137281494,0.9999999999999998,5.0,0.0010146681053766
27.0,13.0,0.3284019018151081,-3.309424363145852,1.0,5.0,0.0010662399409581
27.0,14.0,0.2995655848985435,-3.5380446097978955,1.6885047643165934,5.0,0.0009726155353848
27.0,15.0,0.1078072282906188,-0.6743911693545066,1.0000000000000002,5.0,0.000350023468476
27.0,16.0,0.2956176058395047,-3.538776750684036,1.6976677432262153,5.0,0.0009597974215568
27.0,17.0,0.4194199080947515,-4.1009007430291335,1.0000000000000002,5.0,0.0013617529483595
27.0,18.0,0.3130826407322053,-3.2059033137281494,1.0,5.0,0.0010165020802993
27.0,19.0,0.2158071674669548,-3.136059860411472,1.0,5.0,0.0007006726216459
27.0,20.0,0.1619108489646614,-2.147643869972593,1.0,5.0,0.0005256845745605
27.0,21.0,0.365625320210767,-6.455766874945673,1.0,5.0,0.0011870951954895
27.0,22.0,0.2535282331327835,-2.8564815075975503,0.9999999999999998,5.0,0.0008231436140674
27.0,23.0,0.3543588464459632,-3.142078648717345,1.5692018614147516,5.0,0.0011505157352141
27.0,24.0,0.3886461097873201,-3.4050898686971616,1.6649651730796768,5.0,0.00126183801879
27.0,25.0,0.3082448378785036,-3.0254087033994943,1.3350279871337627,5.0,0.0010007949281769
27.0,26.0,0.3599915282175572,-2.569861079095781,1.0,5.0,0.001168803663044
27.0,27.0,0.0539036141453094,-0.05390361403319,0.0,0.0,0.000175011734238
27.0,28.0,0.1191765929747736,-2.461583254143712,0.9999999999999998,5.0,0.0003869369901778
27.0,29.0,0.1703151851180894,-3.305582700961491,0.9999999999999998,5.0,0.0005529713802535
27.0,30.0,0.2259986379087808,-2.058493533124783,1.0,5.0,0.0007337618113921
27.0,31.0,0.2228444334447575,-4.6826465675735625,1.0,5.0,0.0007235208878076
27.0,32.0,0.2152058942571367,-2.322734946218514,1.0,5.0,0.0006987204358997
27.0,33.0,0.2178335878347971,-4.6826465675735625,1.0,5.0,0.0007072519085545
27.0,34.0,0.2694634290130434,-2.3022932504836504,1.0,5.0,0.0008748812630293
27.0,35.0,0.4406719665181383,-4.579753637276723,1.460266680849459,5.0,0.0014307531380459
27.0,36.0,0.2708920782076073,-4.430919515828814,1.0,5.0,0.0008795197344402
27.0,37.0,0.471207656999291,-5.189768987775236,2.056019772291217,5.0,0.0015298949902574
27.0,38.0,0.4060723959576895,-2.8920609643268174,1.0,5.0,0.0013184168699924
27.0,39.0,0.316992018875354,-3.026439930269381,1.3256933931514032,5.0,0.0010291948664784
27.0,40.0,0.3550942834743896,-3.150398375407894,1.5680222276208506,5.0,0.0011529035177739
27.0,41.0,0.3224884163775699,-3.757785722308325,1.0000000000000002,5.0,0.0010470403129141
27.0,42.0,0.2766112792168533,-2.5676380181594176,1.744180950676446,5.0,0.0008980885688858
27.0,43.0,0.3249089106770127,-2.6427101390802523,1.626709364107604,5.0,0.0010548990606396
27.0,44.0,0.2769192710422134,-2.5674229319380397,1.7433112302094236,5.0,0.0008990885423448
27.0,45.0,0.4703836164542866,-3.324548480045721,1.8715989565276987,5.0,0.0015272195339424
27.0,46.0,0.3276358498494527,-3.3522103477570395,1.6257353628682154,5.0,0.0010637527592514
27.0,47.0,0.4297118679671686,-4.53718846067868,1.4724814492228928,5.0,0.0013951684024908
27.0,48.0,0.376591873330757,-3.986442119639784,1.5413512344779472,5.0,0.0012227008874375
27.0,49.0,0.5693567286800547,-3.845389249698484,1.7170431388887808,5.0,0.0018485608074027
27.0,50.0,0.4677768670570999,-4.674257304045224,1.4329177759175018,5.0,0.0015187560618737
28.0,1.0,0.405264312187982,-3.4974689457729067,1.7639639972260306,5.0,0.0013157932213895
28.0,2.0,0.3456938650227076,-3.805248177805898,1.0,5.0,0.0011223826786451
28.0,3.0,0.3392214038321552,-2.552879108501912,1.0,5.0,0.0011013681942602
28.0,4.0,0.3395044433061022,-3.805248177805898,1.0,5.0,0.0011022871535912
28.0,5.0,0.4688398013513329,-4.563930146669675,1.861120169042481,5.0,0.0015222071472445
28.0,6.0,0.4133699035690471,-4.962101889747994,1.0,5.0,0.0013421100765228
28.0,7.0,0.532929061853081,-4.752926892802631,1.7796475429571867,5.0,0.0017302891618606
28.0,8.0,0.5570480730493756,-5.009238005845151,1.7458787488815402,5.0,0.0018085976397707
28.0,9.0,0.5330478032114055,-4.7529280181749725,1.7794737066411264,5.0,0.0017306746857513
28.0,10.0,0.5484043593336598,-5.009163427657733,1.75764645947554,5.0,0.0017805336342001
28.0,11.0,0.6389381317533148,-4.3786824478294335,1.8247615869151972,5.0,0.0020744744537445
28.0,12.0,0.4756321472119602,-4.156350221914518,1.862052316296944,5.0,0.0015442602182206
28.0,13.0,0.4915144568147409,-4.2719679915483,1.8342297406464776,5.0,0.0015958261584894
28.0,14.0,0.2472513958140398,-3.953534765405724,1.0,5.0,0.0008027642721235
28.0,15.0,0.2659089598033295,-1.6534869022087235,1.0,5.0,0.0008633407785822
28.0,16.0,0.2433023413519997,-3.953534765405724,1.0,5.0,0.0007899426667272
28.0,17.0,0.6395945212468872,-4.378666212280475,1.8238952568618565,5.0,0.0020766055884639
28.0,18.0,0.4761971118932433,-4.156467287981198,1.8610295426347208,5.0,0.0015460945191339
28.0,19.0,0.37725704862802,-3.486707529769376,2.0923993754909693,5.0,0.0012248605474935
28.0,20.0,0.320778821351144,-3.0043698618426995,1.6447389600045683,5.0,0.0010414896797115
28.0,21.0,0.3110963739076022,-6.293947089357143,1.0,5.0,0.0010100531620376
28.0,22.0,0.1989992868296186,-1.9076100460184904,1.0,5.0,0.0006461015806156
28.0,23.0,0.2998348654788717,-2.331154408206049,1.6727742860607753,5.0,0.0009734898229833
28.0,24.0,0.3341214026466679,-2.656469964209187,1.773526924927558,5.0,0.0010848097488528
28.0,25.0,0.2553332115439898,-2.146560843095051,1.407628155767569,5.0,0.0008290039335843
28.0,26.0,0.3054625819143924,-1.6594134547651966,1.0,5.0,0.0009917616295921
28.0,27.0,0.2262489028027047,-1.2715246190693337,1.0,5.0,0.000734574359749
28.0,28.0,0.0578931194074622,-0.0578931192870447,0.0,0.0,0.0001879646734008
28.0,29.0,0.1157862388149245,-2.4823435070798068,1.0,5.0,0.0003759293468017
28.0,30.0,0.1714696916056159,-0.7561569597116724,1.0,5.0,0.0005567197779403
28.0,31.0,0.1683154871415926,-4.409764338323455,1.0,5.0,0.0005464788543558
28.0,32.0,0.1606769479539718,-1.08610175218024,1.0,5.0,0.0005216784024479
28.0,33.0,0.1633046415316322,-4.409764338323455,1.0,5.0,0.0005302098751027
28.0,34.0,0.2149344827098786,-1.1967614436441816,1.0,5.0,0.0006978392295775
28.0,35.0,0.3922676225342038,-3.681950420994619,1.0,5.0,0.0012735961770591
28.0,36.0,0.2163631319044424,-3.964766155163412,1.0,5.0,0.0007024777009884
28.0,37.0,0.4272242131706715,-4.45797107463588,1.7162169331541983,5.0,0.0013870916012034
28.0,38.0,0.3515434496545246,-2.0743160846627022,1.0,5.0,0.0011413748365406
28.0,39.0,0.2640763162489773,-2.148064956740553,1.3938748048159888,5.0,0.000857390637172
28.0,40.0,0.300570267751286,-2.342169500019552,1.671126921877025,5.0,0.0009758774926989
28.0,41.0,0.4755268900562568,-2.708785276853076,0.9999999999999998,5.0,0.0015439184742086
28.0,42.0,0.2256311129635085,-0.9959164563467722,0.9999999999999998,5.0,0.0007325685485828
28.0,43.0,0.2746357830996107,-1.2763144320630728,1.0,5.0,0.0008916746204532
28.0,44.0,0.2259369574078074,-0.9959164563467722,1.0,5.0,0.0007335615500253
28.0,45.0,0.4237339139979977,-2.160087857101609,1.0000000000000002,5.0,0.0013757594610324
28.0,46.0,0.2778134402981936,-2.075111637704233,1.0,5.0,0.0009019916892798
28.0,47.0,0.3810756796105796,-3.615657859847274,1.0,5.0,0.0012372587000343
28.0,48.0,0.3274311045569607,-2.9198836571356086,1.0,5.0,0.0010630880018083
28.0,49.0,0.5232742545136824,-2.875296768873872,1.0,5.0,0.0016989423847846
28.0,50.0,0.4196181093960541,-3.811315911479947,0.9999999999999998,5.0,0.001362396459078
29.0,1.0,0.3545040730517608,-3.379438935877611,1.0000000000000002,5.0,0.001150987250168
29.0,2.0,0.2912745594844308,-3.135640612518742,1.0,5.0,0.0009456966217026
29.0,3.0,0.2938447020689513,-3.934973398427384,1.0,5.0,0.0009540412404836
29.0,4.0,0.2850851377678254,-3.135640612518742,1.0,5.0,0.0009256010966487
29.0,5.0,0.4133843124110627,-4.960321013374598,1.0,5.0,0.0013421568584774
29.0,6.0,0.3589505980307703,-4.488569730391217,1.0,5.0,0.0011654240195804
29.0,7.0,0.4836738586557957,-4.6959103034973495,1.6499474480074778,5.0,0.0015703696709603
29.0,8.0,0.5076944875815882,-4.955569858120247,1.618834322057907,5.0,0.0016483587259142
29.0,9.0,0.483792590343327,-4.695867836514831,1.649786520564688,5.0,0.0015707551634523
29.0,10.0,0.4990510347008754,-4.958377645734799,1.629642907120696,5.0,0.0016202955672106
29.0,11.0,0.53149120533547,-5.3382815557960015,1.0,5.0,0.0017256207965437
29.0,12.0,0.4216083735438232,-3.981384872034857,1.0,5.0,0.0013688583556617
29.0,13.0,0.4374924989029214,-4.090788252369147,0.9999999999999998,5.0,0.0014204301912432
29.0,14.0,0.1928320902757631,-3.3574635954744663,1.0,5.0,0.000626078215181
29.0,15.0,0.2205322580401257,-3.660665793420161,1.0,5.0,0.0007160138248056
29.0,16.0,0.1888830358137229,-3.3574635954744663,1.0,5.0,0.0006132566097848
29.0,17.0,0.5321449378442584,-5.3382815557960015,1.0,5.0,0.0017277433046891
29.0,18.0,0.4221732378200186,-3.981384872034857,1.0,5.0,0.0013706923305844
29.0,19.0,0.3285321972164616,-4.682987314572745,1.0,5.0,0.0010666629779755
29.0,20.0,0.2746358787141684,-4.16512167571347,1.0,5.0,0.0008916749308901
29.0,21.0,0.4544726135901474,-6.434301741309124,1.8531884247505497,5.0,0.0014755604337342
29.0,22.0,0.3463774175220896,-3.409162521097077,1.575390890735984,5.0,0.0011246020049418
29.0,23.0,0.2452089655697846,-3.15747725318307,1.0000000000000002,5.0,0.0007961330050967
29.0,24.0,0.2794991408816573,-3.415349156779964,1.2030295099030728,5.0,0.0009074647431222
29.0,25.0,0.2978156156855084,-3.428031609178496,1.0,5.0,0.0009669338171607
29.0,26.0,0.250813859489342,-2.9433693515667487,1.0,5.0,0.0008143307126277
29.0,27.0,0.3736360203575125,-3.070907058127037,1.533373118694367,5.0,0.0012131039621997
29.0,28.0,0.211326813136174,-2.8034781271220046,1.0,5.0,0.0006861260166758
29.0,29.0,0.0544426679966777,-0.0544426678834371,0.0,0.0,0.0001767619090801
29.0,30.0,0.3188387249976017,-2.7983390706191678,1.6251441614186046,5.0,0.0010351906655766
29.0,31.0,0.1138961816033159,-4.305371371930463,1.0,5.0,0.0003697927974133
29.0,32.0,0.3080425388422892,-2.9541781784920977,1.647079713844866,5.0,0.0010001381131243
29.0,33.0,0.1088853359933555,-4.305371371930463,1.0000000000000002,5.0,0.0003535238181602
29.0,34.0,0.3572864149048292,-3.10598227473829,2.095145306345697,5.0,0.001160020827613
29.0,35.0,0.5396955960233166,-4.757977606563764,1.3691408295655532,5.0,0.0017522584286471
29.0,36.0,0.1619438263661657,-3.425984945714771,1.0000000000000002,5.0,0.0005257916440459
29.0,37.0,0.5618195043538662,-5.53088959406287,2.2793637126471213,5.0,0.0018240892998502
29.0,38.0,0.2952612326040988,-3.634590818321083,1.6273882859632791,5.0,0.0009586403655977
29.0,39.0,0.3065967201256583,-3.428031609178496,1.0000000000000002,5.0,0.0009954438965118
29.0,40.0,0.2459445528769537,-3.1598906181030983,1.0000000000000002,5.0,0.0007985212755745
29.0,41.0,0.5719692334185366,-4.458622715477826,1.8945110613769,5.0,0.0018570429656445
29.0,42.0,0.3730177649900653,-2.914867874056426,1.534257625325232,5.0,0.0012110966395781
29.0,43.0,0.4220361926218005,-3.07540545490828,1.4721497885312125,5.0,0.0013702473786422
29.0,44.0,0.3733237335789118,-2.914854249812169,1.5338193730946774,5.0,0.0012120900440873
29.0,45.0,0.571167626797499,-3.671515777668034,1.3487856748708598,5.0,0.0018544403467451
29.0,46.0,0.4252153222912669,-3.572769703379671,1.4686172779269842,5.0,0.0013805692282183
29.0,47.0,0.5285018318935241,-4.690983799364047,1.3769657073146673,5.0,0.0017159150386153
29.0,48.0,0.4748453457560281,-4.1616613595349,1.419598061618112,5.0,0.001541705668039
29.0,49.0,0.6707245088629009,-4.212009598934203,1.2969814529980597,5.0,0.0021776769768276
29.0,50.0,0.5670513903613671,-4.874940791075338,1.3513196005741883,5.0,0.0018410759427317
30.0,1.0,0.294818809963834,-2.6885137964220585,1.0000000000000002,5.0,0.000957203928454
30.0,2.0,0.4513165347100126,-4.324677751553502,1.4545977350532655,5.0,0.0014653134243831
30.0,3.0,0.2305250063193308,-2.1023138760403794,1.0,5.0,0.0007484578127251
30.0,4.0,0.4451289049763078,-4.324457992917601,1.4609168970585975,5.0,0.0014452237174555
30.0,5.0,0.3604500284245899,-3.833848878234379,1.0,5.0,0.0011702923000798
30.0,6.0,0.518939593368841,-5.31935214947109,1.3953344533840797,5.0,0.001684868809639
30.0,7.0,0.4213957681722171,-4.207620401552161,1.984805612524652,5.0,0.0013681680784812
30.0,8.0,0.4453224097228613,-4.499456695299623,1.931439885572506,5.0,0.0014458519796196
30.0,9.0,0.4215142298279827,-4.20763522767295,1.9845277512822093,5.0,0.0013685526942466
30.0,10.0,0.4366981732995421,-4.49849642675798,1.9498984022103336,5.0,0.0014178512120115
30.0,11.0,0.5360463408503237,-3.89750513199056,1.999895202440457,5.0,0.0017404101975659
30.0,12.0,0.3642203722359687,-3.4575325611869494,1.8222722917197105,5.0,0.0011825336760908
30.0,13.0,0.3801229781188118,-3.5751414923894096,1.787875066160056,5.0,0.0012341655133727
30.0,14.0,0.3490498789603535,-3.686367601118543,1.5913407929477494,5.0,0.0011332788277933
30.0,15.0,0.1572125622905053,-1.0768003808533078,1.0,5.0,0.000510430397047
30.0,16.0,0.3451018204012953,-3.686903229005068,1.598087334775403,5.0,0.0011204604558483
30.0,17.0,0.5367045656492563,-3.897470805152788,1.998617118685922,5.0,0.001742547291069
30.0,18.0,0.3647856135262686,-3.4575422472293247,1.820997645981304,5.0,0.0011843688750852
30.0,19.0,0.2678504231022253,-2.8862891295252147,1.7617825548583368,5.0,0.0008696442308513
30.0,20.0,0.2113161829645479,-2.229757219999433,1.0,5.0,0.0006860915031316
30.0,21.0,0.3438763039045155,-6.588214022129715,1.0,5.0,0.0011164815061834
30.0,22.0,0.3066765660258964,-2.669507169696101,1.6650598197688564,5.0,0.0009957031364477
30.0,23.0,0.4091897281940493,-2.648476053461507,1.0,5.0,0.0013285380785521
30.0,24.0,0.443479898382196,-2.9761677841414382,1.1279574635447158,5.0,0.0014398697999421
30.0,25.0,0.3643556162277359,-2.7288925827907318,1.270618119753275,5.0,0.0011829727799601
30.0,26.0,0.4147946221136067,-2.504787737303258,1.0,5.0,0.0013467357860831
30.0,27.0,0.1175525052898804,-0.7199902323596645,1.0,5.0,0.0003816639782138
30.0,28.0,0.16858192697466,-2.239428553464617,1.0,5.0,0.0005473439187488
30.0,29.0,0.2197205191179758,-3.1295167978247376,1.0,5.0,0.0007133783088245
30.0,30.0,0.0584673577253421,-0.0584673576037301,0.0,0.0,0.0001898290835238
30.0,31.0,0.2722497674446438,-4.413369272576694,1.0,5.0,0.0008839278163787
30.0,32.0,0.2700089881531861,-1.8393578321283952,1.0,5.0,0.0008766525589389
30.0,33.0,0.2672389218346835,-4.413369272576694,1.0000000000000002,5.0,0.0008676588371255
30.0,34.0,0.3242665229090929,-2.041265966352075,1.0,5.0,0.0010528133860684
30.0,35.0,0.2835712250213795,-3.526382820959367,1.0,5.0,0.0009206857955239
30.0,36.0,0.3202974122074937,-4.346049717619325,1.0000000000000002,5.0,0.0010399266630113
30.0,37.0,0.3269900220699906,-3.6210320089317127,1.0,5.0,0.0010616559158116
30.0,38.0,0.4608754898537389,-2.861371075829608,1.0,5.0,0.0014963489930316
30.0,39.0,0.3731555247498763,-2.72846457352712,1.2640817033076803,5.0,0.0012115439115255
30.0,40.0,0.4099253155012184,-2.6594013141354527,1.0,5.0,0.0013309263490299
30.0,41.0,0.3668304925434325,-1.988051154010252,1.0000000000000002,5.0,0.0011910080926734
30.0,42.0,0.1169347154506842,-0.0797822554532855,1.0,5.0,0.0003796581670476
30.0,43.0,0.1659393855867863,-0.3443927581231972,1.0,5.0,0.0005387642389181
30.0,44.0,0.1172405598949831,-0.0797822554532855,1.0,5.0,0.0003806511684902
30.0,45.0,0.3150375164851735,-1.3267984119755385,1.0,5.0,0.0010228490794973
30.0,46.0,0.1691170427853693,-1.7879598008291584,1.0000000000000002,5.0,0.0005490813077447
30.0,47.0,0.2723792820977552,-3.5303313664621188,1.0,5.0,0.0008843483184992
30.0,48.0,0.2187347070441364,-2.79538222154029,1.0,5.0,0.0007101776202731
30.0,49.0,0.4145778570008582,-2.140740484879064,1.0,5.0,0.0013460320032495
30.0,50.0,0.3109217118832297,-3.59698283785788,1.0,5.0,0.0010094860775429
31.0,1.0,0.4894433116397625,-4.080046116077543,1.3530593929777968,5.0,0.001589101661168
31.0,2.0,0.426832580536927,-3.7834711675230777,1.408254974640201,5.0,0.0013858200666783
31.0,3.0,0.4340122667607454,-2.9011321971935056,1.0,5.0,0.0014091307362361
31.0,4.0,0.420609101950289,-3.785351207774128,1.4146008335222553,5.0,0.001365613967371
31.0,5.0,0.5602690139074639,-4.659989045942842,1.7153726407743302,5.0,0.0018190552399592
31.0,6.0,0.4941876290361361,-4.864763916600089,1.349734699671536,5.0,0.0016045052890783
31.0,7.0,0.6236516787945254,-4.80059269990505,1.6597888223017456,5.0,0.0020248431129692
31.0,8.0,0.6477281605608058,-5.055493296013615,1.635242720481593,5.0,0.0021030135083143
31.0,9.0,0.6237703112238059,-4.800591049522524,1.659663261336923,5.0,0.0020252282831941
31.0,10.0,0.639092022239638,-5.055603720138056,1.643832058692254,5.0,0.0020749740981806
31.0,11.0,0.7372278532449117,-4.997734718337463,1.999726559269295,5.0,0.0023935969261198
31.0,12.0,0.5664710451879068,-4.2539642522683545,1.7170401251781504,5.0,0.0018391917051555
31.0,13.0,0.5823151996032486,-4.395957288251397,1.697496572980005,5.0,0.0018906337649456
31.0,14.0,0.3290540490043998,-3.636986410348492,1.5493478465845476,5.0,0.0010683573019623
31.0,15.0,0.3593852712304534,-2.66012306558982,1.8190212108565489,5.0,0.0011668352962027
31.0,16.0,0.3250955915467953,-3.637870700526985,1.5563800293337515,5.0,0.0010555051673597
31.0,17.0,0.7378837456259804,-4.997634226999924,1.9987776354164863,5.0,0.0023957264468375
31.0,18.0,0.5670355229303923,-4.2539760949509215,1.7163263626523018,5.0,0.0018410244250986
31.0,19.0,0.470328885770667,-3.8960620556284775,1.8582507342956411,5.0,0.0015270418369177
31.0,20.0,0.4130139284330349,-3.347002359613577,1.7045778099824935,5.0,0.0013409543130942
31.0,21.0,0.4005697110557977,-5.742870525712696,1.474659323031435,5.0,0.0013005510099214
31.0,22.0,0.2937901497582089,-2.0380958185091167,1.0,5.0,0.0009538641225915
31.0,23.0,0.1921807865086812,-1.4508071405737806,1.0,5.0,0.0006239635925606
31.0,24.0,0.2264709653725271,-1.913954896830775,1.2505689006289018,5.0,0.0007352953421185
31.0,25.0,0.244787436624405,-2.0074509340119246,1.0000000000000002,5.0,0.0007947644046246
31.0,26.0,0.1977856804282386,-1.1532778471110083,1.0,5.0,0.0006421613000916
31.0,27.0,0.321039765731295,-1.6893840807972824,1.0,5.0,0.0010423369017249
31.0,28.0,0.3600232959620572,-3.036776629282819,2.076089446014993,5.0,0.0011689068050716
31.0,29.0,0.2017305897330723,-0.8356513735570262,1.0,5.0,0.0006549694471852
31.0,30.0,0.2662605545342061,-1.190556096474812,1.0,5.0,0.0008644823199162
31.0,31.0,0.0544578236525312,-0.054457823539259,0.0,0.0,0.0001768111157549
31.0,32.0,0.2554678108825621,-1.334223410235799,1.0,5.0,0.0008294409444239
31.0,33.0,0.2385994754905197,-3.061188595428231,1.7609382863828076,5.0,0.0007746736217224
31.0,34.0,0.3030727092624042,-1.7278640094618525,1.6398723403814262,5.0,0.0009840023028
31.0,35.0,0.487058485462794,-3.877395597294486,0.9999999999999998,5.0,0.001581358719035
31.0,36.0,0.1089156473050624,-0.6440200789487581,1.0,5.0,0.0003536222315099
31.0,37.0,0.5125624043362845,-4.689743555452822,1.9933044647409253,5.0,0.0016641636504424
31.0,38.0,0.2428831513679197,-2.130783863095428,1.766566375371306,5.0,0.0007885816602854
31.0,39.0,0.253568541064555,-2.0074509340119246,1.0000000000000002,5.0,0.0008232744839758
31.0,40.0,0.1929163738158503,-1.462284263600478,1.0,5.0,0.0006263518630384
31.0,41.0,0.5703177529848471,-3.1877502676349545,0.9999999999999998,5.0,0.0018516810161845
31.0,42.0,0.3204219758920987,-1.5065632629195045,1.0,5.0,0.0010403310905587
31.0,43.0,0.3694266460282009,-1.8120747347171648,0.9999999999999998,5.0,0.0011994371624292
31.0,44.0,0.3207278203363977,-1.5065632629195045,0.9999999999999998,5.0,0.0010413240920012
31.0,45.0,0.518524776926588,-2.6913396844921964,1.0,5.0,0.0016835220030084
31.0,46.0,0.3726043032267838,-2.3869698359434093,1.0,5.0,0.0012097542312557
31.0,47.0,0.4758665425391698,-3.786219757276221,1.0,5.0,0.0015450212420102
31.0,48.0,0.4222219674855511,-3.136894044516876,1.0,5.0,0.0013708505437842
31.0,49.0,0.6180651174422727,-3.366874701783129,1.0,5.0,0.0020067049267606
31.0,50.0,0.5144089723246444,-4.027195063133299,0.9999999999999996,5.0,0.001670159001054
32.0,1.0,0.5047202626533671,-3.75996211413538,1.0,5.0,0.0016387021514719
32.0,2.0,0.4414907490860371,-3.397722659195982,1.0,5.0,0.0014334115230066
32.0,3.0,0.4438647999059271,-2.841088739685304,1.0,5.0,0.001441119480214
32.0,4.0,0.4353013273694316,-3.397722659195982,1.0,5.0,0.0014133159979527
32.0,5.0,0.563600502012669,-5.014941869022992,1.0,5.0,0.0018298717597813
32.0,6.0,0.5091667876323765,-4.520015506335133,1.0,5.0,0.0016531389208843
32.0,7.0,0.6335036684550827,-4.756294573646942,1.6495186703356626,5.0,0.0020568300923866
32.0,8.0,0.6575802926406552,-5.013127249272347,1.6257170023946352,5.0,0.0021350009501319
32.0,9.0,0.6336223003249326,-4.756292987834169,1.649396987530495,5.0,0.0020572152607952
32.0,10.0,0.6489441928162424,-5.013233484521346,1.6340489799621976,5.0,0.0021069616649877
32.0,11.0,0.7447859763929677,-4.855875910084838,1.8617244675566116,5.0,0.0024181362869901
32.0,12.0,0.5760173822396557,-4.213918077345668,1.7056359551962297,5.0,0.0018701863059729
32.0,13.0,0.5918408346437236,-4.360528908515676,1.6867755649839584,5.0,0.0019215611514406
32.0,14.0,0.3430482798773694,-3.017461055663092,1.0,5.0,0.0011137931164849
32.0,15.0,0.370582206455958,-2.3578895538093683,1.5500562063237582,5.0,0.0012031889819998
32.0,16.0,0.3390992254153293,-3.017461055663092,1.0,5.0,0.0011009715110887
32.0,17.0,0.7454413672445432,-4.855826131224933,1.860943941520261,5.0,0.0024202641793654
32.0,18.0,0.5765810710299426,-4.213952805548491,1.704947503005371,5.0,0.0018720164643829
32.0,19.0,0.4820298428529594,-3.636225009396533,1.6472274369639806,5.0,0.0015650319573148
32.0,20.0,0.4246882732547065,-3.060803417197081,1.4800017519865274,5.0,0.0013788580300477
32.0,21.0,0.2146437082696171,-7.666540320729925,1.0,5.0,0.0006968951567195
32.0,22.0,0.1025466211916336,-1.7439911030499813,1.0,5.0,0.0003329435752975
32.0,23.0,0.20340502235685,-0.9534050343832448,1.0,5.0,0.000660405916743
32.0,24.0,0.2376952003271652,-1.481432328005809,1.2387367473439836,5.0,0.0007717376633998
32.0,25.0,0.1643865927077198,-1.4159285987942416,1.6624548956754226,5.0,0.0005337227035964
32.0,26.0,0.2090099162764074,-0.6630735939767718,1.0,5.0,0.000678603624274
32.0,27.0,0.3308922988764766,-1.5962292105099136,1.0,5.0,0.0010743256457028
32.0,28.0,0.3716265385228903,-2.6653022973948555,1.5517022484797027,5.0,0.0012065796705288
32.0,29.0,0.2115831228782541,-0.646002547463124,1.0,5.0,0.0006869581911631
32.0,30.0,0.2761130876793879,-1.0710166692028518,1.0,5.0,0.0008964710638941
32.0,31.0,0.2641123712049221,-2.5106104752207115,1.0,5.0,0.0008575076987172
32.0,32.0,0.0512733105958168,-0.0512733104891684,0.0,0.0,0.0001664717876487
32.0,33.0,0.2591015255949618,-2.5106104752207115,1.0,5.0,0.0008412387194641
32.0,34.0,0.1184818170718935,-0.0913059012709925,1.0,5.0,0.0003846812242593
32.0,35.0,0.4811917162363029,-4.46385993539619,1.8224677550701016,5.0,0.0015623107670009
32.0,36.0,0.2943141062579695,-1.3626142096351317,1.0,5.0,0.0009555652800583
32.0,37.0,0.3425108151945554,-4.253935960595356,1.37802566260376,5.0,0.001112048101281
32.0,38.0,0.2550907840165395,-1.1997392673987513,1.0,5.0,0.0008282168312225
32.0,39.0,0.173143854459861,-1.4190279255553202,1.626648588536178,5.0,0.0005621553716229
32.0,40.0,0.2041406096640191,-0.9694312652249092,1.0,5.0,0.0006627941872208
32.0,41.0,0.5801702861300289,-3.1599028453362834,0.9999999999999998,5.0,0.0018836697601624
32.0,42.0,0.3302745090372804,-1.4199581804180357,1.0,5.0,0.0010723198345366
32.0,43.0,0.3792791791733826,-1.7465114429745263,0.9999999999999998,5.0,0.001231425906407
32.0,44.0,0.3305803534815794,-1.4199581804180357,1.0,5.0,0.0010733128359791
32.0,45.0,0.5283773100717697,-2.659991169564039,1.0,5.0,0.0017155107469862
32.0,46.0,0.3824568363719655,-2.30513712151558,1.0,5.0,0.0012417429752336
32.0,47.0,0.4824011637831174,-4.268730476861933,1.7138239645930224,5.0,0.0015662375447503
32.0,48.0,0.4320745006307326,-3.0618115975731257,1.0,5.0,0.0014028392877621
32.0,49.0,0.5887810252357467,-3.7561910310739615,1.8868488133421728,5.0,0.0019116267053108
32.0,50.0,0.4897907857101877,-4.179644666346392,1.8851646085599287,5.0,0.0015902298237343
33.0,1.0,0.484473282825426,-4.056678950292564,1.3568826728562189,5.0,0.0015729652039786
33.0,2.0,0.4218778213214215,-3.761106120954696,1.4133772904470012,5.0,0.0013697331861085
33.0,3.0,0.429001421150785,-2.86676918328894,1.0,5.0,0.001392861756983
33.0,4.0,0.4156541009294319,-3.763044830676254,1.4198848488160023,5.0,0.0013495263017189
33.0,5.0,0.5552891716697197,-4.637024602840555,1.721809724850104,5.0,0.0018028869210055
33.0,6.0,0.4892221401698381,-4.849914582490621,1.3534858684303868,5.0,0.0015883835719799
33.0,7.0,0.6186409266380936,-4.777700710696859,1.6651376666300064,5.0,0.0020085744371366
33.0,8.0,0.6427173502642676,-5.033648283457932,1.6401994847652903,5.0,0.0020867446437151
33.0,9.0,0.6187595593591414,-4.777699028486177,1.6650100617749322,5.0,0.0020089596083089
33.0,10.0,0.6340811918785243,-5.033760771826584,1.6489243116138144,5.0,0.0020587051684367
33.0,11.0,0.732442517224942,-4.972472858692941,2.007060910482475,5.0,0.0023780601208602
33.0,12.0,0.5614692366940318,-4.228346446976085,1.7234346643797112,5.0,0.0018229520671884
33.0,13.0,0.5773127250990531,-4.370507520089109,1.7035457978518276,5.0,0.0018743919646073
33.0,14.0,0.3241740096715683,-3.620757027557626,1.558301695033661,5.0,0.0010525130184141
33.0,15.0,0.3544311584440038,-2.624725487728624,1.8315332493656944,5.0,0.0011507505144285
33.0,16.0,0.3202155615001664,-3.621677578589371,1.565567191806905,5.0,0.0010396609139615
33.0,17.0,0.7330984161407621,-4.9723707208055865,2.0060978913462204,5.0,0.0023801896627946
33.0,18.0,0.5620337108248128,-4.228358534623545,1.7227081202585564,5.0,0.0018247847754052
33.0,19.0,0.4653821687185137,-3.870404653684061,1.8680955807975343,5.0,0.0015109810672679
33.0,20.0,0.4080596548456575,-3.318576153714351,1.7138139826280383,5.0,0.0013248690092391
33.0,21.0,0.3955574310365173,-5.749701573937906,1.4807916868346314,5.0,0.0012842773734951
33.0,22.0,0.2887793041482485,-2.0008182289496466,1.0,5.0,0.0009375951433384
33.0,23.0,0.1871699408987209,-1.4124408125082906,1.0,5.0,0.0006076946133075
33.0,24.0,0.2214601201916487,-1.882118113474018,1.256238376708117,5.0,0.0007190263642586
33.0,25.0,0.2397765910144447,-1.9747975522798544,0.9999999999999998,5.0,0.0007784954253715
33.0,26.0,0.1927748348182782,-1.1066026037205554,1.0,5.0,0.0006258923208385
33.0,27.0,0.3160289201213346,-1.6441125423643177,1.0,5.0,0.0010260679224718
33.0,28.0,0.3551625509386791,-3.0084850384225734,2.0919229952761493,5.0,0.0011531251653853
33.0,29.0,0.196719744123112,-0.7795713838530381,1.0,5.0,0.0006387004679321
33.0,30.0,0.2612497089242458,-1.138697640437923,1.0,5.0,0.0008482133406631
33.0,31.0,0.2388545855662218,-3.0549262278902525,1.7609382863828076,5.0,0.000775501901189
33.0,32.0,0.2504569652726017,-1.2864392720994864,1.0,5.0,0.0008131719651707
33.0,33.0,0.051952400847551,-0.0519524007394901,0.0,0.0,0.0001686766261284
33.0,34.0,0.298073769554891,-1.6846536579426468,1.6507471126616369,5.0,0.0009677719790743
33.0,35.0,0.4820476398528336,-3.851592509609541,1.0000000000000002,5.0,0.0015650897397819
33.0,36.0,0.103904801695102,-0.6020387912881227,1.0,5.0,0.0003373532522568
33.0,37.0,0.5078821623658979,-4.670937591663903,2.0042949292411065,5.0,0.0016489680596295
33.0,38.0,0.2379221278679554,-2.098166810776623,1.78363156340427,5.0,0.0007724744411297
33.0,39.0,0.2485576954545947,-1.9747975522798544,1.0,5.0,0.0008070055047227
33.0,40.0,0.18790552820589,-1.423967043995776,1.0,5.0,0.0006100828837853
33.0,41.0,0.5653069073748868,-3.152012837919034,0.9999999999999996,5.0,0.0018354120369314
33.0,42.0,0.3154111302821384,-1.4580092450177686,1.0,5.0,0.0010240621113056
33.0,43.0,0.3644158004182406,-1.7662975560491552,0.9999999999999998,5.0,0.0011831681831761
33.0,44.0,0.3157169747264373,-1.4580092450177686,0.9999999999999998,5.0,0.0010250551127481
33.0,45.0,0.5135139313166276,-2.6519622088749726,1.0,5.0,0.0016672530237552
33.0,46.0,0.3675934576168234,-2.349839600581893,1.0,5.0,0.0011934852520026
33.0,47.0,0.4708556969292094,-3.760622431869286,1.0,5.0,0.0015287522627571
33.0,48.0,0.4172111218755905,-3.1067875395272235,1.0,5.0,0.0013545815645311
33.0,49.0,0.6130542718323124,-3.331661323358568,1.0,5.0,0.0019904359475075
33.0,50.0,0.5093981267146839,-4.001510247867927,0.9999999999999998,5.0,0.0016538900218009
34.0,1.0,0.4534219376853637,-3.6001886323292043,1.0,5.0,0.0014721491483291
34.0,2.0,0.3901924241180337,-3.2567805106477694,1.0,5.0,0.0012668585198637
34.0,3.0,0.3925664749379237,-2.613351795350344,1.0000000000000002,5.0,0.0012745664770711
34.0,4.0,0.3840030024014283,-3.2567805106477694,1.0,5.0,0.0012467629948098
34.0,5.0,0.5123021770446655,-4.94967431681264,1.0,5.0,0.0016633187566385
34.0,6.0,0.4578684626643733,-4.451790007077802,1.0,5.0,0.0014865859177414
34.0,7.0,0.5822070521666829,-4.612788330355345,1.7068015570066963,5.0,0.0018902826369048
34.0,8.0,0.6062829817007495,-4.8765284341259845,1.67870725353246,5.0,0.0019684512392881
34.0,9.0,0.5823256871461798,-4.612786389618999,1.7066574668653889,5.0,0.0018906678154096
34.0,10.0,0.5976466681865304,-4.87665762789663,1.6885212897996866,5.0,0.0019404112603458
34.0,11.0,0.6956404527930093,-4.666456229709016,1.9277556257446424,5.0,0.0022585728986786
34.0,12.0,0.5248953288024052,-4.049813014954503,1.7743099529099429,5.0,0.0017042056129948
34.0,13.0,0.5407087921397967,-4.193238554598427,1.7516586376780086,5.0,0.0017555480264279
34.0,14.0,0.291749954909366,-2.9733488968820163,1.0,5.0,0.000947240113342
34.0,15.0,0.3192801415183678,-2.139906910401057,1.6383968426109463,5.0,0.0010366238360985
34.0,16.0,0.2878009004473258,-2.9733488968820163,1.0,5.0,0.0009344185079458
34.0,17.0,0.6962961039383624,-4.666396518891959,1.9268501109397165,5.0,0.0022607016361635
34.0,18.0,0.5254588976634488,-4.049856395309561,1.7734810498587903,5.0,0.0017060353820241
34.0,19.0,0.4307891680693169,-3.4857029831897908,1.72475707800227,5.0,0.0013986661300951
34.0,20.0,0.3733871036193253,-2.8977643434304428,1.545924987261658,5.0,0.0012122957909718
34.0,21.0,0.2613736133180923,-6.535662876478738,1.0,5.0,0.0008486156276561
34.0,22.0,0.2523443579353872,-1.7262979122716322,1.0,5.0,0.0008192998634265
34.0,23.0,0.1521066973888466,-0.7374121721933228,1.0,5.0,0.0004938529136001
34.0,24.0,0.1863968803173444,-1.331596501039613,1.304439587883699,5.0,0.000605184676355
34.0,25.0,0.1165641474465399,-0.7358160909224153,1.0000000000000002,5.0,0.000378455024177
34.0,26.0,0.1577115913084039,-0.3466300762927222,1.0,5.0,0.0005120506211311
34.0,27.0,0.2795939739084732,-1.301048863398243,1.0000000000000002,5.0,0.0009077726425599
34.0,28.0,0.3212028528531708,-2.5008645111054557,1.6383861649422131,5.0,0.0010428664053674
34.0,29.0,0.1602847979102507,-0.3313142974698577,1.0,5.0,0.0005204051880202
34.0,30.0,0.2248147627113844,-0.736808046160837,1.0,5.0,0.0007299180607512
34.0,31.0,0.2128140462369187,-2.6030288558018717,1.0,5.0,0.0006909546955744
34.0,32.0,0.2140220190597404,-0.9201254377289534,1.0,5.0,0.0006948766852588
34.0,33.0,0.2078032006269584,-2.6030288558018717,1.0,5.0,0.0006746857163212
34.0,34.0,0.0582820737232699,-0.0582820736020434,0.0,0.0,0.0001892275120885
34.0,35.0,0.436971352317859,-4.225755181567518,1.7924482014366223,5.0,0.0014187381568761
34.0,36.0,0.2430157812899661,-1.0751032677755028,1.0,5.0,0.0007890122769154
34.0,37.0,0.389535855975064,-3.904152709321973,1.641672544401864,5.0,0.0012647268051138
34.0,38.0,0.2037924590485362,-0.927777264713293,1.0,5.0,0.0006616638280796
34.0,39.0,0.1253452518866899,-0.7358160909224153,1.0000000000000002,5.0,0.0004069651035282
34.0,40.0,0.1528422846960157,-0.7537108070854394,0.9999999999999998,5.0,0.0004962411840779
34.0,41.0,0.5288719611620254,-2.8867454589178374,0.9999999999999998,5.0,0.0017171167570195
34.0,42.0,0.278976184069277,-1.087068777515568,1.0,5.0,0.0009057668313937
34.0,43.0,0.3279808542053792,-1.4196697360219233,1.0,5.0,0.0010648729032642
34.0,44.0,0.279282028513576,-1.087068777515568,1.0,5.0,0.0009067598328362
34.0,45.0,0.4770789851037663,-2.35796274729612,1.0,5.0,0.0015489577438433
34.0,46.0,0.3311585114039621,-2.074868831729839,1.0,5.0,0.0010751899720907
34.0,47.0,0.4344207507163481,-3.577163641417293,1.0,5.0,0.0014104569828452
34.0,48.0,0.3807761756627293,-2.8883182776114227,1.0,5.0,0.0012362862846192
34.0,49.0,0.5643007339544277,-3.5322839568867987,1.8850940230214197,5.0,0.0018321452401117
34.0,50.0,0.4763239383563657,-4.075176400668208,1.8812408352130623,5.0,0.0015465062933648
35.0,1.0,0.3602772049426437,-3.031768113789401,1.0000000000000002,5.0,0.0011697311848787
35.0,2.0,0.5062083593632579,-3.651897498085673,1.0,5.0,0.0016435336342962
35.0,3.0,0.2959834012981405,-2.480489137492456,1.0,5.0,0.0009609850691498
35.0,4.0,0.5000189376466525,-3.651897498085673,1.0000000000000002,5.0,0.0016234381092423
35.0,5.0,0.4259084234033996,-4.051430019641363,1.0,5.0,0.0013828195565045
35.0,6.0,0.5738843979095974,-4.688465870907891,1.0,5.0,0.001863261032174
35.0,7.0,0.4861569905258227,-4.4853585964780205,1.853914436545582,5.0,0.0015784317874215
35.0,8.0,0.5101059262619397,-4.760469720899774,1.8135799148379967,5.0,0.001656188072279
35.0,9.0,0.4862754498464756,-4.485370685028414,1.853705950899695,5.0,0.0015788163956054
35.0,10.0,0.5014819558308797,-4.75967405697875,1.8275980589114251,5.0,0.001628188168282
35.0,11.0,0.5980793262701167,-4.248829898776635,1.8864515218096505,5.0,0.0019418159943834
35.0,12.0,0.4297360453713145,-3.742882387547531,1.6968914337196457,5.0,0.0013952469005562
35.0,13.0,0.4456348842928541,-3.872018240608312,1.6720259568325724,5.0,0.0014468665074443
35.0,14.0,0.4077658901545903,-3.217819797190236,1.0,5.0,0.0013239152277746
35.0,15.0,0.222670957269315,-1.5836182472957392,1.0,5.0,0.0007229576534718
35.0,16.0,0.4038168356925501,-3.217819797190236,1.0,5.0,0.0013110936223784
35.0,17.0,0.5987363124260998,-4.248808069261576,1.8854494991960904,5.0,0.0019439490663185
35.0,18.0,0.4303012201284075,-3.742889401304924,1.695975664488219,5.0,0.0013970818835337
35.0,19.0,0.3332411003724474,-3.1357155317053755,1.6117391756354815,5.0,0.0010819516245858
35.0,20.0,0.2767745779433577,-2.505738916447564,1.0,5.0,0.0008986187595563
35.0,21.0,0.279361318546838,-6.37137312783862,1.0,5.0,0.0009070172680092
35.0,22.0,0.1672642314688544,-1.3997987769247306,1.0,5.0,0.0005430656865871
35.0,23.0,0.2681226326340709,-1.373518324355283,1.0,5.0,0.0008705280280326
35.0,24.0,0.3024128068309528,-1.8266025539073816,1.187646058798267,5.0,0.0009818597624381
35.0,25.0,0.2265068927334633,-1.587079654041352,1.4496957788797182,5.0,0.0007354119893943
35.0,26.0,0.2737275265536282,-1.153306079018605,1.0,5.0,0.0008887257355637
35.0,27.0,0.1830109002686901,-1.2467602194174408,1.0,5.0,0.0005941912346386
35.0,28.0,0.2340403219534696,-2.3879374017333763,1.0000000000000002,5.0,0.0007598711751736
35.0,29.0,0.276300733155475,-1.136703403187748,1.0,5.0,0.0008970803024528
35.0,30.0,0.1282316890716013,-0.8300924783643399,1.0,5.0,0.0004163366528298
35.0,31.0,0.328829981482143,-2.660033045066008,1.0,5.0,0.0010676298100069
35.0,32.0,0.1289418925932077,-0.2931187079490744,1.0,5.0,0.0004186425084195
35.0,33.0,0.3238191358721827,-2.660033045066008,1.0,5.0,0.0010513608307538
35.0,34.0,0.1831994273491145,-0.5411778839326394,1.0,5.0,0.000594803335549
35.0,35.0,0.0641158445358006,-0.0641158444024398,0.0,0.0,0.0002081683264149
35.0,36.0,0.3590317165351904,-1.7940898018492668,1.0,5.0,0.001165687391348
35.0,37.0,0.3846558396642828,-4.473942880463385,1.7967085029720151,5.0,0.0012488825963126
35.0,38.0,0.3198083942937604,-1.6310375766928995,1.0,5.0,0.0010383389425122
35.0,39.0,0.2353238737199825,-1.5851511163024368,1.4318685630099917,5.0,0.0007640385510389
35.0,40.0,0.2688582199412399,-1.3881021355372871,1.0,5.0,0.0008729162985105
35.0,41.0,0.4322888875222422,-2.5181156142392007,1.0,5.0,0.0014035353490981
35.0,42.0,0.1823931104294938,-0.8887991499790058,1.0,5.0,0.0005921854234723
35.0,43.0,0.231397780565596,-1.1064673869057255,1.0,5.0,0.0007512914953428
35.0,44.0,0.1826989548737928,-0.8887991499790058,1.0,5.0,0.0005931784249149
35.0,45.0,0.3804959114639832,-1.9451356433804856,1.0,5.0,0.001235376335922
35.0,46.0,0.2345754377641789,-2.077834086446733,1.0,5.0,0.0007616085641694
35.0,47.0,0.337837677076565,-3.648597152824749,1.0,5.0,0.0010968755749239
35.0,48.0,0.2841931020229461,-2.951036069729251,1.0,5.0,0.0009227048766978
35.0,49.0,0.4800362519796677,-2.6707441159353804,1.0,5.0,0.0015585592596742
35.0,50.0,0.3763801068620395,-3.7958727428423193,1.0,5.0,0.0012220133339676
36.0,1.0,0.4569584203000487,-3.399376124648757,1.6712397094553793,5.0,0.0014836312347404
36.0,2.0,0.3918510044620295,-3.263576759526635,1.0,5.0,0.0012722435209806
36.0,3.0,0.3942250552819194,-2.623288025708719,1.0000000000000004,5.0,0.001279951478188
36.0,4.0,0.3856615827454241,-3.263576759526635,1.0,5.0,0.0012521479959267
36.0,5.0,0.5207386853314696,-4.477904872025961,1.7698892387652183,5.0,0.0016907100173099
36.0,6.0,0.459527043008369,-4.45569349744585,1.0,5.0,0.0014919709188583
36.0,7.0,0.5838655615060476,-4.619051621941942,1.7047918732064806,5.0,0.0018956674074871
36.0,8.0,0.6079415170945217,-4.882487045445447,1.6768539500206951,5.0,0.0019738360944627
36.0,9.0,0.5839841963772477,-4.619049694174448,1.7046486012206323,5.0,0.0018960525856404
36.0,10.0,0.5993052110119258,-4.882615403798985,1.6866140765503674,5.0,0.0019457961396491
36.0,11.0,0.6912760247865393,-4.508148189607635,1.7577673120271229,5.0,0.0022444026778783
36.0,12.0,0.526759750846119,-4.049879165770936,1.771164235372288,5.0,0.0017102589313185
36.0,13.0,0.5425981103261026,-4.193014973772651,1.7486051761119468,5.0,0.0017616821763834
36.0,14.0,0.2934085352533618,-2.977061812229296,1.0,5.0,0.0009526251144589
36.0,15.0,0.3209126112530939,-1.7263329541077328,1.0000000000000002,5.0,0.00104192406251
36.0,16.0,0.2894594807913216,-2.977061812229296,1.0,5.0,0.0009398035090627
36.0,17.0,0.6919318292195038,-4.508136812774774,1.7570369291617325,5.0,0.0022465319130503
36.0,18.0,0.527324198684691,-4.049893152633235,1.7703387081405657,5.0,0.001712091554171
36.0,19.0,0.4317133724768022,-3.1662637768264696,1.4711414006930448,5.0,0.0014016667937558
36.0,20.0,0.3750162319271365,-2.539095403315561,1.0,5.0,0.0012175851685945
36.0,21.0,0.3607857411882245,-5.826786733238687,1.5281492125168494,5.0,0.0011713822765851
36.0,22.0,0.254002938279383,-1.7360783089755585,1.0,5.0,0.0008246848645434
36.0,23.0,0.1523935750298553,-1.1415555666555277,1.0,5.0,0.0004947843345125
36.0,24.0,0.1866837579234237,-1.6640426981704293,1.3039717540577964,5.0,0.0006061160971539
36.0,25.0,0.2050002251455791,-1.750098790736551,1.0000000000000002,5.0,0.0006655851465765
36.0,26.0,0.1579984689494127,-0.7609184897697855,1.0,5.0,0.0005129820420435
36.0,27.0,0.2812525542524691,-1.3146393303211623,1.0,5.0,0.0009131576436768
36.0,28.0,0.3228304247891487,-2.5090614151024546,1.6351592546523832,5.0,0.0010481507298348
36.0,29.0,0.1619433782542464,-0.3487474918766834,1.0,5.0,0.0005257901891371
36.0,30.0,0.2264733430553802,-0.7528930487176774,1.0,5.0,0.0007353030618681
36.0,31.0,0.2144726265809145,-2.6018759271981464,1.0,5.0,0.0006963396966912
36.0,32.0,0.2156805994037361,-0.9341154424587615,1.0,5.0,0.0007002616863757
36.0,33.0,0.2094617809709542,-2.6018759271981464,1.0,5.0,0.0006800707174381
36.0,34.0,0.269938134159643,-1.2252418187798153,1.0,5.0,0.0008764225135053
36.0,35.0,0.4472712739839681,-3.6728070004470217,1.0000000000000004,5.0,0.0014521794609869
36.0,36.0,0.0761967875149276,-0.0761967873564385,0.0,0.0,0.0002473921672562
36.0,37.0,0.4755315515169573,-4.542705295950089,2.087893196800444,5.0,0.0015439336088212
36.0,38.0,0.2040793366895449,-1.231499500310299,1.0,5.0,0.000662595248992
36.0,39.0,0.2137813295857291,-1.750098790736551,1.0000000000000002,5.0,0.0006940952259276
36.0,40.0,0.1531291623370244,-1.1534345553796104,1.0,5.0,0.0004971726049903
36.0,41.0,0.5305305415060213,-2.8977438944378733,1.0,5.0,0.0017225017581364
36.0,42.0,0.2806347644132728,-1.1021130737071367,1.0000000000000002,5.0,0.0009111518325106
36.0,43.0,0.329639434549375,-1.4338578081564874,1.0,5.0,0.001070257904381
36.0,44.0,0.2809406088575717,-1.1021130737071367,1.0,5.0,0.0009121448339531
36.0,45.0,0.4787375654477621,-2.370209714627866,1.0000000000000002,5.0,0.0015543427449602
36.0,46.0,0.3328170917479578,-2.0854148276793256,1.0000000000000002,5.0,0.0010805749732076
36.0,47.0,0.4360793310603438,-3.5837871167892543,1.0000000000000002,5.0,0.0014158419839621
36.0,48.0,0.382434756006725,-2.896383952320716,1.0000000000000002,5.0,0.0012416712857361
36.0,49.0,0.5782779059634466,-3.0813222699281217,1.0,5.0,0.0018775256687124
36.0,50.0,0.4746217608458184,-3.823183946825913,1.0,5.0,0.0015409797430059
37.0,1.0,0.4254455158430521,-3.387400720246302,1.0000000000000004,5.0,0.00138131660988
37.0,2.0,0.5713766702636666,-4.022318102217423,1.0,5.0,0.0018551190592976
37.0,3.0,0.361151712198549,-2.869971387655513,1.0000000000000002,5.0,0.0011725704941511
37.0,4.0,0.565187248547061,-4.022318102217423,1.0,5.0,0.0018350235342437
37.0,5.0,0.4910767343038081,-4.309224993634442,1.0,5.0,0.0015944049815058
37.0,6.0,0.6390527088100061,-4.974771520266875,1.0,5.0,0.0020748464571753
37.0,7.0,0.5513328990736723,-4.872613633477823,2.114653584372532,5.0,0.0017900418801093
37.0,8.0,0.5753181657959281,-5.12849829228224,2.067926321689125,5.0,0.001867916122714
37.0,9.0,0.5514514331772189,-4.872615763991812,2.1144133883773346,5.0,0.0017904267310948
37.0,10.0,0.5666888922934858,-5.1283614380411136,2.0842252449706504,5.0,0.0018398990009528
37.0,11.0,0.6584882316275025,-4.720079264812083,2.080912843858812,5.0,0.0021379488039853
37.0,12.0,0.4952697468649695,-4.223372712831667,2.0054828149623014,5.0,0.0016080186586524
37.0,13.0,0.5111866558061318,-4.349753575839924,1.9742198401738456,5.0,0.0016596969344354
37.0,14.0,0.4729342010549989,-3.5848434029553866,0.9999999999999998,5.0,0.0015355006527759
37.0,15.0,0.2878392681697233,-2.061283315974017,1.0000000000000002,5.0,0.0009345430784731
37.0,16.0,0.4689851465929587,-3.5848434029553866,1.0,5.0,0.0015226790473797
37.0,17.0,0.6591421762935986,-4.720062266769211,2.0798390833836127,5.0,0.0021400720009532
37.0,18.0,0.4958351478040959,-4.223357130248912,2.0043366852661952,5.0,0.0016098543759873
37.0,19.0,0.3986895352911787,-3.638299038039751,2.0092409518962544,5.0,0.0012944465431531
37.0,20.0,0.341942888843766,-2.845020854606866,1.0000000000000002,5.0,0.0011102041845576
37.0,21.0,0.273375450347033,-6.893778728496863,1.0,5.0,0.0008875826309968
37.0,22.0,0.2324325423692629,-1.8299221704770603,0.9999999999999998,5.0,0.0007546511115885
37.0,23.0,0.3332909435344794,-1.9611366786811104,1.0,5.0,0.001082113453034
37.0,24.0,0.3675811154214025,-2.346615084969344,1.1543783513289194,5.0,0.0011934451799396
37.0,25.0,0.2897995338222767,-2.0942400341797045,1.344330975962487,5.0,0.000940907577345
37.0,26.0,0.3388958374540367,-1.7845078025084942,1.0,5.0,0.001100311160565
37.0,27.0,0.2481792111690985,-1.742189101551375,1.0,5.0,0.0008057766596399
37.0,28.0,0.299208632853878,-2.682001277459904,1.0,5.0,0.0009714566001749
37.0,29.0,0.3414690440558834,-1.769855303255521,1.0,5.0,0.0011086657274541
37.0,30.0,0.1933999999720097,-1.3483842642505703,1.0,5.0,0.0006279220778312
37.0,31.0,0.3939982923825515,-3.0433263191070914,0.9999999999999998,5.0,0.0012792152350082
37.0,32.0,0.1941102034936161,-1.0273800693893689,1.0,5.0,0.0006302279334208
37.0,33.0,0.3889874467725911,-3.0433263191070914,0.9999999999999998,5.0,0.0012629462557551
37.0,34.0,0.2483677382495229,-1.2520060370641315,0.9999999999999998,5.0,0.0008063887605503
37.0,35.0,0.1121333294260431,-0.7627535660329842,1.0,5.0,0.0003640692513832
37.0,36.0,0.4242000274355988,-2.3474028725248823,1.0,5.0,0.0013772728163493
37.0,37.0,0.0560666647130215,-0.056066664596403,0.0,0.0,0.0001820346256916
37.0,38.0,0.3849767051941689,-2.197734393601221,1.0,5.0,0.0012499243675135
37.0,39.0,0.2986073070109902,-2.0933579145230485,1.3338047417737735,5.0,0.0009695042435421
37.0,40.0,0.3340265308416484,-1.9737850553191325,1.0000000000000002,5.0,0.0010845017235118
37.0,41.0,0.4974567905755684,-3.237681016989808,1.401016696210449,5.0,0.0016151194499206
37.0,42.0,0.2475614213299022,-1.4941738114272145,1.0,5.0,0.0008037708484737
37.0,43.0,0.2965657454497937,-2.1788222337463594,1.6726635962584688,5.0,0.0009628757969149
37.0,44.0,0.2478672657742012,-1.4941738114272145,1.0,5.0,0.0008047638499162
37.0,45.0,0.2508220764517055,-3.108451175193472,1.0000000000000002,5.0,0.0008143573910769
37.0,46.0,0.3036642665122617,-2.6860428480249703,1.6729964495897975,5.0,0.0009859229432216
37.0,47.0,0.2018784285402728,-3.124979420741318,1.0000000000000002,5.0,0.0006554494433125
37.0,48.0,0.1482338534866541,-2.2118652848200653,1.0,5.0,0.0004812787450865
37.0,49.0,0.2636432640432672,-3.131542815454156,1.0,5.0,0.0008559846235171
37.0,50.0,0.2404208583257474,-3.096231825356396,1.0,5.0,0.0007805872023563
38.0,1.0,0.4735539040268821,-3.4348082261350004,1.6477158319152572,5.0,0.0015375126754119
38.0,2.0,0.4084785410558534,-3.2760135038658804,1.0,5.0,0.0013262290294021
38.0,3.0,0.4108525918757434,-2.666900193478372,1.0000000000000002,5.0,0.0013339369866095
38.0,4.0,0.402289119339248,-3.2760135038658804,1.0,5.0,0.0013061335043482
38.0,5.0,0.5372531662859785,-4.496886024354611,1.7461266124903498,5.0,0.0017443284619674
38.0,6.0,0.4761545796021931,-4.448137724864109,1.0,5.0,0.0015459564272798
38.0,7.0,0.6004923026225321,-4.644173760136906,1.6852585561772129,5.0,0.00194965033319
38.0,8.0,0.6245685184993275,-4.906355736415112,1.6588187356673938,5.0,0.0020278198652575
38.0,9.0,0.6006109364387122,-4.644171958206911,1.6851231150042143,5.0,0.0019500355079178
38.0,10.0,0.6159322848578611,-4.906475977009634,1.668062106883552,5.0,0.0019997801456424
38.0,11.0,0.7072518648342881,-4.555687811252139,1.7396206452516674,5.0,0.002296272288423
38.0,12.0,0.54335251156713,-4.078949670325692,1.7475816526666483,5.0,0.0017641315310621
38.0,13.0,0.5591936242134022,-4.224587761473742,1.7263623187235262,5.0,0.0018155637149785
38.0,14.0,0.3100360718471857,-2.941977701049841,1.0,5.0,0.0010066106228804
38.0,15.0,0.3375401478469179,-1.7784642229999872,1.0,5.0,0.0010959095709315
38.0,16.0,0.3060870173851456,-2.941977701049841,1.0,5.0,0.0009937890174842
38.0,17.0,0.7079075227092188,-4.5556775049702365,1.738925051194737,5.0,0.0022984010477572
38.0,18.0,0.543916972209594,-4.078962658673349,1.7468058208327966,5.0,0.0017659641954856
38.0,19.0,0.4483489217911817,-3.1963763102229525,1.4535914423304153,5.0,0.0014556783175038
38.0,20.0,0.3916437685209604,-2.573093395650984,1.0000000000000002,5.0,0.0012715706770161
38.0,21.0,0.3773936176508375,-5.700982907403676,1.5043943553844277,5.0,0.0012253039534118
38.0,22.0,0.2706304748732069,-1.7461980498377694,1.0,5.0,0.0008786703729649
38.0,23.0,0.1690211116236793,-1.083089252813646,1.0,5.0,0.000548769842934
38.0,24.0,0.2033112926480503,-1.608910598236326,1.279111822011305,5.0,0.0006601015995066
38.0,25.0,0.2216277617394031,-1.7147403165001256,0.9999999999999998,5.0,0.000719570654998
38.0,26.0,0.1746260055432367,-0.738626871674768,0.9999999999999998,5.0,0.000566967550465
38.0,27.0,0.297880090846293,-1.366699620945912,1.0000000000000002,5.0,0.0009671431520983
38.0,28.0,0.3391378670760939,-2.521454705466661,1.6045258913948728,5.0,0.0011010969710262
38.0,29.0,0.1785709148480704,-0.3705950766113647,1.0000000000000002,5.0,0.0005797756975586
38.0,30.0,0.2431008796492042,-0.8076757808297912,1.0,5.0,0.0007892885702896
38.0,31.0,0.2311001631747385,-2.493872403282221,1.0,5.0,0.0007503252051127
38.0,32.0,0.2323081359975601,-0.9638353378982664,1.0000000000000002,5.0,0.0007542471947972
38.0,33.0,0.2260893175647782,-2.493872403282221,1.0,5.0,0.0007340562258596
38.0,34.0,0.2865656707534668,-1.2762006700059514,1.0,5.0,0.0009304080219268
38.0,35.0,0.4638988105777921,-3.692885729673921,1.0000000000000002,5.0,0.0015061649694084
38.0,36.0,0.0857559724200605,0.1135493531163469,1.0,5.0,0.0002784284818833
38.0,37.0,0.4907702119035912,-4.540662038507684,2.0462392455348035,5.0,0.0015934097789077
38.0,38.0,0.0428779862100302,-0.0428779861208441,0.0,0.0,0.0001392142409416
38.0,39.0,0.2304088661795531,-1.7147403165001256,0.9999999999999998,5.0,0.0007480807343491
38.0,40.0,0.1697566989308484,-1.0966454879182834,0.9999999999999998,5.0,0.0005511581134118
38.0,41.0,0.5471580780998452,-2.9651187306802056,0.9999999999999998,5.0,0.0017764872665579
38.0,42.0,0.2972623010070968,-1.1679532559190469,1.0,5.0,0.0009651373409321
38.0,43.0,0.346266971143199,-1.504886301508033,1.0,5.0,0.0011242434128025
38.0,44.0,0.2975681454513958,-1.1679532559190469,1.0,5.0,0.0009661303423746
38.0,45.0,0.4953651020415861,-2.444853377501963,1.0000000000000002,5.0,0.0016083282533817
38.0,46.0,0.3494446283417818,-2.122053803547105,1.0,5.0,0.0011345604816291
38.0,47.0,0.4527068676541678,-3.5996111030187565,1.0,5.0,0.0014698274923836
38.0,48.0,0.399062292600549,-2.9189255793756086,1.0,5.0,0.0012956567941576
38.0,49.0,0.5949054425572707,-3.151786565771242,1.0,5.0,0.0019315111771339
38.0,50.0,0.4912492974396425,-3.8469391247645066,1.0,5.0,0.0015949652514274
39.0,1.0,0.5115836974681635,-3.890677179300172,1.0,5.0,0.0016609860307407
39.0,2.0,0.4483541839008335,-3.543389414938209,1.0,5.0,0.0014556954022754
39.0,3.0,0.4507282347207234,-2.994241251476846,1.0000000000000002,5.0,0.0014634033594828
39.0,4.0,0.442164762184228,-3.543389414938209,1.0,5.0,0.0014355998772215
39.0,5.0,0.5704639368274652,-5.123503097609316,1.0,5.0,0.0018521556390502
39.0,6.0,0.516030222447173,-4.639997887594965,1.0,5.0,0.0016754228001531
39.0,7.0,0.6403673526689888,-4.862636964475189,1.6425512307662222,5.0,0.0020791147813928
39.0,8.0,0.6644440191748157,-5.114731726111288,1.6192483114676053,5.0,0.0021572857765416
39.0,9.0,0.6404859841557129,-4.862635415238332,1.6424321443386551,5.0,0.0020794999485575
39.0,10.0,0.6558079457118031,-5.114835579471743,1.6274077825192528,5.0,0.0021292465769863
39.0,11.0,0.7517640889625474,-4.953775292346196,1.8536001596208709,5.0,0.0024407924966316
39.0,12.0,0.5828619572607106,-4.332056263128837,1.6973608820261017,5.0,0.0018924089521451
39.0,13.0,0.5986863023508923,-4.474328678121086,1.678934491448533,5.0,0.0019437866959444
39.0,14.0,0.3499117146921657,-3.191748559096782,1.0,5.0,0.0011360769957537
39.0,15.0,0.3774460645789729,-2.53891899831408,1.5400574026426417,5.0,0.001225474235646
39.0,16.0,0.3459626602301255,-3.191748559096782,1.0000000000000002,5.0,0.0011232553903575
39.0,17.0,0.7524194473993274,-4.953726499085007,1.852834360719004,5.0,0.002442920283764
39.0,18.0,0.5834256610445957,-4.33209021343558,1.696688475090366,5.0,0.0018942391592357
39.0,19.0,0.4888872146941909,-3.77263064304541,1.6380947583515904,5.0,0.0015872961516045
39.0,20.0,0.4315520318710751,-3.216818416287533,1.4723699666860184,5.0,0.0014011429606203
39.0,21.0,0.2849153178067324,-3.674824424141842,1.79001052633302,5.0,0.0009250497331387
39.0,22.0,0.3105061177181868,-2.1303481463830662,1.0,5.0,0.0010081367458382
39.0,23.0,0.2102684571716463,-1.2582445038651535,1.0,5.0,0.0006826897960118
39.0,24.0,0.1361051244756186,-9.087363221714783,0.9999999999999998,5.0,0.0004418997547909
39.0,25.0,0.1374606419029415,-1.0147247973441875,1.0,5.0,0.0004463007853991
39.0,26.0,0.2158733510912037,-0.9817695637323546,1.0,5.0,0.0007008875035428
39.0,27.0,0.337755733691273,-1.8083127786394064,0.9999999999999998,5.0,0.0010966095249716
39.0,28.0,0.3784349907530077,-2.8412373130705717,1.5418589043447049,5.0,0.0012286850349123
39.0,29.0,0.2184465576930504,-0.9683928007207518,1.0,5.0,0.0007092420704319
39.0,30.0,0.2829765224941842,-1.323460668620319,1.0,5.0,0.0009187549431629
39.0,31.0,0.2709758060197185,-2.729461518256348,1.0,5.0,0.000879791577986
39.0,32.0,0.2721837788425401,-1.4529776539519723,1.0,5.0,0.0008837135676705
39.0,33.0,0.2659649604097581,-2.729461518256348,1.0000000000000002,5.0,0.0008635225987329
39.0,34.0,0.1253452518866899,-0.6857083957242011,1.0,5.0,0.0004069651035282
39.0,35.0,0.3744102330903563,-3.774317130434608,1.6400305627436764,5.0,0.0012156176399037
39.0,36.0,0.3011775410727658,-1.5982952784009776,1.0,5.0,0.0009778491593271
39.0,37.0,0.3238308741407482,-3.5234098931563347,1.7555002325047977,5.0,0.0010513989420154
39.0,38.0,0.2619542188313359,-1.4572835333203822,1.0,5.0,0.0008505007104913
39.0,39.0,0.0478318695832307,-0.0478318694837405,0.0,0.0,0.0001552982778676
39.0,40.0,0.2109280422436,-1.9166629900697656,1.7478490841398973,5.0,0.0006848313059857
39.0,41.0,0.5870337209448252,-3.289814955808737,0.9999999999999998,5.0,0.0019059536394312
39.0,42.0,0.3371379438520767,-1.6357272880586615,1.0,5.0,0.0010946037138054
39.0,43.0,0.3861426139881789,-1.936872078977217,1.0,5.0,0.0012537097856759
39.0,44.0,0.3374437882963756,-1.6357272880586615,1.0,5.0,0.0010955967152479
39.0,45.0,0.5328136485102151,-3.4273948433587305,1.8652376751917883,5.0,0.0017299144432149
39.0,46.0,0.3893202711867618,-2.4846885436362647,1.0,5.0,0.0012640268545024
39.0,47.0,0.4902265916038819,-4.43771555132256,2.588892663505528,5.0,0.0015916447779346
39.0,48.0,0.4354667303352247,-3.813703695099508,1.8223410163097111,5.0,0.0014138530205689
39.0,49.0,0.437074931489393,-4.306089447796444,1.3043869053246009,5.0,0.0014190744528876
39.0,50.0,0.413846144805729,-4.237750182852614,1.321487954052374,5.0,0.0013436563143043
40.0,1.0,0.5188896867340617,-3.846311803170577,1.0,5.0,0.0016847067751105
40.0,2.0,0.4556601731667317,-3.486776932207162,1.0,5.0,0.0014794161466452
40.0,3.0,0.4580342239866217,-2.9494451387438474,1.0000000000000002,5.0,0.0014871241038526
40.0,4.0,0.4494707514501262,-3.486776932207162,1.0,5.0,0.0014593206215913
40.0,5.0,0.5777699260933635,-5.073827510276906,1.0,5.0,0.00187587638342
40.0,6.0,0.5233362117130712,-4.58446099966012,1.0,5.0,0.0016991435445229
40.0,7.0,0.6476729912525782,-4.829396593146883,1.6352969262614048,5.0,0.0021028343871836
40.0,8.0,0.6717497538149555,-5.082903863474968,1.6125078816836962,5.0,0.0021810056942044
40.0,9.0,0.6477916223427023,-4.829395088278282,1.6351805133627266,5.0,0.0021032195530607
40.0,10.0,0.6631137076658679,-5.08300483145949,1.620489544307634,5.0,0.0021529665833307
40.0,11.0,0.7585614452720677,-4.9346068461907215,1.8451196065371085,5.0,0.0024628618352989
40.0,12.0,0.5901432815542534,-4.295822550785109,1.6887628700192958,5.0,0.0019160496154358
40.0,13.0,0.6059690123120545,-4.441289301824546,1.6707822050131722,5.0,0.001967431858156
40.0,14.0,0.3572177039580639,-3.101637736134104,1.0,5.0,0.0011597977401235
40.0,15.0,0.3847524827990728,-2.475061440090599,1.5298057205249025,5.0,0.0012491963727242
40.0,16.0,0.3532686494960238,-3.101637736134104,1.0,5.0,0.0011469761347273
40.0,17.0,0.7592167729635378,-4.934559343435652,1.8443690286298504,5.0,0.0024649895226088
40.0,18.0,0.5907070009873265,-4.295855368186949,1.6881069342769388,5.0,0.0019178798733354
40.0,19.0,0.4961859855801607,-3.7229064621381833,1.6286522128734746,5.0,0.0016109934596758
40.0,20.0,0.4388583495717583,-3.1579776738060823,1.4645083055320465,5.0,0.0014248647713368
40.0,21.0,0.2288214818518537,-7.291937258694983,1.0,5.0,0.0007429268891293
40.0,22.0,0.3178121069840851,-2.0431915208230285,1.0,5.0,0.001031857490208
40.0,23.0,0.0896550091692432,-3.7829607713561657,1.0,5.0,0.0002910876921079
40.0,24.0,0.0656955719987364,-0.3840268153467168,1.0,5.0,0.0002132973116842
40.0,25.0,0.0840120159803013,-1.1978222355109769,0.9999999999999998,5.0,0.0002727662856503
40.0,26.0,0.2231793403571018,-0.8504999681771418,1.0000000000000002,5.0,0.0007246082479126
40.0,27.0,0.3450617229571711,-1.7399109089058034,1.0000000000000002,5.0,0.0011203302693414
40.0,28.0,0.3856084091853941,-2.7708637377213385,1.531759785654001,5.0,0.001251975354498
40.0,29.0,0.2257525469589486,-0.8345425390840495,1.0,5.0,0.0007329628148017
40.0,30.0,0.2902825117600824,-1.236629478999235,1.0,5.0,0.0009424756875327
40.0,31.0,0.2782817952856167,-2.593101258775099,1.0,5.0,0.0009035123223558
40.0,32.0,0.2794897681084382,-1.353876761999681,1.0,5.0,0.0009074343120403
40.0,33.0,0.2732709496756563,-2.593101258775099,1.0,5.0,0.0008872433431027
40.0,34.0,0.1326512411525881,-0.3386090384140893,1.0,5.0,0.000430685847898
40.0,35.0,0.4557888100714555,-4.160605066806493,2.31806698962372,5.0,0.0014798337989332
40.0,36.0,0.308483530338664,-1.5140024398355154,1.0000000000000002,5.0,0.0010015699036969
40.0,37.0,0.3587335575605363,-3.904158756540793,1.7030198415809772,5.0,0.001164719342729
40.0,38.0,0.2692602080972341,-1.356961556369524,1.0000000000000002,5.0,0.0008742214548611
40.0,39.0,0.0927931204204512,-1.1978222355109769,0.9999999999999998,5.0,0.0003012763650014
40.0,40.0,0.0328477859993682,-0.0328477859310449,0.0,0.0,0.0001066486558421
40.0,41.0,0.5943397102107234,-3.267995883360247,1.0,5.0,0.001929674383801
40.0,42.0,0.344443933117975,-1.5717167350630157,1.0000000000000002,5.0,0.0011183244581752
40.0,43.0,0.3934486032540771,-1.8877112619824308,0.9999999999999998,5.0,0.0012774305300457
40.0,44.0,0.3447497775622739,-1.5717167350630157,1.0,5.0,0.0011193174596177
40.0,45.0,0.5425467341524642,-2.778880979111446,1.0,5.0,0.0017615153706248
40.0,46.0,0.39662626045266,-2.4244816466824237,1.0,5.0,0.0012877475988722
40.0,47.0,0.4960971453243112,-4.334581184278779,1.6812731053878498,5.0,0.0016107050172867
40.0,48.0,0.4435743436223648,-3.743612508540982,1.779300841030984,5.0,0.0014401764403323
40.0,49.0,0.5990263836273523,-3.85323463502546,1.8646491168371468,5.0,0.0019448908559329
40.0,50.0,0.4502868784713402,-4.457052410706603,1.295447974709896,5.0,0.0014619703846472
41.0,1.0,0.5852290174773148,-4.090797959228263,1.5180781792582692,5.0,0.0019000942125886
41.0,2.0,0.7335175893990892,-4.534800662843556,1.0000000000000004,5.0,0.0023815506149321
41.0,3.0,0.5210155004154247,-3.62671400143449,1.582812367305217,5.0,0.0016916087675825
41.0,4.0,0.7273281676824837,-4.534800662843556,1.0000000000000004,5.0,0.0023614550898781
41.0,5.0,0.6508163513003092,-4.855479222550751,1.4653197076607685,5.0,0.0021130401016243
41.0,6.0,0.8011936279454289,-5.361902668446302,1.0000000000000002,5.0,0.0026012780128098
41.0,7.0,0.4930494527695555,-4.637991726549598,1.0,5.0,0.0016008099115894
41.0,8.0,0.5171266300636049,-4.898609736878356,1.0,5.0,0.0016789825651415
41.0,9.0,0.493168055578941,-4.637991726549598,1.0,5.0,0.0016011949856459
41.0,10.0,0.5084925680058447,-4.898609736878356,1.0,5.0,0.0016509498961228
41.0,11.0,0.4736452273717661,-3.0300814561015343,1.0,5.0,0.0015378091797784
41.0,12.0,0.4414541721805375,-3.761056482189624,1.0,5.0,0.0014332927668199
41.0,13.0,0.4573382975396358,-3.8933948182957714,1.0,5.0,0.0014848646024014
41.0,14.0,0.6350751201904216,-4.052693100786223,1.0000000000000002,5.0,0.0020619322084104
41.0,15.0,0.4499801873051464,-2.552205589136824,1.0,5.0,0.0014609746341076
41.0,16.0,0.6311260657283814,-4.052693100786223,1.0000000000000002,5.0,0.0020491106030142
41.0,17.0,0.4742989598805546,-3.0300814561015343,1.0,5.0,0.0015399316879238
41.0,18.0,0.442019036456733,-3.761056482189624,1.0,5.0,0.0014351267417426
41.0,19.0,0.3441370968390023,-2.923780240255674,1.0,5.0,0.0011173282364902
41.0,20.0,0.504083807979189,-3.205581532339932,1.0000000000000002,5.0,0.0016366357401921
41.0,21.0,0.4271779556730169,-5.078774544437231,1.4809693482748207,5.0,0.0013869414145227
41.0,22.0,0.3945734615046858,-2.2149865426160424,1.0,5.0,0.001281082667223
41.0,23.0,0.4954318626699022,-2.6514597076268114,1.0000000000000002,5.0,0.0016085450086685
41.0,24.0,0.5297220316306215,-2.9745351434742817,1.1071251651626124,5.0,0.0017198767260734
41.0,25.0,0.4491642004940752,-2.611509436806278,1.217713414363969,5.0,0.0014583253262794
41.0,26.0,0.5010367565894596,-2.5279085010316487,1.0,5.0,0.0016267427161995
41.0,27.0,0.4103201303045216,-2.200350799381998,1.0,5.0,0.0013322082152744
41.0,28.0,0.4613495519893011,-2.967331136256889,1.0,5.0,0.0014978881558094
41.0,29.0,0.5036099631913062,-2.512505600179374,1.0,5.0,0.0016350972830886
41.0,30.0,0.3555409191074327,-1.7465803390982348,1.0,5.0,0.0011543536334656
41.0,31.0,0.5561392115179743,-3.494779676709107,1.0000000000000002,5.0,0.0018056467906427
41.0,32.0,0.3562511226290391,-1.586067791432135,1.0,5.0,0.0011566594890553
41.0,33.0,0.551128365908014,-3.494779676709107,1.0000000000000004,5.0,0.0017893778113896
41.0,34.0,0.4105086573849457,-1.923768816029676,1.0000000000000002,5.0,0.0013328203161848
41.0,35.0,0.3685785158789394,-3.165501215199985,1.415949484320073,5.0,0.0011966834931134
41.0,36.0,0.5863409465710216,-3.061751915588673,1.0000000000000002,5.0,0.0019037043719838
41.0,37.0,0.4093573891813385,-2.3843766047876223,1.0,5.0,0.0013290824324069
41.0,38.0,0.5471176243295918,-2.906457559671882,1.0,5.0,0.001776355923148
41.0,39.0,0.4579588388626179,-2.611315436697148,1.213465907876658,5.0,0.0014868793469565
41.0,40.0,0.4961674499770713,-2.6632784097242164,1.0000000000000002,5.0,0.0016109332791463
41.0,41.0,0.0748750587789207,-0.0748750586231808,0.0,0.0,0.0002431008401913
41.0,42.0,0.4097023404653253,-2.0618231166708068,1.0,5.0,0.0013302024041081
41.0,43.0,0.2406778009190736,-1.0490162630059914,1.0,5.0,0.0007814214315554
41.0,44.0,0.4100081849096242,-2.0618231166708068,1.0,5.0,0.0013311954055507
41.0,45.0,0.1949358065104674,-0.518616411866074,1.0,5.0,0.0006329084626963
41.0,46.0,0.2553591772612221,-0.9013843042771064,1.0000000000000002,5.0,0.0008290882378611
41.0,47.0,0.2491916612491853,-1.8099957576874044,1.0,5.0,0.0008090638352246
41.0,48.0,0.3040479143635793,-2.22192370429621,1.5037930265613828,5.0,0.0009871685531285
41.0,49.0,0.294476147026152,-1.4222418461176725,1.0,5.0,0.0009560913864485
41.0,50.0,0.3283882604330884,-1.6421554095568476,1.0,5.0,0.0010661956507567
42.0,1.0,0.4501185082267671,-3.968997655177404,1.671196677083707,5.0,0.0014614237280089
42.0,2.0,0.5958791353659243,-4.3133153267244335,1.0000000000000002,5.0,0.0019346725174218
42.0,3.0,0.3858227000618922,-3.543315862034986,1.782957913368283,5.0,0.001252671104097
42.0,4.0,0.5896897136493189,-4.3133153267244335,1.0000000000000002,5.0,0.0019145769923679
42.0,5.0,0.5157500230410128,-4.799099461483517,1.5858338904477445,5.0,0.0016745130618214
42.0,6.0,0.6635551739122639,-5.222235459965387,1.0,5.0,0.0021543999152995
42.0,7.0,0.3669147178799561,-4.550829833178454,1.0,5.0,0.0011912815515582
42.0,8.0,0.3909918951740053,-4.803045811566953,1.0,5.0,0.0012694542051104
42.0,9.0,0.3670333206893416,-4.550829833178454,1.0,5.0,0.0011916666256147
42.0,10.0,0.3823578331162452,-4.803045811566953,1.0,5.0,0.0012414215360917
42.0,11.0,0.4984059427662243,-3.616095552973276,1.632145210065632,5.0,0.0016182011128773
42.0,12.0,0.3153194372909382,-3.529927685073801,0.9999999999999998,5.0,0.0010237644067887
42.0,13.0,0.3312035626500362,-3.606423858353243,1.0,5.0,0.0010753362423702
42.0,14.0,0.4974366661572567,-3.908620384764018,0.9999999999999998,5.0,0.0016150541109001
42.0,15.0,0.3123417332719812,-2.5459940154858347,1.0000000000000002,5.0,0.0010140965365973
42.0,16.0,0.4934876116952165,-3.908620384764018,0.9999999999999998,5.0,0.0016022325055039
42.0,17.0,0.4990547990964774,-3.616121039426737,1.6313044240160308,5.0,0.0016203077892742
42.0,18.0,0.3158843015671335,-3.529927685073801,1.0,5.0,0.0010255983817114
42.0,19.0,0.2180023619494029,-2.807444561127276,1.0,5.0,0.0007077998764591
42.0,20.0,0.3664453539460238,-3.244902535462294,1.0000000000000002,5.0,0.0011897576426818
42.0,21.0,0.2924799843472032,-7.229940219390298,1.0,5.0,0.0009496103387896
42.0,22.0,0.2569350074715208,-2.3766914374127825,1.0,5.0,0.0008342045697127
42.0,23.0,0.3577934086367372,-2.42134439824087,1.0,5.0,0.0011616669111582
42.0,24.0,0.3920835798871235,-2.767452339691668,1.1447307873739412,5.0,0.0012729986359971
42.0,25.0,0.3140030298661813,-2.5721327790754787,1.3164876335108855,5.0,0.0010194903567083
42.0,26.0,0.3633983025562946,-2.259069807480998,1.0,5.0,0.0011798646186892
42.0,27.0,0.2726764109502496,-2.6860609150793224,1.7548493990801934,5.0,0.0008853130225657
42.0,28.0,0.3237052800038754,-3.4341241315410858,1.63584792538632,5.0,0.0010509911688437
42.0,29.0,0.3659715091581412,-2.2468994733245093,1.0,5.0,0.0011882191855783
42.0,30.0,0.2179024650742676,-2.0075991788285696,1.0,5.0,0.0007074755359554
42.0,31.0,0.4185007574848094,-3.4137050204913475,0.9999999999999998,5.0,0.0013587686931324
42.0,32.0,0.218612668595874,-1.7287941588916331,1.0,5.0,0.000709781391545
42.0,33.0,0.413489911874849,-3.4137050204913475,1.0,5.0,0.0013424997138793
42.0,34.0,0.2728702033517808,-1.8498239961623528,1.0,5.0,0.0008859422186746
42.0,35.0,0.2321749054640673,-3.770111688366032,1.0,5.0,0.00075381462813
42.0,36.0,0.4487024925378567,-2.7527956530876048,1.0,5.0,0.0014568262744735
42.0,37.0,0.2755937025126784,-3.748077377883889,1.0,5.0,0.0008947847484177
42.0,38.0,0.4094791702964268,-2.6222107861294672,1.0,5.0,0.0013294778256377
42.0,39.0,0.3228074952979825,-2.57142359814442,1.3075773898831409,5.0,0.001048076283435
42.0,40.0,0.3585289959439063,-2.432340766807572,1.0000000000000002,5.0,0.001164055181636
42.0,41.0,0.3154341729861203,-1.7148168967860429,1.0,5.0,0.0010241369252796
42.0,42.0,0.0572715330147371,-0.0572715328956124,0.0,0.0,0.0001859465357621
42.0,43.0,0.1145430660294742,-0.0934879387238842,1.0,5.0,0.0003718930715242
42.0,44.0,0.2714461441463328,-2.4922569137357065,1.754322570443713,5.0,0.0008813186498257
42.0,45.0,0.2636411969278613,-0.99120758548988,1.0,5.0,0.0008559779121034
42.0,46.0,0.1177207232280571,-2.4281456122686995,1.0,5.0,0.0003822101403508
42.0,47.0,0.2209829625404431,-3.8767138702914257,1.0,5.0,0.0007174771511053
42.0,48.0,0.1673383874868242,-3.2771296198759368,1.0,5.0,0.0005433064528792
42.0,49.0,0.363181537443546,-1.840277363131572,1.0,5.0,0.0011791608358556
42.0,50.0,0.2595253923259176,-3.7508534128431696,1.0,5.0,0.000842614910149
43.0,1.0,0.3983627418683362,-4.384790430528511,1.500824315246173,5.0,0.0012933855255465
43.0,2.0,0.5548251973322188,-5.539112342117451,1.5564946240518878,5.0,0.0018013805108188
43.0,3.0,0.3340558008774208,-4.073599088408909,1.5972845616711522,5.0,0.0010845967560955
43.0,4.0,0.5486376336268122,-5.5389411525533205,1.5627708432157243,5.0,0.0017812910182688
43.0,5.0,0.4640050227312506,-5.186062181959876,1.4299447535135053,5.0,0.0015065098140625
43.0,6.0,0.6224505553595419,-6.338958755051876,1.4960104630531066,5.0,0.0020209433615569
43.0,7.0,0.3149797186650886,-4.739526120718727,1.0,5.0,0.0010226614242373
43.0,8.0,0.3390568959591377,-4.961181356696724,1.0000000000000002,5.0,0.0011008340777894
43.0,9.0,0.315098321474474,-4.739526120718727,1.0,5.0,0.0010230464982937
43.0,10.0,0.3304228339013777,-4.961181356696724,1.0,5.0,0.0010728014087707
43.0,11.0,0.4522551233586473,-3.4365635810939525,1.7071026131695315,5.0,0.0014683607901254
43.0,12.0,0.2633844380760706,-3.677622466166234,1.0,5.0,0.0008551442794677
43.0,13.0,0.2792685634351687,-3.682471348780984,1.0,5.0,0.0009067161150492
43.0,14.0,0.4528002112650769,-5.104835171455582,1.684713447901674,5.0,0.0014701305560554
43.0,15.0,0.2603797450284314,-3.7630740833325778,1.0,5.0,0.0008453887825598
43.0,16.0,0.4488518605477754,-5.105190978675061,1.690728259104795,5.0,0.0014573112355447
43.0,17.0,0.4529045942318692,-3.4365946618874483,1.7060465819916208,5.0,0.0014704694617917
43.0,18.0,0.2639493023522659,-3.677622466166234,1.0,5.0,0.0008569782543904
43.0,19.0,0.1660673627345353,-3.288926599190968,1.0,5.0,0.0005391797491381
43.0,20.0,0.3148897280661593,-4.554390303792355,1.6233231912889536,5.0,0.001022369246968
43.0,21.0,0.44395267155331,-5.064416111133897,1.4628886919871704,5.0,0.0014414047777704
43.0,22.0,0.4113438527072122,-2.3095464268092467,1.0,5.0,0.0013355319893091
43.0,23.0,0.5122022538724285,-2.750045758132382,1.0000000000000002,5.0,0.0016629943307546
43.0,24.0,0.5464924226499809,-3.066482546649454,1.1038377795198728,5.0,0.0017743260475648
43.0,25.0,0.4657840304302126,-2.703431347601642,1.2097430776739917,5.0,0.0015122858130851
43.0,26.0,0.5178071477919859,-2.6302588805355755,1.0,5.0,0.0016811920382856
43.0,27.0,0.2207196880278066,-3.8837891113681775,1.0,5.0,0.0007166223637266
43.0,28.0,0.2717491097125861,-4.378831876119983,1.0,5.0,0.0008823023042616
43.0,29.0,0.4996626580637694,-3.2283113414298925,1.8663086173217212,5.0,0.0016222813573499
43.0,30.0,0.3723113103099591,-1.8514656678356067,1.0,5.0,0.0012088029555518
43.0,31.0,0.5488912689955366,-4.193797249565253,1.7790832385727875,5.0,0.0017821145097257
43.0,32.0,0.3730215138315654,-1.6988450620797473,1.0,5.0,0.0012111088111414
43.0,33.0,0.5439794032312527,-4.191889806957049,1.7866113551967877,5.0,0.0017661668936079
43.0,34.0,0.4272790485874722,-2.032838092386685,1.0000000000000002,5.0,0.001387269638271
43.0,35.0,0.3853306333075095,-3.2105977776723047,1.3977962403304964,5.0,0.0012510734847646
43.0,36.0,0.5888563686746926,-3.7688689813851752,1.872253124664614,5.0,0.0019118713268658
43.0,37.0,0.4261277803838649,-2.4744483919279734,1.0,5.0,0.001383531754493
43.0,38.0,0.5638880155321182,-3.0027658884905764,1.0000000000000002,5.0,0.0018308052452341
43.0,39.0,0.4745778353905495,-2.703259845673335,1.2057984412086242,5.0,0.0015408371278913
43.0,40.0,0.5129378411795976,-2.761679390748176,1.0,5.0,0.0016653826012324
43.0,41.0,0.2634991737712528,-1.4467125850181966,1.0,5.0,0.0008555167979586
43.0,42.0,0.2147021176886315,-3.835798113348444,1.0,5.0,0.0006970847976903
43.0,43.0,0.0830336813672676,-0.0830336811945577,0.0,0.0,0.000269589874569
43.0,44.0,0.2150079621329304,-3.835798113348444,1.0,5.0,0.0006980777991328
43.0,45.0,0.2117061977129937,-0.6380101810154001,1.0000000000000002,5.0,0.0006873577847824
43.0,46.0,0.2721295684637485,-1.020422018490284,1.0000000000000002,5.0,0.0008835375599472
43.0,47.0,0.2659620524517117,-1.861634958826774,1.0,5.0,0.0008635131573107
43.0,48.0,0.320807062751947,-2.279905997846156,1.477278523276261,5.0,0.0010415813725712
43.0,49.0,0.3112465382286784,-1.5268376398962604,1.0,5.0,0.0010105407085346
43.0,50.0,0.3451586516356147,-1.746780024720378,1.0,5.0,0.0011206449728429
44.0,1.0,0.450424361859021,-3.970326560437332,1.6707412286237586,5.0,0.0014624167592825
44.0,2.0,0.5961849798102232,-4.314919245946655,1.0000000000000002,5.0,0.0019356655188643
44.0,3.0,0.3861285648975743,-3.544667197314322,1.7823382334051483,5.0,0.0012536641717453
44.0,4.0,0.5899955580936177,-4.314919245946655,1.0000000000000002,5.0,0.0019155699938104
44.0,5.0,0.516055870360761,-4.800132337850427,1.5854868931608612,5.0,0.0016755060725998
44.0,6.0,0.6638610183565627,-5.223520672253881,1.0,5.0,0.002155392916742
44.0,7.0,0.367220562324255,-4.551094087220439,1.0,5.0,0.0011922745530008
44.0,8.0,0.3912977396183043,-4.803350274431384,1.0,5.0,0.0012704472065529
44.0,9.0,0.3673391651336405,-4.551094087220439,1.0,5.0,0.0011926596270572
44.0,10.0,0.3826636775605442,-4.803350274431384,1.0,5.0,0.0012424145375342
44.0,11.0,0.4986867282097528,-3.617853919043013,1.6317515708557442,5.0,0.0016191127539277
44.0,12.0,0.3156252817352371,-3.530662832033461,1.0,5.0,0.0010247574082312
44.0,13.0,0.3315094070943352,-3.607355313961559,1.0,5.0,0.0010763292438127
44.0,14.0,0.4977425106015556,-3.91019686453014,0.9999999999999998,5.0,0.0016160471123427
44.0,15.0,0.3126475777162801,-2.5477983908509367,1.0,5.0,0.0010150895380398
44.0,16.0,0.4937934561395153,-3.91019686453014,0.9999999999999998,5.0,0.0016032255069464
44.0,17.0,0.4993355825677187,-3.61787937715015,1.6309118473310054,5.0,0.0016212194239211
44.0,18.0,0.3161901460114323,-3.530662832033461,1.0000000000000002,5.0,0.001026591383154
44.0,19.0,0.2183082063937018,-2.807661982775836,1.0,5.0,0.0007087928779016
44.0,20.0,0.3667511983903229,-3.2463397730538404,1.0,5.0,0.0011907506441244
44.0,21.0,0.2927858287915022,-7.226238265911237,1.0,5.0,0.0009506033402321
44.0,22.0,0.2572408519158198,-2.3782410964183542,1.0,5.0,0.0008351975711552
44.0,23.0,0.3580992530810361,-2.4235834182964533,1.0,5.0,0.0011626599126007
44.0,24.0,0.3923894243240833,-2.7695045048955755,1.144617978212761,5.0,0.0012739916374158
44.0,25.0,0.3143024176958611,-2.574019545774432,1.3161685970350618,5.0,0.0010204623951164
44.0,26.0,0.3637041470005934,-2.2614433625766663,1.0,5.0,0.0011808576201317
44.0,27.0,0.2729822514289199,-2.687319129789708,1.754003628710009,5.0,0.0008863060111328
44.0,28.0,0.3240111220538081,-3.4350478003211755,1.6352476990102816,5.0,0.0010519841625123
44.0,29.0,0.3662773536024402,-2.2492747309276275,1.0,5.0,0.0011892121870209
44.0,30.0,0.2182083095185666,-2.0091411981528884,1.0,5.0,0.0007084685373979
44.0,31.0,0.4188066019291083,-3.415314059043121,0.9999999999999998,5.0,0.001359761694575
44.0,32.0,0.2189185130401728,-1.730792422463172,1.0,5.0,0.0007107743929875
44.0,33.0,0.4137957563191479,-3.415314059043121,1.0,5.0,0.0013434927153219
44.0,34.0,0.2731760477960797,-1.8521377657162008,1.0,5.0,0.0008869352201171
44.0,35.0,0.2324807499083662,-3.769357327623167,1.0,5.0,0.0007548076295726
44.0,36.0,0.4490083369821556,-2.75500250040458,1.0,5.0,0.001457819275916
44.0,37.0,0.2758995469569774,-3.748074683145061,0.9999999999999998,5.0,0.0008957777498603
44.0,38.0,0.4097850147407257,-2.6244374952694027,1.0,5.0,0.0013304708270802
44.0,39.0,0.3231068513618575,-2.5733125485369195,1.3072761055059854,5.0,0.0010490482187073
44.0,40.0,0.3588348403882052,-2.4345758209445787,1.0000000000000002,5.0,0.0011650481830785
44.0,41.0,0.3157400174304193,-1.717531893854612,1.0,5.0,0.0010251299267221
44.0,42.0,0.2714446926897864,-2.493970982346233,1.7543225704437142,5.0,0.0008813139373045
44.0,43.0,0.1148489104737731,-0.0983092621899249,1.0,5.0,0.0003728860729667
44.0,44.0,0.0574244552368865,-0.0574244551174438,0.0,0.0,0.0001864430364833
44.0,45.0,0.2639470413721603,-0.994599184457041,1.0,5.0,0.0008569709135459
44.0,46.0,0.118026567672356,-2.4244216013544557,1.0,5.0,0.0003832031417933
44.0,47.0,0.221288806984742,-3.8752452776374975,1.0000000000000002,5.0,0.0007184701525478
44.0,48.0,0.1676442319311232,-3.274729678559408,1.0,5.0,0.0005442994543218
44.0,49.0,0.3634873818878448,-1.843027819877446,1.0,5.0,0.0011801538372981
44.0,50.0,0.2598312367702166,-3.750682806275104,1.0,5.0,0.0008436079115916
45.0,1.0,0.453207062717168,-3.65543603295456,1.6715694995953063,5.0,0.0014714515023284
45.0,2.0,0.6012197142059562,-3.9900993990624,1.0,5.0,0.0019520120591102
45.0,3.0,0.3890942131543442,-3.17188176602335,1.7845311690120482,5.0,0.0012632928998517
45.0,4.0,0.5950302924893507,-3.9900993990624,1.0,5.0,0.0019319165340563
45.0,5.0,0.5187298793339934,-4.524578414045714,1.5855124672887482,5.0,0.0016841879199155
45.0,6.0,0.6688957527522957,-4.928956273142216,1.0,5.0,0.0021717394569879
45.0,7.0,0.3607515775764223,-4.704611033725237,1.0,5.0,0.0011712713557676
45.0,8.0,0.3848287548704714,-4.943498312150732,1.0000000000000002,5.0,0.0012494440093197
45.0,9.0,0.3608701803858077,-4.704611033725237,1.0,5.0,0.001171656429824
45.0,10.0,0.3761946928127114,-4.943498312150732,1.0,5.0,0.001221411340301
45.0,11.0,0.4936321092132669,-3.693394753569315,1.6401851062879795,5.0,0.0016027016532898
45.0,12.0,0.3091562969874044,-3.704097804296233,0.9999999999999998,5.0,0.001003754210998
45.0,13.0,0.3250404223465024,-3.7591570827760528,1.0,5.0,0.0010553260465795
45.0,14.0,0.5027772449972885,-3.5126138294973783,0.9999999999999998,5.0,0.0016323936525885
45.0,15.0,0.3176823121120131,-1.878044689375723,1.0,5.0,0.0010314360782857
45.0,16.0,0.4988281905352482,-3.5126138294973783,1.0,5.0,0.0016195720471923
45.0,17.0,0.494281052384604,-3.693422060263404,1.6393224646672742,5.0,0.0016048086116383
45.0,18.0,0.3097211612635996,-3.704097804296233,1.0,5.0,0.0010055881859207
45.0,19.0,0.211839221645869,-3.093816407129461,1.0,5.0,0.0006877896806684
45.0,20.0,0.3717859327860557,-2.6712035754871764,1.0,5.0,0.0012070971843703
45.0,21.0,0.2978205631872351,-6.425013363964866,1.0,5.0,0.000966949880478
45.0,22.0,0.2622755863115525,-1.5498378644532371,0.9999999999999998,5.0,0.0008515441114011
45.0,23.0,0.363133987476769,-1.87886239488335,1.0,5.0,0.0011790064528466
45.0,24.0,0.3974241586009698,-2.266856279417285,1.1427858969718367,5.0,0.0012903381772758
45.0,25.0,0.3187214300077965,-1.9312109559993569,1.3110078961086826,5.0,0.0010348098376876
45.0,26.0,0.3687388813963262,-1.713683884789232,1.0,5.0,0.0011972041603776
45.0,27.0,0.2780222551113882,-1.4955837907231853,1.0000000000000002,5.0,0.0009026696594525
45.0,28.0,0.3290516767961678,-2.4529785821227508,1.0,5.0,0.0010683495999875
45.0,29.0,0.371312087998173,-1.6970877949513905,1.0,5.0,0.0012055587272667
45.0,30.0,0.2232430439142994,-0.985266604474164,1.0,5.0,0.0007248150776438
45.0,31.0,0.4238413363248411,-2.929989495476801,1.0,5.0,0.0013761082348209
45.0,32.0,0.2239532474359057,-0.7141357109910272,1.0000000000000002,5.0,0.0007271209332334
45.0,33.0,0.4188304907148807,-2.929989495476801,1.0,5.0,0.0013598392555677
45.0,34.0,0.2782107821918125,-1.066961346529049,1.0,5.0,0.000903281760363
45.0,35.0,0.2375154843040991,-2.8173171241485075,1.0,5.0,0.0007711541698185
45.0,36.0,0.4540430713778885,-2.311194609582163,1.0,5.0,0.0014741658161619
45.0,37.0,0.2809342813527102,-2.9465899588547506,1.0,5.0,0.0009121242901062
45.0,38.0,0.4148197491364584,-2.1467196002988977,1.0,5.0,0.0013468173673261
45.0,39.0,0.3275262529016957,-1.930594055584718,1.3024001504967186,5.0,0.0010633969250055
45.0,40.0,0.3638695747839381,-1.8923032966859104,1.0000000000000002,5.0,0.0011813947233244
45.0,41.0,0.3092710326825865,-1.8457626312031772,1.0000000000000002,5.0,0.0010041267294889
45.0,42.0,0.277404465272192,-1.2796255839485424,1.0,5.0,0.0009006638482863
45.0,43.0,0.1083799257259403,-0.6667637616313371,1.0,5.0,0.0003518828757335
45.0,44.0,0.2777103097164909,-1.2796255839485424,1.0,5.0,0.0009016568497288
45.0,45.0,0.0541899628629701,-0.0541899627502551,0.0,0.0,0.0001759414378667
45.0,46.0,0.1230613020680888,-0.0964010611176952,1.0000000000000002,5.0,0.0003995496820392
45.0,47.0,0.2263235413804749,-2.811896321801452,1.0,5.0,0.0007348166927937
45.0,48.0,0.1726789663268561,-1.806879006104919,1.0,5.0,0.0005606459945677
45.0,49.0,0.3398713416062375,-2.318716892627494,1.816234814264882,5.0,0.0011034783818384
45.0,50.0,0.2648659711659494,-2.914261335959801,1.0,5.0,0.0008599544518374
46.0,1.0,0.4011619917161544,-3.1092108868383592,1.0,5.0,0.0013024739990784
46.0,2.0,0.5470931461367687,-3.781039373218388,1.0,5.0,0.001776276448496
46.0,3.0,0.3368681880716513,-2.5520985612333984,1.0,5.0,0.0010937278833495
46.0,4.0,0.5409037244201632,-3.781039373218388,1.0,5.0,0.001756180923442
46.0,5.0,0.4667932101769104,-4.084729151079104,1.0000000000000002,5.0,0.0015155623707042
46.0,6.0,0.6147691846831084,-4.774507089772325,1.0,5.0,0.0019960038463737
46.0,7.0,0.5266368363175761,-4.679890261475892,2.1748181460826146,5.0,0.0017098598581739
46.0,8.0,0.5505833007584546,-4.94622063349704,2.1232428932170757,5.0,0.0017876081193456
46.0,9.0,0.5267553774685647,-4.679892065612076,2.17455248291082,5.0,0.0017102447320407
46.0,10.0,0.5419534760634256,-4.946106867471787,2.141208595579079,5.0,0.0017595892079981
46.0,11.0,0.6367164335762937,-4.373725479594446,1.827895353285612,5.0,0.0020672611479749
46.0,12.0,0.4706492769098846,-3.808758522791632,1.6362924574608724,5.0,0.0015280820678892
46.0,13.0,0.4861904048578284,-4.138699906062355,2.0322755776934915,5.0,0.0015785402755124
46.0,14.0,0.448650676928101,-3.319564222059853,0.9999999999999998,5.0,0.0014566580419743
46.0,15.0,0.2635557440428256,-1.653674628574498,1.0,5.0,0.0008557004676715
46.0,16.0,0.4447016224660609,-3.319564222059853,1.0,5.0,0.0014438364365781
46.0,17.0,0.6373728520477633,-4.373708980277924,1.8270223737472784,5.0,0.0020693923767784
46.0,18.0,0.4712144187745948,-3.808764443115913,1.635528943773933,5.0,0.0015299169440733
46.0,19.0,0.3737151291388214,-3.3992363216899872,2.08841708006502,5.0,0.0012133608088922
46.0,20.0,0.3176593647168684,-2.522128627380521,1.0,5.0,0.001031361573756
46.0,21.0,0.2436939951180477,-7.369788450318665,1.0,5.0,0.0007912142698637
46.0,22.0,0.2081490182423652,-1.3678066199048975,1.0,5.0,0.0006758085007869
46.0,23.0,0.3090074194075816,-1.5656727099722405,1.0,5.0,0.0010032708422324
46.0,24.0,0.3432975920346979,-1.9898427158017589,1.1652984740804389,5.0,0.0011146025715412
46.0,25.0,0.2659355609704897,-1.690547296737021,1.3772430947777543,5.0,0.000863427146008
46.0,26.0,0.3146123133271389,-1.373145835621359,1.0,5.0,0.0010214685497634
46.0,27.0,0.2238956870422008,-1.2743759336583873,1.0000000000000004,5.0,0.0007269340488383
46.0,28.0,0.2749251087269804,-2.3399463612319806,1.0,5.0,0.0008926139893733
46.0,29.0,0.3171855199289857,-1.3562172061381723,1.0,5.0,0.0010298231166525
46.0,30.0,0.1691164758451121,-0.7640355106632987,1.0000000000000002,5.0,0.0005490794670295
46.0,31.0,0.3697147682556538,-2.740245002177735,1.0,5.0,0.0012003726242066
46.0,32.0,0.1698266793667184,-0.3864023917655206,1.0,5.0,0.0005513853226192
46.0,33.0,0.3647039226456935,-2.740245002177735,1.0,5.0,0.0011841036449535
46.0,34.0,0.2240842141226252,-0.7221825615417286,1.0,5.0,0.0007275461497487
46.0,35.0,0.1833889162349118,-3.1407768452701905,1.0000000000000002,5.0,0.0005954185592042
46.0,36.0,0.399916503308701,-1.9999290271131096,1.0,5.0,0.0012984302055477
46.0,37.0,0.2268077132835229,-3.1061444613261706,1.0,5.0,0.0007363886794919
46.0,38.0,0.3606931810672711,-1.8336775009682704,1.0,5.0,0.0011710817567119
46.0,39.0,0.274747097631596,-1.6894188718867864,1.3646371328360032,5.0,0.0008920360312714
46.0,40.0,0.3097430067147507,-1.5798804574735243,1.0000000000000002,5.0,0.0010056591127102
46.0,41.0,0.4731736742957529,-2.7014128135295774,1.0,5.0,0.0015362781632978
46.0,42.0,0.2232778972030046,-0.9952355189614528,1.0,5.0,0.000724928237672
46.0,43.0,0.2716684139489951,-1.762870408116291,1.7545343204478758,5.0,0.0008820403050292
46.0,44.0,0.2235837416473035,-0.9952355189614528,1.0000000000000002,5.0,0.0007259212391146
46.0,45.0,0.2211406212227202,-3.118711028284725,1.0000000000000002,5.0,0.0007179890299438
46.0,46.0,0.0592761991288343,-0.05927619900554,0.0,0.0,0.0001924551919767
46.0,47.0,0.1721969733112875,-3.293841656662389,1.0,5.0,0.0005590810821795
46.0,48.0,0.1185523982576687,-2.4425828895681,1.0,5.0,0.0003849103839534
46.0,49.0,0.2339618088142819,-3.1093551003370674,1.0000000000000002,5.0,0.000759616262384
46.0,50.0,0.210739403096762,-3.110393693072605,1.0000000000000002,5.0,0.0006842188412232
47.0,1.0,0.5051033702050385,-3.9252069814110815,1.6014918706277386,5.0,0.0016399460071592
47.0,2.0,0.6532443341694611,-4.288859889105928,1.0000000000000002,5.0,0.0021209231628878
47.0,3.0,0.4409420793218163,-3.46239871690902,1.6905432267152751,5.0,0.0014316301276682
47.0,4.0,0.6470549124528556,-4.288859889105928,1.0000000000000002,5.0,0.0021008276378339
47.0,5.0,0.5706571140862118,-4.738114344034311,1.5315230620266889,5.0,0.0018527828379422
47.0,6.0,0.7209203727158008,-5.172149002662925,1.0,5.0,0.0023406505607655
47.0,7.0,0.4127761975399274,-4.754349860380761,1.0,5.0,0.0013401824595452
47.0,8.0,0.4368533748339766,-4.999849219504247,1.0,5.0,0.0014183551130973
47.0,9.0,0.4128948003493128,-4.754349860380761,1.0,5.0,0.0013405675336016
47.0,10.0,0.4282193127762165,-4.999849219504247,1.0,5.0,0.0013903224440786
47.0,11.0,0.5415629001772407,-3.978232990672671,1.5781946569435128,5.0,0.0017583211044715
47.0,12.0,0.3611809169509095,-3.822430982682184,1.0,5.0,0.0011726653147756
47.0,13.0,0.3770650423100075,-3.909208738780492,1.0,5.0,0.0012242371503571
47.0,14.0,0.5548018649607934,-3.821840634812731,1.0,5.0,0.0018013047563662
47.0,15.0,0.3697069320755182,-2.2939376708912294,1.0,5.0,0.0012003471820633
47.0,16.0,0.5508528104987532,-3.821840634812731,1.0,5.0,0.0017884831509699
47.0,17.0,0.542211610942569,-3.978255251643393,1.5774929734650611,5.0,0.001760427308255
47.0,18.0,0.3617457812271047,-3.822430982682184,1.0000000000000002,5.0,0.0011744992896983
47.0,19.0,0.2638638416093741,-3.1197969531191934,1.0,5.0,0.000856700784446
47.0,20.0,0.4238105527495608,-3.005031748147424,1.0,5.0,0.0013760082881479
47.0,21.0,0.2427719416632547,-7.395819770917201,0.9999999999999998,5.0,0.0007882205898157
47.0,22.0,0.3143002062750577,-1.98361819761322,1.0,5.0,0.0010204552151787
47.0,23.0,0.4151586074402741,-2.3227029302005477,1.0,5.0,0.0013479175566242
47.0,24.0,0.4494487775242585,-2.6723996196034343,1.1262581311527853,5.0,0.0014592492776761
47.0,25.0,0.3699497135080981,-2.347761436161544,1.266140337579038,5.0,0.0012011354334678
47.0,26.0,0.4207635013598316,-2.1781305766448598,1.0,5.0,0.0013661152641552
47.0,27.0,0.3300468750748934,-1.9451823800042911,1.0,5.0,0.0010715807632301
47.0,28.0,0.3810762967596729,-2.788377994451781,1.0,5.0,0.0012372607037651
47.0,29.0,0.423336707961678,-2.1628975942827005,1.0000000000000002,5.0,0.0013744698310444
47.0,30.0,0.2752676638778045,-1.4949664979332289,1.0,5.0,0.0008937261814214
47.0,31.0,0.4758659562883462,-3.264901457864088,1.0,5.0,0.0015450193385985
47.0,32.0,0.2759778673994109,-1.2816649293695523,1.0,5.0,0.000896032037011
47.0,33.0,0.4708551106783857,-3.264901457864088,1.0,5.0,0.0015287503593454
47.0,34.0,0.3302354021553176,-1.5922004067699869,1.0,5.0,0.0010721928641406
47.0,35.0,0.1824668627801188,-3.156290770386563,1.0,5.0,0.0005924248791562
47.0,36.0,0.5060676913413936,-2.7264950144702693,1.0000000000000002,5.0,0.0016430769199395
47.0,37.0,0.2258856598287298,-3.116113124151445,1.0,5.0,0.0007333949994439
47.0,38.0,0.4668443690999636,-2.5725489764332323,1.0,5.0,0.0015157284711037
47.0,39.0,0.378749482657561,-2.3473782411464263,1.259816339906464,5.0,0.0012297061125245
47.0,40.0,0.4158941947474432,-2.3349375642201142,1.0,5.0,0.001350305827102
47.0,41.0,0.3612956526460916,-2.261292735728008,1.0000000000000002,5.0,0.0011730378332665
47.0,42.0,0.3278081825190218,-2.230005271233159,1.63225659850034,5.0,0.0010643122809059
47.0,43.0,0.1604045456894455,-1.0903633540353808,1.0,5.0,0.0005207939795111
47.0,44.0,0.328114862946912,-2.229814297326861,1.631644911470076,5.0,0.0010653079965808
47.0,45.0,0.1146625512808392,-0.7188684980943326,1.0,5.0,0.000372281010652
47.0,46.0,0.1750859220315941,-0.7619783935889755,1.0,5.0,0.0005684607858168
47.0,47.0,0.0573312756404196,-0.0573312755211706,0.0,0.0,0.000186140505326
47.0,48.0,0.1176303448028756,-2.4758168705832944,1.0,5.0,0.0003819167039054
47.0,49.0,0.2165598759316502,-2.065541259239936,1.0,5.0,0.0007031164802975
47.0,50.0,0.2385758665179393,-2.5166942663617604,1.7660752674412277,5.0,0.000774596969214
48.0,1.0,0.442134474143509,-3.821346555359166,1.0000000000000002,5.0,0.0014355015394269
48.0,2.0,0.5880656285641233,-4.369239680675789,1.0000000000000002,5.0,0.0019093039888445
48.0,3.0,0.3778406704990059,-3.369334135930816,1.0000000000000002,5.0,0.001226755423698
48.0,4.0,0.5818762068475178,-4.369239680675789,1.0000000000000002,5.0,0.0018892084637906
48.0,5.0,0.5077656926042652,-4.678675983956991,1.0,5.0,0.0016485899110528
48.0,6.0,0.6557416671104627,-5.276390176508015,1.0,5.0,0.0021290313867222
48.0,7.0,0.4646876389733966,-5.206749987907012,0.9999999999999998,5.0,0.0015087261005629
48.0,8.0,0.4887648162674457,-5.431049296828531,0.9999999999999998,5.0,0.001586898754115
48.0,9.0,0.4648062417827822,-5.206749987907012,0.9999999999999998,5.0,0.0015091111746194
48.0,10.0,0.4801307542096856,-5.431049296828531,0.9999999999999998,5.0,0.0015588660850963
48.0,11.0,0.5918795085887142,-4.52136757852692,1.5273688606582674,5.0,0.0019216867161971
48.0,12.0,0.4130923583843786,-4.384299722222279,0.9999999999999998,5.0,0.0013412089557934
48.0,13.0,0.4289764837434767,-4.46196550228455,0.9999999999999996,5.0,0.0013927807913749
48.0,14.0,0.4896231593554556,-3.9858454651476247,0.9999999999999996,5.0,0.0015896855823229
48.0,15.0,0.3045282264701802,-2.697702973159825,1.0,5.0,0.00098872800802
48.0,16.0,0.4856741048934154,-3.9858454651476247,1.0,5.0,0.0015768639769266
48.0,17.0,0.5925282800167303,-4.521387651162876,1.5267863183552983,5.0,0.0019237931169374
48.0,18.0,0.413657222660574,-4.384299722222279,0.9999999999999996,5.0,0.0013430429307161
48.0,19.0,0.3157752830428433,-3.7867877732882897,0.9999999999999998,5.0,0.0010252444254637
48.0,20.0,0.3586318471442229,-3.3765577720469846,1.0,5.0,0.0011643891141046
48.0,21.0,0.1891273666096358,-7.935112985659026,1.0,5.0,0.0006140498915897
48.0,22.0,0.2491215006697198,-2.581558023963006,0.9999999999999998,5.0,0.0008088360411354
48.0,23.0,0.3499799018349361,-2.5269118114953315,1.0,5.0,0.0011362983825809
48.0,24.0,0.3842700732776481,-2.8647809463715688,1.1476736534753251,5.0,0.0012476301080443
48.0,25.0,0.3065026929923132,-2.713620803966593,1.3248629764769495,5.0,0.0009951386136114
48.0,26.0,0.3555847957544935,-2.3626385867245627,1.0,5.0,0.0011544960901119
48.0,27.0,0.2648681694695555,-2.4814440548851997,1.0,5.0,0.0008599615891868
48.0,28.0,0.315897591154335,-3.2685878237626813,1.0,5.0,0.0010256415297218
48.0,29.0,0.3581580023563402,-2.3517238902799877,1.0,5.0,0.0011628506570011
48.0,30.0,0.2100889582724666,-2.2728537488553435,1.0000000000000002,5.0,0.0006821070073781
48.0,31.0,0.4106872506830084,-3.5154973011133865,0.9999999999999998,5.0,0.0013334001645552
48.0,32.0,0.210799161794073,-1.981889397707876,1.0,5.0,0.0006844128629677
48.0,33.0,0.405676405073048,-3.5154973011133865,0.9999999999999998,5.0,0.0013171311853021
48.0,34.0,0.2650566965499797,-2.025108147923194,1.0,5.0,0.0008605736900973
48.0,35.0,0.1288222877264999,-2.250440201876745,1.0000000000000002,5.0,0.0004182541809301
48.0,36.0,0.4408889857360556,-2.829818632467416,1.0,5.0,0.0014314577458962
48.0,37.0,0.172241084775111,-2.227077707087933,1.0,5.0,0.0005592243012178
48.0,38.0,0.4016656634946257,-2.7085865385869177,1.0,5.0,0.0013041092970604
48.0,39.0,0.3153076885596219,-2.712835862592567,1.315480503504655,5.0,0.0010237262615572
48.0,40.0,0.3507154891421052,-2.5372790651181845,1.0000000000000002,5.0,0.0011386866530587
48.0,41.0,0.4132070940795607,-3.034885512707441,1.0,5.0,0.0013415814742842
48.0,42.0,0.2642503796303592,-2.249777906320295,1.0000000000000002,5.0,0.0008579557780206
48.0,43.0,0.2123159871229146,-2.316250394344202,1.0,5.0,0.0006893376205289
48.0,44.0,0.2645562240746581,-2.249777906320295,1.0,5.0,0.0008589487794631
48.0,45.0,0.1665739927143083,-2.2395739309965785,1.0,5.0,0.0005408246516698
48.0,46.0,0.2269973634650631,-2.0478048957035826,1.0,5.0,0.0007370044268346
48.0,47.0,0.1176303448028756,-2.486412243496982,1.0,5.0,0.0003819167039054
48.0,48.0,0.0548307664869646,-0.0548307663729167,0.0,0.0,0.0001780219691135
48.0,49.0,0.1793951803058701,-2.239109227042194,1.0,5.0,0.0005824518841099
48.0,50.0,0.1561727745883502,-2.225981628006081,1.0,5.0,0.0005070544629491
49.0,1.0,0.5459316626994538,-3.900551666456242,1.3663192674815154,5.0,0.0017725053983748
49.0,2.0,0.6921844226629711,-4.561364315823903,1.288010843254354,5.0,0.002247352021633
49.0,3.0,0.4814272624504305,-3.420276471975305,1.4161769769945023,5.0,0.0015630755274364
49.0,4.0,0.6859765793875331,-4.561424075447726,1.2906459571359998,5.0,0.0022271966863231
49.0,5.0,0.6118034538892494,-4.701261987715951,1.3264049320190898,5.0,0.0019863748502897
49.0,6.0,0.7600566301089425,-5.402197762220318,1.2620348017674765,5.0,0.0024677163315225
49.0,7.0,0.4580611975808345,-4.846036593548969,1.0,5.0,0.0014872116804572
49.0,8.0,0.4821383748748837,-5.091538136324719,1.0,5.0,0.0015653843340093
49.0,9.0,0.45817980039022,-4.846036593548969,1.0,5.0,0.0014875967545137
49.0,10.0,0.4735043128171237,-5.091538136324719,1.0,5.0,0.0015373516649906
49.0,11.0,0.583905935163349,-4.220518781156894,1.5333480417047023,5.0,0.00189579849079
49.0,12.0,0.4064659169918167,-3.96876864693686,1.0,5.0,0.0013196945356877
49.0,13.0,0.4223500423509149,-4.071524925001392,0.9999999999999998,5.0,0.0013712663712692
49.0,14.0,0.5935319628577422,-4.1135170732576265,1.3365414358290113,5.0,0.0019270518274602
49.0,15.0,0.4078600355664822,-2.69323924702969,1.4926392576117848,5.0,0.0013242208946963
49.0,16.0,0.5895680843327586,-4.113585508239031,1.3388318493326328,5.0,0.0019141820919894
49.0,17.0,0.5845546404531615,-4.220536963885411,1.532752077702404,5.0,0.0018979046767959
49.0,18.0,0.407030781268012,-3.96876864693686,0.9999999999999998,5.0,0.0013215285106104
49.0,19.0,0.3091488416502814,-3.239889781716617,1.0,5.0,0.001003730005358
49.0,20.0,0.4622211348687834,-3.3415251785481987,1.4338183342341504,5.0,0.0015007179703531
49.0,21.0,0.1838722264578632,-7.180819189911445,1.0,5.0,0.0005969877482398
49.0,22.0,0.3522766087196208,-2.4153498082915057,1.5720844600304371,5.0,0.0011437552231156
49.0,23.0,0.4533522733593344,-2.7208478591410565,1.4422624660731098,5.0,0.0014719229654523
49.0,24.0,0.48766200447278,-3.0162013422551937,1.525531031544359,5.0,0.0015833181963401
49.0,25.0,0.4067505132031944,-2.8058431567523208,1.757123007173366,5.0,0.001320618549361
49.0,26.0,0.4589707208899839,-2.588685147158486,1.4367551539844514,5.0,0.0014901646782142
49.0,27.0,0.368081717445765,-2.3806455165102287,1.5470127568637824,5.0,0.0011950705111875
49.0,28.0,0.4193665142778104,-3.139310566338817,1.4789910144644898,5.0,0.001361579591811
49.0,29.0,0.4615639717402913,-2.574707323385477,1.4342724400802145,5.0,0.0014985843238321
49.0,30.0,0.3131064009193313,-1.990249058191201,1.645418294678218,5.0,0.001016579223764
49.0,31.0,0.5143887691447276,-3.5874332894833225,1.3891197310242118,5.0,0.001670093406314
49.0,32.0,0.313760737395967,-1.805277613834522,1.6439163246595114,5.0,0.001018703692844
49.0,33.0,0.509354630564949,-3.5875733130319536,1.393017643299778,5.0,0.0016537488005355
49.0,34.0,0.3681795447931249,-2.067497051074968,1.546725897641342,5.0,0.0011953881324452
49.0,35.0,0.2207749180347871,-2.0737123373133883,1.6771545993903028,5.0,0.0007168016819311
49.0,36.0,0.544562999211983,-3.092309960047046,1.3671713484540575,5.0,0.0017680616857531
49.0,37.0,0.1669859446233384,-1.153600193411162,0.9999999999999998,5.0,0.0005421621578679
49.0,38.0,0.5052099831657181,-2.949999486021908,1.3961943175408122,5.0,0.0016402921531354
49.0,39.0,0.4156413169912165,-2.804229820348336,1.7402647674945286,5.0,0.001349484795426
49.0,40.0,0.4540891523823691,-2.7320382032599397,1.4415317781466903,5.0,0.0014743154298128
49.0,41.0,0.4065806526869988,-2.598833134934845,1.0000000000000002,5.0,0.0013200670541785
49.0,42.0,0.3659371041099467,-2.5156016792883,2.1023505459614915,5.0,0.0011881074808764
49.0,43.0,0.2056895457303527,-1.4434904822322354,1.0,5.0,0.0006678232004232
49.0,44.0,0.3662448333952461,-2.515536695215114,2.101413441395969,5.0,0.0011891066019326
49.0,45.0,0.1599475513217464,-1.086609226842033,1.0000000000000004,5.0,0.0005193102315641
49.0,46.0,0.2203709220725012,-1.2138023154677384,1.0000000000000002,5.0,0.0007154900067289
49.0,47.0,0.1110039034103138,-0.6756683400308511,1.0,5.0,0.0003604022837997
49.0,48.0,0.1629153448437829,-2.2416522153539544,1.0,5.0,0.0005289459248174
49.0,49.0,0.0522031964110783,-0.0522031963024957,0.0,0.0,0.0001694908974385
49.0,50.0,0.1509176344365776,-1.0766003905955144,1.0,5.0,0.0004899923195992
50.0,1.0,0.5684842718282705,-4.251880921130283,1.5335429214190153,5.0,0.0018457281552865
50.0,2.0,0.7167396040047658,-4.6397199516893775,1.0000000000000002,5.0,0.0023270766363791
50.0,3.0,0.5042813474647454,-3.811628835093057,1.602456798792098,5.0,0.0016372771021582
50.0,4.0,0.7105501822881604,-4.6397199516893775,1.0000000000000002,5.0,0.0023069811113251
50.0,5.0,0.6340645687113745,-5.006688421689142,1.4777571692561515,5.0,0.0020586511971148
50.0,6.0,0.7844156425511053,-5.46451601979507,1.0,5.0,0.0025468040342568
50.0,7.0,0.476271467375232,-4.891731233058514,1.0,5.0,0.0015463359330364
50.0,8.0,0.5003486446692813,-5.1363499581574725,1.0,5.0,0.0016245085865885
50.0,9.0,0.4763900701846176,-4.891731233058514,1.0,5.0,0.0015467210070929
50.0,10.0,0.4917145826115211,-5.1363499581574725,1.0,5.0,0.0015964759175698
50.0,11.0,0.6010681720347617,-4.316520327585472,1.5172355933473531,5.0,0.0019515200390739
50.0,12.0,0.4246761867862141,-4.0349224465832005,1.0,5.0,0.0013788187882669
50.0,13.0,0.4405603121453122,-4.142197962280157,1.0,5.0,0.0014303906238484
50.0,14.0,0.6182971347960983,-4.185659393763751,1.0,5.0,0.0020074582298574
50.0,15.0,0.4261307373560579,-2.818778769019544,1.471137472733794,5.0,0.0013835413550521
50.0,16.0,0.6143480803340581,-4.185659393763751,1.0,5.0,0.0019946366244612
50.0,17.0,0.6017169086457564,-4.316537024465792,1.516675437673903,5.0,0.0019536263267719
50.0,18.0,0.4252410510624094,-4.0349224465832005,1.0,5.0,0.0013806527631896
50.0,19.0,0.3273591114446788,-3.3026112333531854,1.0,5.0,0.0010628542579372
50.0,20.0,0.4804806501044839,-3.448545950382237,1.4170586080094183,5.0,0.0015600021107288
50.0,21.0,0.2020824962522606,-6.712429671370185,0.9999999999999998,5.0,0.000656112000819
50.0,22.0,0.3777954761103623,-2.467804773721701,1.0,5.0,0.00122660868867
50.0,23.0,0.4786538772755787,-2.8160807589406742,1.0,5.0,0.0015540710301155
50.0,24.0,0.5129440464348559,-3.1304768815103508,1.1106291436460718,5.0,0.0016654027481651
50.0,25.0,0.4327285605062184,-2.8149892711506226,1.226318447310274,5.0,0.0014049628587864
50.0,26.0,0.484258771195136,-2.690274292051857,1.0,5.0,0.0015722687376465
50.0,27.0,0.3863526951098552,-2.511886239740418,1.5206276322606322,5.0,0.0012543918672397
50.0,28.0,0.4376272527725194,-3.2464535142377837,1.4586398924589592,5.0,0.0014208677038068
50.0,29.0,0.4868319777969827,-2.676206096303119,0.9999999999999998,5.0,0.0015806233045356
50.0,30.0,0.3313774438917525,-2.129562537136384,1.6089962220880318,5.0,0.0010759007918563
50.0,31.0,0.5393612261236509,-3.6563735772927375,1.0,5.0,0.0017511728120897
50.0,32.0,0.3394731372347155,-1.8688080894375003,1.0,5.0,0.0011021855105023
50.0,33.0,0.5343503805136905,-3.6563735772927375,1.0,5.0,0.0017349038328366
50.0,34.0,0.3937306719906222,-2.152090092671391,1.0,5.0,0.0012783463376318
50.0,35.0,0.2391148707417548,-2.1838386592604486,1.6263148863013954,5.0,0.0007763469829277
50.0,36.0,0.5695629611766981,-3.193957626991856,1.0000000000000002,5.0,0.0018492303934308
50.0,37.0,0.1851962144177357,-1.2962749728488072,1.0,5.0,0.0006012864104471
50.0,38.0,0.5303396389352683,-3.049778762445541,1.0,5.0,0.001721881944595
50.0,39.0,0.4415239784043657,-2.8147582657026207,1.221731581278745,5.0,0.0014335194104037
50.0,40.0,0.4793894645827479,-2.827235145214016,1.0,5.0,0.0015564593005933
50.0,41.0,0.4247909224813962,-2.7293861389833745,1.0,5.0,0.0013791913067577
50.0,42.0,0.384134288832594,-2.6446735347738874,2.0492004481910127,5.0,0.0012471892494564
50.0,43.0,0.2238998155247501,-1.5816677036790991,1.0,5.0,0.0007269474530024
50.0,44.0,0.3844419118980449,-2.6446145773301346,2.04835152628514,5.0,0.001248188025643
50.0,45.0,0.1781578211161438,-1.2303438380591454,1.0,5.0,0.0005784344841433
50.0,46.0,0.2385811918668986,-1.3789588745977592,1.0,5.0,0.0007746142593081
50.0,47.0,0.1292141732047111,-0.8260772689126342,1.0,5.0,0.0004195265363789
50.0,48.0,0.1811256146381802,-2.246284212581904,1.0,5.0,0.0005880701773966
50.0,49.0,0.0703149722625492,-0.3889328746100008,1.0,5.0,0.0002282953644887
50.0,50.0,0.0351574861312746,-0.0351574860581471,0.0,0.0,0.0001141476822443
2100.0,2100.0,0.0727058712243514,-0.0727058710731234,0.0,0.0,0.0002360580234556
2100.0,2101.0,0.2252293176810388,-1.6243824273370109,1.561819481290239,5.0,0.0007312640184449
2100.0,2102.0,0.2723716685272854,-2.1830607153891672,2.014737891255652,5.0,0.0008843235991145
2100.0,2103.0,0.2252815555711459,-2.185638468251801,1.6400577428166168,5.0,0.0007314336219842
2100.0,2104.0,0.2971910339812985,-3.6980042802256943,1.0,5.0,0.0009649059544847
2100.0,2105.0,0.25914620340565,-3.6980042802256943,1.0,5.0,0.000841383777291
2101.0,2100.0,0.225079259020914,-1.6537975416089838,1.562889256110231,5.0,0.0007307768150029
2101.0,2101.0,0.0562760183471963,-0.0562760182301423,0.0,0.0,0.0001827143452831
2101.0,2102.0,0.1464494886613456,-0.837973465647553,1.0,5.0,0.0004754853527965
2101.0,2103.0,0.320278895067599,-2.288985774590236,1.7608356900352875,5.0,0.0010398665424272
2101.0,2104.0,0.2746443960106605,-1.8198999090039776,1.0,5.0,0.0008917025844501
2101.0,2105.0,0.2365995654350121,-1.8198999090039776,1.0,5.0,0.0007681804072565
2102.0,2100.0,0.2722292414065627,-1.925680947057448,1.4637828204211794,5.0,0.0008838611733979
2102.0,2101.0,0.1464494886613456,-0.8284809689520537,1.0,5.0,0.0004754853527965
2102.0,2102.0,0.0732247443306728,-0.0732247441783655,0.0,0.0,0.0002377426763982
2102.0,2103.0,0.3663660191507463,-2.603320893529776,1.669843636262521,5.0,0.0011895000621777
2102.0,2104.0,0.2254777391317689,-1.4519407850992396,1.0,5.0,0.0007320705815966
2102.0,2105.0,0.1874329085561205,-1.4519407850992396,1.0,5.0,0.0006085484044029
2103.0,2100.0,0.2250130175374659,-2.090009344601617,1.6417396750260873,5.0,0.0007305617452515
2103.0,2101.0,0.2988618343060968,-1.9970776925053944,1.0,5.0,0.0009703306308639
2103.0,2102.0,0.3466859433182359,-2.545543238850608,1.4303673323626205,5.0,0.0011256037120721
2103.0,2103.0,0.0865668726365534,-0.0865668724564945,0.0,0.0,0.000281061274794
2103.0,2104.0,0.4037563589134045,-3.2760596325189275,1.6167118059424053,5.0,0.0013108972691993
2103.0,2105.0,0.3658937561255344,-3.2737998759939444,1.681235184027071,5.0,0.0011879667406673
2104.0,2100.0,0.2971910339812985,-3.698414802186682,0.9999999999999998,5.0,0.0009649059544847
2104.0,2101.0,0.2746443960106605,-1.8212587690197035,1.0000000000000002,5.0,0.0008917025844501
2104.0,2102.0,0.2254777391317689,-1.4622112083474117,1.0,5.0,0.0007320705815966
2104.0,2103.0,0.4009388385495591,-3.3912528070631245,1.6264293676742825,5.0,0.0013017494758102
2104.0,2104.0,0.0796610323644827,-0.0796610321987879,0.0,0.0,0.000258639715469
2104.0,2105.0,0.3085816177446678,-2.5502472345838147,1.7993128768619862,5.0,0.0010018883693008
2105.0,2100.0,0.2591462034056501,-3.7286142996824743,0.9999999999999998,5.0,0.000841383777291
2105.0,2101.0,0.2365995654350121,-1.5379074224397755,1.0,5.0,0.0007681804072565
2105.0,2102.0,0.1874329085561205,-1.1671091014809996,1.0,5.0,0.0006085484044029
2105.0,2103.0,0.3647878468094826,-3.1942404740013424,1.690184463435739,5.0,0.0011843761260048
2105.0,2104.0,0.3085816177446678,-2.314814022498019,1.799312876861986,5.0,0.0010018883693008
2105.0,2105.0,0.0606386170766585,-0.0606386169505303,0.0,0.0,0.0001968786268722
